Feedback_ID,Transaccion_ID,Rating_Producto,Rating_Logistica,Comentario_Texto,Recomienda_Marca,Ticket_Soporte_Abierto,Edad_Cliente,Satisfaccion_NPS,Feedback_ID_Original
FB-8000,TRX-17461,3.0,4.0,,,1,50,-17.5,FB-8000
FB-8001,TRX-17755,4.0,5.0,,Maybe,1,59,-41.7,FB-8001
FB-8002,TRX-10534,3.0,4.0,No volvería,Maybe,0,84,-36.4,FB-8002
FB-8003,TRX-12569,2.0,3.0,,,1,20,7.4,FB-8003
FB-8004,TRX-19159,4.0,2.0,Dañado,Sí,0,83,61.0,FB-8004
FB-8005,TRX-16051,5.0,3.0,,Sí,1,77,95.0,FB-8005
FB-8006,TRX-11945,1.0,1.0,Precio justo,,1,46,63.4,FB-8006
FB-8007,TRX-19856,3.0,4.0,Precio justo,,0,24,-22.0,FB-8007
FB-8008,TRX-16694,1.0,4.0,Lento,No,0,21,75.1,FB-8008
FB-8009,TRX-11807,1.0,4.0,No volvería,No,0,67,64.8,FB-8009
FB-8010,TRX-11980,1.0,5.0,No volvería,No,1,38,82.4,FB-8010
FB-8011,TRX-16055,5.0,5.0,,,1,26,-86.9,FB-8011
FB-8012,TRX-19367,2.0,3.0,,Maybe,1,77,-29.3,FB-8012
FB-8013,TRX-14744,4.0,2.0,Lento,,0,29,-90.7,FB-8013
FB-8014,TRX-10659,5.0,1.0,No volvería,,0,73,-35.7,FB-8014
FB-8015,TRX-18565,2.0,2.0,No volvería,,0,22,-43.9,FB-8015
FB-8016,TRX-12511,3.0,2.0,,,1,80,82.1,FB-8016
FB-8017,TRX-11929,4.0,1.0,Precio justo,Sí,1,44,89.0,FB-8017
FB-8018,TRX-16086,2.0,5.0,Excelente,,0,66,39.0,FB-8018
FB-8019,TRX-14995,3.0,4.0,Dañado,Sí,0,37,-43.4,FB-8019
FB-8020,TRX-16135,4.0,5.0,Dañado,,1,46,-98.6,FB-8020
FB-8021,TRX-14968,3.0,4.0,Excelente,Maybe,0,53,34.1,FB-8021
FB-8022,TRX-14816,5.0,4.0,Dañado,Maybe,1,25,-0.1,FB-8022
FB-8023,TRX-17961,3.0,5.0,Excelente,Sí,0,47,-58.5,FB-8023
FB-8024,TRX-10458,1.0,2.0,No volvería,No,0,78,-64.8,FB-8024
FB-8025,TRX-12340,5.0,4.0,Lento,No,1,18,12.0,FB-8025
FB-8026,TRX-12328,3.0,5.0,,No,1,52,-73.9,FB-8026
FB-8027,TRX-19660,5.0,2.0,No volvería,No,0,63,9.8,FB-8027
FB-8028,TRX-16910,4.0,1.0,,No,0,35,83.2,FB-8028
FB-8029,TRX-10797,1.0,4.0,Lento,No,0,72,58.3,FB-8029
FB-8030,TRX-14999,1.0,2.0,,,1,48,88.3,FB-8030
FB-8031,TRX-14644,3.0,4.0,Excelente,Sí,1,81,-50.3,FB-8031
FB-8032,TRX-13532,4.0,2.0,,,1,37,90.4,FB-8032
FB-8033,TRX-12999,5.0,1.0,No volvería,Maybe,0,46,-5.0,FB-8033
FB-8034,TRX-18008,3.0,4.0,,Sí,1,60,26.1,FB-8034
FB-8035,TRX-10034,2.0,5.0,Excelente,Sí,0,72,-41.2,FB-8035
FB-8036,TRX-12004,3.0,2.0,,Maybe,1,47,98.8,FB-8036
FB-8037,TRX-18970,2.0,1.0,,No,0,50,-12.4,FB-8037
FB-8038,TRX-15712,1.0,4.0,,No,1,35,-62.5,FB-8038
FB-8039,TRX-11106,3.0,1.0,Precio justo,Maybe,1,66,14.8,FB-8039
FB-8040,TRX-10732,3.0,1.0,,,0,70,-48.9,FB-8040
FB-8041,TRX-16841,1.0,4.0,,,1,68,-12.8,FB-8041
FB-8042,TRX-17883,5.0,4.0,,Sí,1,27,-58.4,FB-8042
FB-8043,TRX-19389,3.0,2.0,Excelente,,1,82,-22.6,FB-8043
FB-8044,TRX-15074,4.0,5.0,,,1,45,-81.5,FB-8044
FB-8045,TRX-19269,1.0,1.0,No volvería,,0,35,-43.0,FB-8045
FB-8046,TRX-17411,5.0,4.0,Lento,Maybe,1,78,-50.2,FB-8046
FB-8047,TRX-15534,1.0,1.0,Precio justo,Sí,1,26,89.5,FB-8047
FB-8048,TRX-16181,1.0,2.0,No volvería,Maybe,0,77,18.5,FB-8048
FB-8049,TRX-17786,5.0,2.0,No volvería,,0,43,-94.7,FB-8049
FB-8050,TRX-19923,5.0,2.0,No volvería,Maybe,1,60,82.7,FB-8050
FB-8051,TRX-12175,5.0,5.0,,Sí,1,50,28.9,FB-8051
FB-8052,TRX-12269,4.0,3.0,Precio justo,No,1,37,-32.6,FB-8052
FB-8053,TRX-18270,2.0,3.0,No volvería,Sí,0,33,-26.7,FB-8053
FB-8054,TRX-17551,1.0,3.0,,,0,49,-93.7,FB-8054
FB-8055,TRX-17371,3.0,5.0,Lento,,0,28,94.9,FB-8055
FB-8056,TRX-17357,2.0,5.0,,Sí,0,79,72.1,FB-8056
FB-8057,TRX-12440,3.0,1.0,No volvería,No,0,43,-86.9,FB-8057
FB-8058,TRX-15328,3.0,1.0,Dañado,No,1,18,36.3,FB-8058
FB-8059,TRX-11463,3.0,2.0,Excelente,No,0,29,-10.2,FB-8059
FB-8060,TRX-16711,4.0,5.0,,Sí,1,74,61.7,FB-8060
FB-8061,TRX-16344,4.0,3.0,Dañado,,0,67,24.7,FB-8061
FB-8062,TRX-13814,2.0,3.0,,,0,36,-17.4,FB-8062
FB-8063,TRX-16478,5.0,1.0,Lento,,0,22,-12.7,FB-8063
FB-8064,TRX-15554,4.0,2.0,Lento,Maybe,0,48,30.3,FB-8064
FB-8065,TRX-18863,1.0,2.0,Excelente,,1,39,30.9,FB-8065
FB-8066,TRX-10750,2.0,4.0,Lento,No,1,83,11.5,FB-8066
FB-8067,TRX-17259,1.0,5.0,Lento,Maybe,1,21,76.8,FB-8067
FB-8068,TRX-14544,3.0,3.0,No volvería,Sí,1,47,55.9,FB-8068
FB-8069,TRX-11450,1.0,3.0,Excelente,No,0,40,-76.3,FB-8069
FB-8070,TRX-12713,4.0,1.0,,Sí,0,75,74.4,FB-8070
FB-8071,TRX-10406,1.0,1.0,Dañado,,0,38,-59.6,FB-8071
FB-8072,TRX-19371,3.0,5.0,No volvería,Maybe,0,71,90.1,FB-8072
FB-8073,TRX-15060,3.0,1.0,No volvería,Sí,1,76,61.5,FB-8073
FB-8074,TRX-19192,4.0,1.0,Dañado,No,0,24,81.8,FB-8074
FB-8075,TRX-12028,2.0,3.0,Lento,No,1,63,35.3,FB-8075
FB-8076,TRX-19164,5.0,5.0,Precio justo,Sí,0,80,30.3,FB-8076
FB-8077,TRX-11395,2.0,3.0,,,0,56,-50.2,FB-8077
FB-8078,TRX-13152,5.0,3.0,,Maybe,0,84,25.2,FB-8078
FB-8079,TRX-18877,4.0,1.0,,,0,84,-16.0,FB-8079
FB-8080,TRX-19451,4.0,3.0,Precio justo,,1,58,-69.3,FB-8080
FB-8081,TRX-10866,4.0,5.0,,,1,49,-28.0,FB-8081
FB-8082,TRX-19342,3.0,1.0,,Sí,0,53,32.4,FB-8082
FB-8083,TRX-18548,2.0,5.0,Lento,,0,20,75.1,FB-8083
FB-8084,TRX-13103,5.0,2.0,,Sí,1,73,-12.4,FB-8084
FB-8085,TRX-17796,2.0,5.0,No volvería,No,1,30,-42.0,FB-8085
FB-8086,TRX-18235,5.0,5.0,Dañado,No,0,66,-67.8,FB-8086
FB-8087,TRX-10305,1.0,4.0,Precio justo,No,1,84,-19.4,FB-8087
FB-8088,TRX-11970,2.0,5.0,No volvería,Sí,0,64,-43.1,FB-8088
FB-8089,TRX-18713,1.0,3.0,Precio justo,Sí,1,41,-10.6,FB-8089
FB-8090,TRX-12944,4.0,3.0,Dañado,Maybe,1,57,-79.9,FB-8090
FB-8091,TRX-10310,3.0,1.0,No volvería,,0,41,47.1,FB-8091
FB-8092,TRX-14504,3.0,2.0,,Sí,1,74,-99.1,FB-8092
FB-8093,TRX-13371,2.0,1.0,,Sí,0,41,39.9,FB-8093
FB-8094,TRX-14018,1.0,5.0,Excelente,,1,80,-38.7,FB-8094
FB-8095,TRX-19495,1.0,5.0,No volvería,Maybe,0,36,-28.2,FB-8095
FB-8096,TRX-17278,5.0,3.0,Excelente,,0,79,-65.8,FB-8096
FB-8097,TRX-11386,2.0,5.0,Lento,,1,47,93.6,FB-8097
FB-8098,TRX-18741,2.0,5.0,Dañado,No,0,82,-89.4,FB-8098
FB-8099,TRX-19942,1.0,3.0,Precio justo,No,1,19,-43.4,FB-8099
FB-8100,TRX-15249,1.0,2.0,Lento,,0,23,-70.6,FB-8100
FB-8101,TRX-16583,3.0,5.0,Lento,Maybe,1,81,-3.5,FB-8101
FB-8102,TRX-19648,2.0,4.0,,Maybe,0,27,12.0,FB-8102
FB-8103,TRX-10737,3.0,2.0,,Maybe,1,41,-60.7,FB-8103
FB-8104,TRX-18052,4.0,2.0,No volvería,Sí,1,20,31.1,FB-8104
FB-8105,TRX-10381,4.0,3.0,No volvería,No,1,64,10.5,FB-8105
FB-8106,TRX-15569,1.0,1.0,,Maybe,1,64,68.4,FB-8106
FB-8107,TRX-17160,5.0,5.0,,Sí,1,73,81.3,FB-8107
FB-8108,TRX-12957,1.0,5.0,Excelente,,1,70,38.9,FB-8108
FB-8109,TRX-16798,2.0,1.0,Excelente,,1,67,26.1,FB-8109
FB-8110,TRX-10394,1.0,5.0,Lento,,1,33,21.1,FB-8110
FB-8111,TRX-18649,3.0,4.0,Lento,No,1,21,-66.6,FB-8111
FB-8112,TRX-15199,1.0,1.0,No volvería,Sí,1,28,76.6,FB-8112
FB-8113,TRX-16258,3.0,3.0,No volvería,,0,41,-28.0,FB-8113
FB-8114,TRX-14213,4.0,1.0,,Maybe,0,48,38.3,FB-8114
FB-8115,TRX-11491,3.0,2.0,,Maybe,1,67,-11.9,FB-8115
FB-8116,TRX-11878,2.0,3.0,Precio justo,Maybe,0,49,80.6,FB-8116
FB-8117,TRX-11627,1.0,2.0,Dañado,Maybe,0,76,-18.5,FB-8117
FB-8118,TRX-18876,2.0,3.0,Precio justo,,1,29,12.0,FB-8118
FB-8119,TRX-12755,3.0,1.0,Dañado,Maybe,0,34,-62.5,FB-8119
FB-8120,TRX-14675,3.0,2.0,Lento,Maybe,0,19,10.8,FB-8120
FB-8121,TRX-12359,3.0,3.0,No volvería,,0,56,-59.5,FB-8121
FB-8122,TRX-12992,3.0,5.0,Precio justo,Sí,1,67,58.9,FB-8122
FB-8123,TRX-14187,3.0,2.0,,,0,68,-26.5,FB-8123
FB-8124,TRX-11468,1.0,4.0,Dañado,No,0,48,-15.1,FB-8124
FB-8125,TRX-12526,5.0,3.0,,No,0,42,28.1,FB-8125
FB-8126,TRX-15026,2.0,5.0,,,1,74,-82.8,FB-8126
FB-8127,TRX-16672,4.0,5.0,,No,0,45,-37.0,FB-8127
FB-8128,TRX-12772,4.0,1.0,Excelente,Sí,1,62,86.7,FB-8128
FB-8129,TRX-10965,2.0,1.0,Dañado,Sí,0,43,72.4,FB-8129
FB-8130,TRX-15329,1.0,2.0,Dañado,Maybe,0,46,-53.8,FB-8130
FB-8131,TRX-12973,2.0,2.0,,No,0,72,2.6,FB-8131
FB-8132,TRX-10445,3.0,4.0,No volvería,Sí,0,57,16.7,FB-8132
FB-8133,TRX-10958,5.0,5.0,Precio justo,Sí,0,22,-39.7,FB-8133
FB-8134,TRX-14882,2.0,3.0,Lento,No,0,75,-30.5,FB-8134
FB-8135,TRX-16388,1.0,4.0,Precio justo,,1,78,95.6,FB-8135
FB-8136,TRX-11617,3.0,4.0,Lento,Sí,0,39,-72.3,FB-8136
FB-8137,TRX-15243,2.0,4.0,,Maybe,1,54,82.3,FB-8137
FB-8138,TRX-12334,2.0,3.0,,No,0,48,-29.2,FB-8138
FB-8139,TRX-16763,3.0,4.0,Excelente,Maybe,1,31,-52.2,FB-8139
FB-8140,TRX-15311,1.0,1.0,,Sí,0,51,-47.9,FB-8140
FB-8141,TRX-14225,5.0,1.0,,Sí,0,70,-43.3,FB-8141
FB-8142,TRX-16152,5.0,1.0,No volvería,Sí,0,38,-42.6,FB-8142
FB-8143,TRX-11981,3.0,4.0,Dañado,No,1,54,-49.2,FB-8143
FB-8144,TRX-10849,4.0,4.0,,Sí,1,41,68.5,FB-8144
FB-8145,TRX-13318,1.0,5.0,Precio justo,,0,81,-46.4,FB-8145
FB-8146,TRX-13925,4.0,2.0,Precio justo,No,0,34,72.4,FB-8146
FB-8147,TRX-19781,4.0,5.0,Lento,,1,63,93.9,FB-8147
FB-8148,TRX-19601,4.0,1.0,,Sí,0,48,-44.2,FB-8148
FB-8149,TRX-13874,1.0,2.0,Precio justo,Maybe,0,67,13.0,FB-8149
FB-8150,TRX-18076,3.0,5.0,,Maybe,0,67,-8.8,FB-8150
FB-8151,TRX-18333,4.0,3.0,Dañado,No,1,60,69.3,FB-8151
FB-8152,TRX-18264,3.0,3.0,Lento,Sí,0,34,-38.3,FB-8152
FB-8153,TRX-16308,2.0,3.0,Dañado,No,0,36,53.0,FB-8153
FB-8154,TRX-11885,3.0,1.0,,Sí,0,67,-4.9,FB-8154
FB-8155,TRX-14412,2.0,2.0,,,0,79,26.2,FB-8155
FB-8156,TRX-10993,5.0,1.0,Lento,,0,44,15.3,FB-8156
FB-8157,TRX-15215,4.0,3.0,Dañado,No,0,57,-87.5,FB-8157
FB-8158,TRX-17615,5.0,4.0,Lento,,0,54,17.7,FB-8158
FB-8159,TRX-19062,5.0,1.0,No volvería,Maybe,0,33,65.5,FB-8159
FB-8160,TRX-16669,1.0,2.0,Precio justo,No,0,43,-42.3,FB-8160
FB-8161,TRX-11072,4.0,1.0,Dañado,,1,76,-19.5,FB-8161
FB-8162,TRX-17932,5.0,2.0,,Sí,1,82,-59.0,FB-8162
FB-8163,TRX-10473,2.0,4.0,Excelente,No,0,50,-58.1,FB-8163
FB-8164,TRX-16676,2.0,5.0,,Maybe,0,51,-38.6,FB-8164
FB-8165,TRX-13829,1.0,2.0,No volvería,Sí,0,77,50.7,FB-8165
FB-8166,TRX-10305,5.0,2.0,No volvería,Maybe,0,68,-3.7,FB-8166
FB-8167,TRX-14409,5.0,3.0,,Sí,1,81,38.2,FB-8167
FB-8168,TRX-19077,5.0,3.0,Dañado,Sí,0,38,87.1,FB-8168
FB-8169,TRX-19603,1.0,4.0,Dañado,Maybe,1,24,46.1,FB-8169
FB-8170,TRX-11663,4.0,1.0,,Sí,1,82,-25.4,FB-8170
FB-8171,TRX-14035,5.0,5.0,Excelente,No,1,82,2.1,FB-8171
FB-8172,TRX-19088,5.0,5.0,,,0,81,-44.3,FB-8172
FB-8173,TRX-12057,3.0,4.0,Dañado,Sí,0,35,-86.9,FB-8173
FB-8174,TRX-14990,2.0,5.0,,No,1,78,33.2,FB-8174
FB-8175,TRX-19310,4.0,1.0,Excelente,Sí,0,33,32.4,FB-8175
FB-8176,TRX-16664,4.0,3.0,Dañado,Maybe,1,82,71.2,FB-8176
FB-8177,TRX-17306,4.0,4.0,Excelente,No,1,78,-68.1,FB-8177
FB-8178,TRX-11374,5.0,5.0,Lento,Sí,1,81,76.9,FB-8178
FB-8179,TRX-18199,3.0,4.0,Precio justo,Maybe,1,47,58.9,FB-8179
FB-8180,TRX-13333,4.0,4.0,Precio justo,Sí,0,27,-78.5,FB-8180
FB-8181,TRX-12332,1.0,2.0,Dañado,No,1,46,96.5,FB-8181
FB-8182,TRX-16116,1.0,2.0,Dañado,No,0,39,-92.2,FB-8182
FB-8183,TRX-18854,2.0,4.0,,,0,31,59.0,FB-8183
FB-8184,TRX-12755,3.0,2.0,Precio justo,Sí,1,23,-14.3,FB-8184
FB-8185,TRX-14016,4.0,5.0,,No,0,61,73.1,FB-8185
FB-8186,TRX-18806,3.0,4.0,Precio justo,Maybe,1,80,45.7,FB-8186
FB-8187,TRX-16942,1.0,2.0,Excelente,No,1,67,-87.9,FB-8187
FB-8188,TRX-19095,4.0,5.0,Excelente,Sí,1,78,-52.0,FB-8188
FB-8189,TRX-17401,5.0,3.0,Lento,No,0,37,90.5,FB-8189
FB-8190,TRX-10684,1.0,3.0,,No,1,83,-70.6,FB-8190
FB-8191,TRX-10016,2.0,4.0,Lento,,1,32,-86.3,FB-8191
FB-8192,TRX-17612,4.0,1.0,Excelente,No,1,55,-69.1,FB-8192
FB-8193,TRX-14739,2.0,5.0,Lento,Sí,1,22,44.1,FB-8193
FB-8194,TRX-12742,3.0,4.0,No volvería,Sí,1,32,-92.1,FB-8194
FB-8195,TRX-10008,2.0,2.0,,No,0,28,-13.4,FB-8195
FB-8196,TRX-10985,2.0,3.0,,No,0,68,-81.7,FB-8196
FB-8197,TRX-17900,5.0,2.0,,No,0,50,37.4,FB-8197
FB-8198,TRX-14477,2.0,5.0,Excelente,Maybe,1,53,-49.4,FB-8198
FB-8199,TRX-19795,5.0,4.0,Lento,Sí,0,58,36.9,FB-8199
FB-8200,TRX-14110,2.0,3.0,Lento,Sí,1,50,-64.9,FB-8200
FB-8201,TRX-16228,5.0,5.0,Dañado,Sí,0,52,-20.8,FB-8201
FB-8202,TRX-15757,1.0,3.0,Dañado,Sí,0,74,85.1,FB-8202
FB-8203,TRX-13485,5.0,3.0,Dañado,Maybe,0,81,-23.2,FB-8203
FB-8204,TRX-19587,1.0,4.0,Precio justo,Sí,0,50,-77.2,FB-8204
FB-8205,TRX-18361,1.0,4.0,,,1,50,-26.0,FB-8205
FB-8206,TRX-14609,4.0,1.0,Precio justo,No,0,35,-9.1,FB-8206
FB-8207,TRX-10745,1.0,1.0,Precio justo,Sí,1,28,-8.3,FB-8207
FB-8208,TRX-12644,4.0,1.0,Excelente,No,0,79,41.8,FB-8208
FB-8209,TRX-18750,5.0,1.0,Dañado,Sí,0,64,-75.1,FB-8209
FB-8210,TRX-19225,3.0,2.0,Dañado,Maybe,1,78,-7.7,FB-8210
FB-8211,TRX-11145,4.0,1.0,Excelente,Maybe,0,73,-49.2,FB-8211
FB-8212,TRX-14925,3.0,2.0,Precio justo,,1,41,-11.1,FB-8212
FB-8213,TRX-11469,5.0,3.0,,Maybe,0,82,-65.4,FB-8213
FB-8214,TRX-16476,4.0,2.0,Lento,Maybe,1,23,-52.9,FB-8214
FB-8215,TRX-12014,5.0,3.0,No volvería,Maybe,1,43,10.6,FB-8215
FB-8216,TRX-12288,3.0,1.0,Dañado,Sí,0,82,-39.7,FB-8216
FB-8217,TRX-19117,5.0,2.0,Precio justo,No,0,71,-68.1,FB-8217
FB-8218,TRX-14578,3.0,3.0,Lento,,0,79,23.9,FB-8218
FB-8219,TRX-17077,1.0,1.0,Dañado,No,0,29,67.3,FB-8219
FB-8220,TRX-13454,3.0,3.0,Dañado,,1,41,64.3,FB-8220
FB-8221,TRX-18270,3.0,4.0,No volvería,,0,56,66.8,FB-8221
FB-8222,TRX-15215,1.0,3.0,Precio justo,Sí,1,39,-96.6,FB-8222
FB-8223,TRX-15613,4.0,1.0,,No,1,65,37.2,FB-8223
FB-8224,TRX-14282,2.0,5.0,Excelente,No,1,21,99.8,FB-8224
FB-8225,TRX-17417,4.0,4.0,Lento,No,1,46,45.3,FB-8225
FB-8226,TRX-14473,2.0,2.0,,,1,23,-46.8,FB-8226
FB-8227,TRX-14029,1.0,4.0,,,0,64,12.8,FB-8227
FB-8228,TRX-15269,4.0,1.0,Lento,,1,72,-4.4,FB-8228
FB-8229,TRX-15597,5.0,3.0,Precio justo,Sí,1,72,-8.2,FB-8229
FB-8230,TRX-13450,5.0,5.0,Lento,,0,66,44.5,FB-8230
FB-8231,TRX-17533,4.0,1.0,,Sí,0,42,-74.6,FB-8231
FB-8232,TRX-19822,5.0,3.0,,No,1,62,-76.1,FB-8232
FB-8233,TRX-15381,1.0,1.0,Excelente,Sí,0,25,1.3,FB-8233
FB-8234,TRX-10260,5.0,5.0,,Maybe,0,28,94.8,FB-8234
FB-8235,TRX-12190,5.0,3.0,,Maybe,0,18,-87.7,FB-8235
FB-8236,TRX-10033,2.0,5.0,Lento,No,1,45,-25.9,FB-8236
FB-8237,TRX-19974,2.0,3.0,Precio justo,Maybe,0,26,1.8,FB-8237
FB-8238,TRX-17807,3.0,4.0,Excelente,,1,66,-99.7,FB-8238
FB-8239,TRX-10070,1.0,1.0,No volvería,Maybe,0,83,-41.1,FB-8239
FB-8240,TRX-10156,5.0,2.0,,Sí,1,39,-77.8,FB-8240
FB-8241,TRX-12843,1.0,2.0,Precio justo,,1,56,41.1,FB-8241
FB-8242,TRX-16769,1.0,1.0,,Maybe,1,40,-12.2,FB-8242
FB-8243,TRX-19106,2.0,2.0,No volvería,No,1,78,24.5,FB-8243
FB-8244,TRX-18011,5.0,5.0,Lento,Maybe,1,84,20.5,FB-8244
FB-8245,TRX-16435,3.0,2.0,,,1,60,-28.4,FB-8245
FB-8246,TRX-18816,4.0,1.0,Excelente,Maybe,1,62,-92.9,FB-8246
FB-8247,TRX-11329,3.0,4.0,,Maybe,0,58,-46.5,FB-8247
FB-8248,TRX-11270,2.0,1.0,Lento,Sí,1,36,-3.8,FB-8248
FB-8249,TRX-18825,3.0,1.0,Precio justo,Sí,1,61,-59.5,FB-8249
FB-8250,TRX-10507,2.0,3.0,No volvería,Sí,0,43,87.5,FB-8250
FB-8251,TRX-17293,2.0,2.0,No volvería,Maybe,0,33,-17.3,FB-8251
FB-8252,TRX-12022,1.0,2.0,Lento,Sí,1,39,-29.6,FB-8252
FB-8253,TRX-15783,5.0,3.0,Precio justo,Sí,0,23,-78.5,FB-8253
FB-8254,TRX-16166,4.0,5.0,,Sí,0,54,-44.8,FB-8254
FB-8255,TRX-19851,2.0,5.0,,No,1,41,15.7,FB-8255
FB-8256,TRX-15864,2.0,3.0,Lento,,0,57,63.9,FB-8256
FB-8257,TRX-16336,1.0,2.0,,No,0,27,54.7,FB-8257
FB-8258,TRX-12903,4.0,5.0,Dañado,Maybe,1,48,37.0,FB-8258
FB-8259,TRX-10138,2.0,5.0,Precio justo,Maybe,0,68,86.5,FB-8259
FB-8260,TRX-12044,5.0,4.0,Precio justo,Sí,1,71,-51.4,FB-8260
FB-8261,TRX-17580,5.0,5.0,Excelente,,1,70,-53.1,FB-8261
FB-8262,TRX-16069,1.0,2.0,Dañado,No,1,37,-90.7,FB-8262
FB-8263,TRX-13161,2.0,4.0,,,0,48,40.7,FB-8263
FB-8264,TRX-17283,4.0,4.0,No volvería,Maybe,0,33,60.2,FB-8264
FB-8265,TRX-10153,1.0,2.0,Lento,Maybe,0,60,-48.1,FB-8265
FB-8266,TRX-13629,1.0,3.0,No volvería,Sí,1,28,58.1,FB-8266
FB-8267,TRX-10324,3.0,1.0,Precio justo,No,0,65,41.8,FB-8267
FB-8268,TRX-14606,1.0,5.0,,No,0,57,8.2,FB-8268
FB-8269,TRX-15862,3.0,3.0,Lento,,0,36,10.7,FB-8269
FB-8270,TRX-13137,3.0,1.0,,,0,82,41.0,FB-8270
FB-8271,TRX-11474,2.0,2.0,No volvería,Maybe,0,75,99.6,FB-8271
FB-8272,TRX-14967,5.0,5.0,Lento,Sí,0,44,-36.2,FB-8272
FB-8273,TRX-13623,4.0,3.0,No volvería,Maybe,0,58,-85.5,FB-8273
FB-8274,TRX-13838,1.0,1.0,Lento,,0,31,39.9,FB-8274
FB-8275,TRX-18090,2.0,2.0,No volvería,Sí,0,52,-94.2,FB-8275
FB-8276,TRX-15947,4.0,4.0,No volvería,,1,19,79.0,FB-8276
FB-8277,TRX-10602,1.0,4.0,Lento,No,1,30,94.5,FB-8277
FB-8278,TRX-14599,5.0,4.0,Excelente,,0,53,45.3,FB-8278
FB-8279,TRX-18074,5.0,2.0,Lento,Maybe,0,59,-31.4,FB-8279
FB-8280,TRX-19929,3.0,1.0,,Sí,1,41,-54.9,FB-8280
FB-8281,TRX-13425,3.0,2.0,No volvería,Sí,1,32,-78.0,FB-8281
FB-8282,TRX-10116,4.0,4.0,Dañado,Sí,0,24,-98.8,FB-8282
FB-8283,TRX-13212,1.0,2.0,Precio justo,Maybe,0,20,-13.9,FB-8283
FB-8284,TRX-16489,3.0,5.0,Excelente,Maybe,0,37,29.4,FB-8284
FB-8285,TRX-11817,2.0,1.0,,Maybe,1,60,-24.7,FB-8285
FB-8286,TRX-14544,3.0,5.0,Lento,No,0,43,-12.4,FB-8286
FB-8287,TRX-19324,4.0,4.0,Precio justo,Sí,1,62,37.0,FB-8287
FB-8288,TRX-18197,2.0,1.0,,Sí,0,45,-18.2,FB-8288
FB-8289,TRX-18093,5.0,5.0,Excelente,Sí,1,62,54.7,FB-8289
FB-8290,TRX-12793,2.0,2.0,Dañado,Sí,1,77,28.5,FB-8290
FB-8291,TRX-19040,4.0,3.0,,No,1,57,34.3,FB-8291
FB-8292,TRX-13174,5.0,2.0,Precio justo,Sí,1,26,23.9,FB-8292
FB-8293,TRX-19268,1.0,4.0,,No,1,57,-76.1,FB-8293
FB-8294,TRX-19879,4.0,3.0,Lento,,1,31,36.8,FB-8294
FB-8295,TRX-19259,3.0,1.0,Dañado,Maybe,0,27,18.4,FB-8295
FB-8296,TRX-12875,4.0,3.0,Lento,Maybe,1,65,14.9,FB-8296
FB-8297,TRX-11070,4.0,1.0,,Sí,1,32,19.7,FB-8297
FB-8298,TRX-19636,4.0,5.0,Precio justo,Maybe,0,62,97.4,FB-8298
FB-8299,TRX-12101,5.0,5.0,Lento,Sí,0,75,-12.8,FB-8299
FB-8300,TRX-11065,3.0,5.0,,No,1,36,-78.8,FB-8300
FB-8301,TRX-12087,4.0,5.0,Dañado,Maybe,0,65,2.6,FB-8301
FB-8302,TRX-14253,1.0,5.0,,Maybe,1,45,-70.0,FB-8302
FB-8303,TRX-19337,4.0,3.0,Dañado,No,1,61,61.3,FB-8303
FB-8304,TRX-13734,3.0,1.0,Precio justo,No,1,39,-50.1,FB-8304
FB-8305,TRX-18570,2.0,5.0,Precio justo,,1,57,99.1,FB-8305
FB-8306,TRX-14494,5.0,5.0,No volvería,No,1,61,-64.5,FB-8306
FB-8307,TRX-13143,3.0,1.0,Dañado,Sí,1,48,-24.4,FB-8307
FB-8308,TRX-10378,1.0,3.0,,Sí,1,22,-70.8,FB-8308
FB-8309,TRX-18731,4.0,5.0,No volvería,Maybe,1,46,-16.2,FB-8309
FB-8310,TRX-14143,5.0,3.0,Lento,Maybe,0,83,-3.2,FB-8310
FB-8311,TRX-19176,5.0,5.0,Precio justo,No,1,31,48.7,FB-8311
FB-8312,TRX-17437,5.0,3.0,,Sí,1,76,-99.7,FB-8312
FB-8313,TRX-10032,3.0,4.0,Excelente,No,1,70,-53.8,FB-8313
FB-8314,TRX-16997,2.0,5.0,,No,1,46,-46.0,FB-8314
FB-8315,TRX-10849,2.0,5.0,Lento,Sí,0,21,20.1,FB-8315
FB-8316,TRX-15292,1.0,2.0,No volvería,Maybe,0,49,-44.6,FB-8316
FB-8317,TRX-17086,3.0,2.0,Dañado,Maybe,1,66,-2.6,FB-8317
FB-8318,TRX-16666,3.0,3.0,Precio justo,Maybe,0,55,-2.4,FB-8318
FB-8319,TRX-14489,3.0,2.0,Precio justo,Maybe,0,46,62.1,FB-8319
FB-8320,TRX-11994,4.0,3.0,,,0,18,75.2,FB-8320
FB-8321,TRX-18491,3.0,5.0,,,0,20,95.4,FB-8321
FB-8322,TRX-17644,3.0,5.0,Lento,Maybe,1,59,68.2,FB-8322
FB-8323,TRX-18119,5.0,4.0,,Sí,0,49,75.6,FB-8323
FB-8324,TRX-15922,5.0,4.0,Lento,Sí,1,40,94.2,FB-8324
FB-8325,TRX-18474,5.0,2.0,Precio justo,No,0,43,65.5,FB-8325
FB-8326,TRX-10712,3.0,5.0,No volvería,,1,55,-59.1,FB-8326
FB-8327,TRX-13678,3.0,3.0,Dañado,Maybe,0,39,58.5,FB-8327
FB-8328,TRX-10769,5.0,2.0,Precio justo,Maybe,0,29,41.9,FB-8328
FB-8329,TRX-14553,1.0,4.0,Precio justo,Sí,0,80,11.2,FB-8329
FB-8330,TRX-16882,1.0,1.0,Lento,No,0,33,-65.1,FB-8330
FB-8331,TRX-18723,2.0,3.0,Dañado,Sí,0,75,-90.4,FB-8331
FB-8332,TRX-17354,4.0,1.0,Precio justo,,1,32,-56.6,FB-8332
FB-8333,TRX-15181,4.0,2.0,Lento,Sí,1,22,75.4,FB-8333
FB-8334,TRX-10084,2.0,2.0,Excelente,Maybe,0,68,-46.1,FB-8334
FB-8335,TRX-16420,5.0,1.0,,Sí,0,58,-10.6,FB-8335
FB-8336,TRX-13188,5.0,2.0,Precio justo,Sí,1,21,99.5,FB-8336
FB-8337,TRX-15483,3.0,2.0,Excelente,Maybe,0,64,1.9,FB-8337
FB-8338,TRX-11340,4.0,5.0,Dañado,,0,39,53.5,FB-8338
FB-8339,TRX-19368,3.0,3.0,Dañado,,1,48,59.0,FB-8339
FB-8340,TRX-10415,3.0,4.0,Precio justo,,0,46,75.9,FB-8340
FB-8341,TRX-13696,4.0,5.0,,,0,58,-33.4,FB-8341
FB-8342,TRX-16943,5.0,2.0,,Maybe,0,78,-69.5,FB-8342
FB-8343,TRX-11219,1.0,4.0,No volvería,,1,70,77.7,FB-8343
FB-8344,TRX-14095,5.0,2.0,Lento,Maybe,1,33,21.9,FB-8344
FB-8345,TRX-13225,5.0,3.0,Lento,Maybe,1,72,19.2,FB-8345
FB-8346,TRX-12694,3.0,2.0,No volvería,Sí,1,34,14.0,FB-8346
FB-8347,TRX-15394,3.0,1.0,,Sí,0,35,-93.0,FB-8347
FB-8348,TRX-15092,3.0,1.0,Excelente,Maybe,0,54,-50.2,FB-8348
FB-8349,TRX-11029,4.0,1.0,,Sí,0,77,34.5,FB-8349
FB-8350,TRX-11584,4.0,1.0,,Sí,0,46,-93.4,FB-8350
FB-8351,TRX-10456,2.0,4.0,Dañado,No,0,39,21.3,FB-8351
FB-8352,TRX-17863,3.0,1.0,Precio justo,No,0,71,-90.0,FB-8352
FB-8353,TRX-17077,4.0,2.0,Lento,No,0,62,-98.3,FB-8353
FB-8354,TRX-10393,2.0,5.0,Lento,,1,69,78.3,FB-8354
FB-8355,TRX-19708,3.0,2.0,Precio justo,Sí,0,75,82.2,FB-8355
FB-8356,TRX-15477,3.0,2.0,Precio justo,,0,20,-42.0,FB-8356
FB-8357,TRX-14102,1.0,2.0,Lento,Maybe,0,18,73.0,FB-8357
FB-8358,TRX-14049,4.0,2.0,Lento,,0,72,-85.0,FB-8358
FB-8359,TRX-11766,2.0,5.0,Lento,Sí,0,62,-17.7,FB-8359
FB-8360,TRX-17759,3.0,1.0,Precio justo,No,0,74,-4.7,FB-8360
FB-8361,TRX-13905,4.0,3.0,,,1,34,-18.3,FB-8361
FB-8362,TRX-15583,2.0,4.0,Excelente,Sí,0,46,-30.3,FB-8362
FB-8363,TRX-10891,1.0,5.0,Lento,No,0,35,22.3,FB-8363
FB-8364,TRX-15465,2.0,5.0,,Maybe,1,26,35.3,FB-8364
FB-8365,TRX-18514,3.0,5.0,,Maybe,0,32,91.7,FB-8365
FB-8366,TRX-13878,5.0,4.0,Excelente,Maybe,0,26,-74.7,FB-8366
FB-8367,TRX-11194,5.0,2.0,Lento,,0,48,80.1,FB-8367
FB-8368,TRX-19829,1.0,4.0,Precio justo,Maybe,1,19,59.5,FB-8368
FB-8369,TRX-17184,3.0,5.0,No volvería,,0,71,-43.5,FB-8369
FB-8370,TRX-11567,3.0,2.0,Excelente,,0,65,-59.9,FB-8370
FB-8371,TRX-17314,4.0,5.0,,,1,18,-76.7,FB-8371
FB-8372,TRX-19485,5.0,3.0,,,0,80,-15.3,FB-8372
FB-8373,TRX-12045,4.0,1.0,No volvería,No,1,51,10.0,FB-8373
FB-8374,TRX-11401,3.0,1.0,Lento,No,0,82,14.0,FB-8374
FB-8375,TRX-10994,1.0,5.0,,,0,28,-16.6,FB-8375
FB-8376,TRX-10546,5.0,2.0,Lento,No,0,26,37.1,FB-8376
FB-8377,TRX-16183,4.0,3.0,,Sí,1,24,41.6,FB-8377
FB-8378,TRX-15132,1.0,3.0,Precio justo,No,1,63,3.0,FB-8378
FB-8379,TRX-11065,3.0,2.0,No volvería,Maybe,1,54,10.3,FB-8379
FB-8380,TRX-12089,2.0,2.0,No volvería,,0,66,-61.0,FB-8380
FB-8381,TRX-11015,2.0,3.0,Lento,No,0,25,10.8,FB-8381
FB-8382,TRX-17240,5.0,1.0,,No,0,78,-84.9,FB-8382
FB-8383,TRX-10897,1.0,1.0,Dañado,,1,53,14.1,FB-8383
FB-8384,TRX-14939,4.0,3.0,,,0,19,28.6,FB-8384
FB-8385,TRX-17075,1.0,4.0,,Sí,0,62,96.4,FB-8385
FB-8386,TRX-11077,5.0,3.0,,Sí,0,23,-15.0,FB-8386
FB-8387,TRX-11668,3.0,5.0,,,1,54,-0.9,FB-8387
FB-8388,TRX-10914,1.0,4.0,Dañado,,1,74,-9.6,FB-8388
FB-8389,TRX-19162,5.0,2.0,No volvería,Sí,1,36,-48.0,FB-8389
FB-8390,TRX-10855,5.0,3.0,,Sí,1,69,-81.1,FB-8390
FB-8391,TRX-14831,4.0,3.0,No volvería,No,1,48,28.1,FB-8391
FB-8392,TRX-16249,3.0,4.0,,No,0,64,-85.6,FB-8392
FB-8393,TRX-16581,1.0,3.0,Excelente,Maybe,0,56,-14.0,FB-8393
FB-8394,TRX-11570,5.0,5.0,Lento,Maybe,1,68,-97.8,FB-8394
FB-8395,TRX-16735,3.0,1.0,Dañado,Sí,0,72,88.1,FB-8395
FB-8396,TRX-13819,4.0,3.0,Precio justo,,0,38,39.5,FB-8396
FB-8397,TRX-19823,5.0,1.0,Excelente,,1,50,-55.4,FB-8397
FB-8398,TRX-10173,4.0,2.0,Dañado,No,1,38,-44.8,FB-8398
FB-8399,TRX-17428,3.0,2.0,Lento,Maybe,1,27,-35.6,FB-8399
FB-8400,TRX-16290,4.0,3.0,Lento,No,0,50,3.8,FB-8400
FB-8401,TRX-17605,1.0,2.0,,,1,21,26.4,FB-8401
FB-8402,TRX-17014,4.0,3.0,Lento,No,0,65,-84.7,FB-8402
FB-8403,TRX-11659,2.0,1.0,Dañado,No,0,74,32.1,FB-8403
FB-8404,TRX-15564,2.0,4.0,Lento,No,0,29,-85.1,FB-8404
FB-8405,TRX-10425,2.0,3.0,,Sí,1,27,82.8,FB-8405
FB-8406,TRX-17439,2.0,4.0,,Maybe,1,84,-0.5,FB-8406
FB-8407,TRX-18474,1.0,1.0,Precio justo,No,1,25,86.7,FB-8407
FB-8408,TRX-15377,5.0,1.0,,No,0,39,28.5,FB-8408
FB-8409,TRX-19630,2.0,4.0,,No,1,52,-19.8,FB-8409
FB-8410,TRX-13153,2.0,3.0,Lento,Maybe,0,21,56.6,FB-8410
FB-8411,TRX-11769,5.0,4.0,Excelente,,0,33,-86.4,FB-8411
FB-8412,TRX-11682,2.0,3.0,,Sí,0,54,17.4,FB-8412
FB-8413,TRX-10201,5.0,3.0,Precio justo,Sí,0,39,-48.5,FB-8413
FB-8414,TRX-19751,2.0,4.0,,No,0,79,68.5,FB-8414
FB-8415,TRX-11106,5.0,1.0,Excelente,,0,67,78.1,FB-8415
FB-8416,TRX-19713,5.0,5.0,,,1,77,17.1,FB-8416
FB-8417,TRX-13172,3.0,2.0,,,1,44,-47.8,FB-8417
FB-8418,TRX-19391,4.0,5.0,Excelente,,0,69,-22.2,FB-8418
FB-8419,TRX-12064,5.0,1.0,,No,1,57,24.1,FB-8419
FB-8420,TRX-18337,2.0,2.0,No volvería,Sí,1,47,-15.0,FB-8420
FB-8421,TRX-14198,1.0,4.0,No volvería,Maybe,1,69,55.4,FB-8421
FB-8422,TRX-15822,5.0,5.0,Lento,No,0,55,-26.2,FB-8422
FB-8423,TRX-16897,2.0,3.0,Precio justo,Maybe,0,32,1.1,FB-8423
FB-8424,TRX-17887,5.0,1.0,,Sí,1,45,-62.2,FB-8424
FB-8425,TRX-17284,3.0,1.0,Dañado,No,1,76,39.6,FB-8425
FB-8426,TRX-13046,1.0,1.0,No volvería,No,0,57,73.0,FB-8426
FB-8427,TRX-13983,1.0,5.0,Precio justo,,1,22,-26.7,FB-8427
FB-8428,TRX-12255,2.0,3.0,No volvería,Maybe,1,56,90.9,FB-8428
FB-8429,TRX-10722,4.0,5.0,,Maybe,1,73,-92.3,FB-8429
FB-8430,TRX-10991,3.0,3.0,Precio justo,Maybe,1,52,-55.9,FB-8430
FB-8431,TRX-12091,4.0,2.0,Lento,,1,34,-17.5,FB-8431
FB-8432,TRX-15106,1.0,4.0,Excelente,,0,36,-15.1,FB-8432
FB-8433,TRX-19576,1.0,1.0,No volvería,,1,35,58.7,FB-8433
FB-8434,TRX-17140,4.0,3.0,,,0,19,77.4,FB-8434
FB-8435,TRX-18407,5.0,5.0,Excelente,No,1,83,-39.4,FB-8435
FB-8436,TRX-15861,4.0,5.0,,Sí,0,66,27.8,FB-8436
FB-8437,TRX-15098,4.0,1.0,Excelente,Sí,1,49,10.3,FB-8437
FB-8438,TRX-19562,5.0,1.0,,Sí,0,55,-64.5,FB-8438
FB-8439,TRX-18866,5.0,1.0,,Maybe,0,43,-34.8,FB-8439
FB-8440,TRX-12385,5.0,2.0,,Maybe,0,70,-96.0,FB-8440
FB-8441,TRX-12415,3.0,4.0,Dañado,Sí,1,67,-39.2,FB-8441
FB-8442,TRX-17692,1.0,3.0,Dañado,No,1,49,-78.9,FB-8442
FB-8443,TRX-15057,1.0,1.0,Lento,,1,39,79.7,FB-8443
FB-8444,TRX-19884,5.0,3.0,Precio justo,Sí,1,64,79.8,FB-8444
FB-8445,TRX-15618,5.0,5.0,,Maybe,1,18,36.0,FB-8445
FB-8446,TRX-14768,3.0,4.0,Lento,Maybe,0,55,98.6,FB-8446
FB-8447,TRX-16042,3.0,4.0,Precio justo,,0,72,16.0,FB-8447
FB-8448,TRX-10132,2.0,3.0,,Maybe,1,23,-59.9,FB-8448
FB-8449,TRX-18481,4.0,5.0,,Maybe,1,37,76.9,FB-8449
FB-8450,TRX-19608,3.0,5.0,Dañado,,1,79,-58.3,FB-8450
FB-8451,TRX-12369,1.0,2.0,Lento,,0,35,-46.6,FB-8451
FB-8452,TRX-10939,1.0,1.0,Precio justo,Sí,1,49,31.7,FB-8452
FB-8453,TRX-13889,3.0,5.0,,Sí,1,41,-74.1,FB-8453
FB-8454,TRX-18308,4.0,1.0,Dañado,,1,71,22.0,FB-8454
FB-8455,TRX-19166,3.0,1.0,Precio justo,No,1,68,-39.4,FB-8455
FB-8456,TRX-10894,2.0,3.0,Lento,Maybe,0,29,25.2,FB-8456
FB-8457,TRX-16915,2.0,1.0,No volvería,Sí,0,51,59.6,FB-8457
FB-8458,TRX-15633,2.0,3.0,No volvería,Maybe,1,78,-21.1,FB-8458
FB-8459,TRX-13201,3.0,4.0,,Maybe,1,80,-33.8,FB-8459
FB-8460,TRX-13282,4.0,5.0,Lento,Maybe,1,56,-33.9,FB-8460
FB-8461,TRX-13297,5.0,3.0,,No,0,54,-28.5,FB-8461
FB-8462,TRX-11120,1.0,2.0,Excelente,Maybe,0,29,56.7,FB-8462
FB-8463,TRX-15595,5.0,3.0,,Maybe,0,33,-13.9,FB-8463
FB-8464,TRX-13102,4.0,1.0,,Sí,1,36,42.7,FB-8464
FB-8465,TRX-17794,3.0,2.0,No volvería,Maybe,1,18,48.0,FB-8465
FB-8466,TRX-17657,3.0,1.0,,No,0,82,6.6,FB-8466
FB-8467,TRX-19826,3.0,2.0,No volvería,No,1,36,-8.9,FB-8467
FB-8468,TRX-15425,2.0,3.0,No volvería,Maybe,1,69,-24.3,FB-8468
FB-8469,TRX-19476,2.0,1.0,Excelente,No,1,61,31.0,FB-8469
FB-8470,TRX-19274,2.0,3.0,Dañado,,1,61,2.9,FB-8470
FB-8471,TRX-15499,5.0,5.0,Dañado,No,0,19,-41.7,FB-8471
FB-8472,TRX-14909,1.0,2.0,,,0,21,6.6,FB-8472
FB-8473,TRX-16859,3.0,4.0,Excelente,No,1,36,31.6,FB-8473
FB-8474,TRX-15384,3.0,4.0,,No,1,62,8.9,FB-8474
FB-8475,TRX-12658,5.0,3.0,Excelente,Sí,0,50,-97.0,FB-8475
FB-8476,TRX-11717,1.0,2.0,Lento,Maybe,1,34,98.6,FB-8476
FB-8477,TRX-17443,1.0,2.0,Lento,Sí,1,74,51.4,FB-8477
FB-8478,TRX-10691,5.0,3.0,,,1,34,-51.3,FB-8478
FB-8479,TRX-18125,3.0,4.0,,Sí,0,21,52.1,FB-8479
FB-8480,TRX-13594,4.0,5.0,Lento,Sí,0,25,53.5,FB-8480
FB-8481,TRX-10060,4.0,4.0,Dañado,No,1,54,20.2,FB-8481
FB-8482,TRX-13654,1.0,1.0,,,0,19,24.9,FB-8482
FB-8483,TRX-13772,1.0,4.0,,No,1,43,-67.7,FB-8483
FB-8484,TRX-17643,3.0,1.0,Precio justo,,1,58,-25.6,FB-8484
FB-8485,TRX-13492,1.0,1.0,No volvería,,1,30,17.6,FB-8485
FB-8486,TRX-13916,5.0,5.0,Lento,No,1,41,-84.5,FB-8486
FB-8487,TRX-17876,4.0,5.0,,Maybe,0,79,95.6,FB-8487
FB-8488,TRX-15431,4.0,4.0,No volvería,Maybe,0,82,-79.6,FB-8488
FB-8489,TRX-16158,1.0,3.0,Excelente,,1,48,-19.3,FB-8489
FB-8490,TRX-13363,5.0,4.0,Dañado,Maybe,1,35,82.7,FB-8490
FB-8491,TRX-16558,1.0,5.0,Lento,No,0,32,-97.0,FB-8491
FB-8492,TRX-13018,1.0,1.0,,No,0,41,36.6,FB-8492
FB-8493,TRX-10110,5.0,1.0,,No,0,82,-22.3,FB-8493
FB-8494,TRX-15944,5.0,3.0,Precio justo,Sí,0,32,43.4,FB-8494
FB-8495,TRX-10162,2.0,4.0,,Sí,1,68,32.8,FB-8495
FB-8496,TRX-11208,4.0,3.0,Dañado,No,0,37,19.4,FB-8496
FB-8497,TRX-15863,1.0,3.0,Excelente,,0,69,73.1,FB-8497
FB-8498,TRX-10491,3.0,4.0,,Sí,1,22,-99.0,FB-8498
FB-8499,TRX-19088,1.0,2.0,,,1,71,-70.8,FB-8499
FB-8500,TRX-11887,1.0,4.0,,No,0,54,57.4,FB-8500
FB-8501,TRX-12333,3.0,3.0,,,0,79,27.0,FB-8501
FB-8502,TRX-14760,4.0,2.0,,No,1,28,85.1,FB-8502
FB-8503,TRX-17215,2.0,3.0,No volvería,,1,59,-12.2,FB-8503
FB-8504,TRX-13185,5.0,3.0,Dañado,Sí,1,23,9.9,FB-8504
FB-8505,TRX-19595,2.0,3.0,,,1,62,24.8,FB-8505
FB-8506,TRX-15896,1.0,1.0,No volvería,No,0,74,-64.8,FB-8506
FB-8507,TRX-10719,1.0,4.0,,Maybe,1,56,-71.3,FB-8507
FB-8508,TRX-10486,3.0,5.0,Lento,Maybe,0,54,-49.3,FB-8508
FB-8509,TRX-13262,3.0,1.0,,Sí,0,57,-22.8,FB-8509
FB-8510,TRX-13241,1.0,4.0,,No,0,75,-2.5,FB-8510
FB-8511,TRX-14654,2.0,1.0,Excelente,,0,24,-7.1,FB-8511
FB-8512,TRX-12853,2.0,4.0,Precio justo,No,1,57,58.4,FB-8512
FB-8513,TRX-13587,4.0,2.0,Dañado,No,1,52,-73.2,FB-8513
FB-8514,TRX-14292,1.0,5.0,,Sí,1,31,-26.2,FB-8514
FB-8515,TRX-12855,5.0,2.0,No volvería,,1,26,89.2,FB-8515
FB-8516,TRX-15567,5.0,2.0,Excelente,No,0,56,54.4,FB-8516
FB-8517,TRX-19085,2.0,4.0,,Maybe,0,62,-14.4,FB-8517
FB-8518,TRX-14029,3.0,3.0,Excelente,,1,78,16.2,FB-8518
FB-8519,TRX-12925,3.0,3.0,,Maybe,1,67,-6.0,FB-8519
FB-8520,TRX-13211,2.0,3.0,Lento,Maybe,0,57,-23.2,FB-8520
FB-8521,TRX-10352,4.0,3.0,Dañado,Sí,1,45,-73.4,FB-8521
FB-8522,TRX-12884,1.0,5.0,Lento,Maybe,0,53,-66.5,FB-8522
FB-8523,TRX-14289,5.0,2.0,Lento,Maybe,0,27,-42.4,FB-8523
FB-8524,TRX-11657,2.0,1.0,Lento,Sí,0,78,-27.0,FB-8524
FB-8525,TRX-10343,3.0,5.0,Excelente,No,1,54,-49.7,FB-8525
FB-8526,TRX-12248,1.0,4.0,No volvería,No,0,41,15.5,FB-8526
FB-8527,TRX-16208,5.0,5.0,No volvería,No,0,51,19.6,FB-8527
FB-8528,TRX-11818,4.0,5.0,Precio justo,Maybe,0,18,-90.8,FB-8528
FB-8529,TRX-15544,2.0,4.0,,No,0,38,29.9,FB-8529
FB-8530,TRX-13444,1.0,1.0,Precio justo,,1,61,-6.5,FB-8530
FB-8531,TRX-14998,5.0,2.0,No volvería,Maybe,1,57,9.4,FB-8531
FB-8532,TRX-17474,4.0,5.0,Lento,No,1,69,78.7,FB-8532
FB-8533,TRX-13934,3.0,4.0,Excelente,Maybe,0,18,-63.3,FB-8533
FB-8534,TRX-16056,1.0,4.0,Lento,,1,70,-19.1,FB-8534
FB-8535,TRX-16100,2.0,1.0,Lento,Sí,0,84,-3.0,FB-8535
FB-8536,TRX-12807,5.0,5.0,,Maybe,0,50,18.2,FB-8536
FB-8537,TRX-18633,3.0,4.0,Lento,Sí,1,28,35.5,FB-8537
FB-8538,TRX-17106,3.0,1.0,Dañado,,0,58,-74.1,FB-8538
FB-8539,TRX-11071,5.0,1.0,Dañado,Sí,0,66,49.8,FB-8539
FB-8540,TRX-11941,5.0,4.0,Lento,,1,77,-55.8,FB-8540
FB-8541,TRX-12366,5.0,4.0,Precio justo,Sí,1,63,90.2,FB-8541
FB-8542,TRX-12142,1.0,5.0,Precio justo,,0,33,-78.9,FB-8542
FB-8543,TRX-13107,2.0,5.0,No volvería,No,1,51,97.3,FB-8543
FB-8544,TRX-13140,3.0,2.0,Excelente,No,0,41,85.6,FB-8544
FB-8545,TRX-18725,4.0,4.0,Dañado,No,1,25,77.8,FB-8545
FB-8546,TRX-16196,5.0,3.0,,Sí,1,47,-93.9,FB-8546
FB-8547,TRX-16131,2.0,3.0,Lento,Sí,0,70,-59.7,FB-8547
FB-8548,TRX-15209,4.0,2.0,,,0,70,13.6,FB-8548
FB-8549,TRX-19823,1.0,4.0,Dañado,,0,82,44.3,FB-8549
FB-8550,TRX-17037,3.0,1.0,,Maybe,1,44,47.0,FB-8550
FB-8551,TRX-14006,2.0,3.0,No volvería,Maybe,1,30,-90.8,FB-8551
FB-8552,TRX-10756,2.0,5.0,Precio justo,Sí,1,24,37.7,FB-8552
FB-8553,TRX-19622,3.0,3.0,,Sí,0,44,-0.7,FB-8553
FB-8554,TRX-13098,3.0,4.0,Precio justo,No,1,53,-37.3,FB-8554
FB-8555,TRX-18773,5.0,3.0,,No,1,84,37.9,FB-8555
FB-8556,TRX-14819,3.0,2.0,,Maybe,1,73,-49.9,FB-8556
FB-8557,TRX-12434,2.0,5.0,Excelente,,1,31,29.0,FB-8557
FB-8558,TRX-15368,5.0,2.0,Excelente,,0,18,22.4,FB-8558
FB-8559,TRX-14049,3.0,1.0,,,1,56,18.2,FB-8559
FB-8560,TRX-10872,4.0,1.0,No volvería,Sí,0,36,6.6,FB-8560
FB-8561,TRX-14588,4.0,1.0,Excelente,No,0,84,-45.5,FB-8561
FB-8562,TRX-12071,3.0,1.0,No volvería,,0,64,-59.8,FB-8562
FB-8563,TRX-18327,2.0,4.0,,No,1,68,-23.4,FB-8563
FB-8564,TRX-19569,5.0,4.0,,,1,82,94.2,FB-8564
FB-8565,TRX-18011,5.0,4.0,,Maybe,0,24,57.5,FB-8565
FB-8566,TRX-13428,5.0,2.0,Dañado,No,1,64,-23.1,FB-8566
FB-8567,TRX-11333,1.0,2.0,Lento,Maybe,1,24,36.7,FB-8567
FB-8568,TRX-17711,3.0,3.0,Precio justo,No,0,75,-43.8,FB-8568
FB-8569,TRX-11062,1.0,5.0,,,0,73,-57.1,FB-8569
FB-8570,TRX-12743,1.0,2.0,Lento,,1,51,16.7,FB-8570
FB-8571,TRX-18333,4.0,3.0,,,1,65,-48.8,FB-8571
FB-8572,TRX-16358,5.0,1.0,Dañado,,1,55,9.3,FB-8572
FB-8573,TRX-18342,1.0,1.0,,,0,57,-84.0,FB-8573
FB-8574,TRX-16131,2.0,2.0,,,0,46,67.0,FB-8574
FB-8575,TRX-18168,3.0,4.0,Excelente,,0,54,-23.6,FB-8575
FB-8576,TRX-18501,2.0,3.0,Precio justo,Sí,1,24,-96.9,FB-8576
FB-8577,TRX-17606,5.0,5.0,Excelente,No,0,56,91.7,FB-8577
FB-8578,TRX-12932,4.0,3.0,Lento,Maybe,1,35,9.1,FB-8578
FB-8579,TRX-15272,2.0,4.0,,Sí,0,27,83.2,FB-8579
FB-8580,TRX-16125,2.0,4.0,Excelente,No,1,73,-62.4,FB-8580
FB-8581,TRX-18609,1.0,2.0,No volvería,Maybe,1,40,-40.0,FB-8581
FB-8582,TRX-17918,2.0,4.0,Lento,No,1,73,-23.4,FB-8582
FB-8583,TRX-18106,4.0,4.0,Excelente,Maybe,0,50,-60.9,FB-8583
FB-8584,TRX-17762,2.0,5.0,Lento,Maybe,0,62,-9.2,FB-8584
FB-8585,TRX-14396,2.0,4.0,Excelente,Maybe,1,51,-43.7,FB-8585
FB-8586,TRX-19522,5.0,1.0,Excelente,No,0,23,-74.9,FB-8586
FB-8587,TRX-16569,4.0,4.0,,No,1,27,-83.7,FB-8587
FB-8588,TRX-19567,2.0,1.0,,Maybe,1,84,-48.4,FB-8588
FB-8589,TRX-10599,5.0,5.0,,Maybe,1,55,96.2,FB-8589
FB-8590,TRX-13394,3.0,2.0,Lento,,1,61,-48.7,FB-8590
FB-8591,TRX-13596,2.0,1.0,Dañado,Maybe,0,26,71.1,FB-8591
FB-8592,TRX-13325,2.0,2.0,,,1,47,-8.2,FB-8592
FB-8593,TRX-17406,5.0,2.0,Lento,,0,79,-49.5,FB-8593
FB-8594,TRX-13840,5.0,1.0,Precio justo,,0,50,64.6,FB-8594
FB-8595,TRX-16486,5.0,3.0,Precio justo,Maybe,1,29,51.0,FB-8595
FB-8596,TRX-13581,2.0,4.0,Dañado,Maybe,0,81,23.5,FB-8596
FB-8597,TRX-15013,1.0,5.0,Excelente,Maybe,0,52,-42.7,FB-8597
FB-8598,TRX-16963,1.0,2.0,Lento,Maybe,1,79,52.4,FB-8598
FB-8599,TRX-16178,5.0,3.0,,,1,34,-96.1,FB-8599
FB-8600,TRX-19361,3.0,2.0,,Maybe,1,50,-44.0,FB-8600
FB-8601,TRX-12575,1.0,3.0,Excelente,,1,51,72.4,FB-8601
FB-8602,TRX-16129,3.0,5.0,Excelente,,1,78,-53.2,FB-8602
FB-8603,TRX-14170,1.0,3.0,Precio justo,,1,79,25.9,FB-8603
FB-8604,TRX-19020,1.0,5.0,,No,0,27,-4.1,FB-8604
FB-8605,TRX-11388,2.0,4.0,,Sí,0,67,-14.2,FB-8605
FB-8606,TRX-12200,1.0,3.0,,,0,69,37.2,FB-8606
FB-8607,TRX-11376,5.0,2.0,Lento,,0,24,-92.4,FB-8607
FB-8608,TRX-14834,2.0,4.0,No volvería,Sí,1,59,-0.4,FB-8608
FB-8609,TRX-17282,1.0,2.0,,No,0,74,-12.0,FB-8609
FB-8610,TRX-18500,3.0,2.0,,Maybe,1,50,50.2,FB-8610
FB-8611,TRX-15760,2.0,4.0,,No,1,71,-14.7,FB-8611
FB-8612,TRX-13771,2.0,4.0,Precio justo,Maybe,1,72,81.0,FB-8612
FB-8613,TRX-19567,2.0,5.0,,Sí,1,26,98.5,FB-8613
FB-8614,TRX-10674,1.0,3.0,Excelente,No,0,62,75.2,FB-8614
FB-8615,TRX-17622,5.0,5.0,Excelente,Sí,1,55,59.2,FB-8615
FB-8616,TRX-18392,4.0,1.0,No volvería,No,0,36,43.4,FB-8616
FB-8617,TRX-15511,4.0,1.0,Excelente,No,1,61,12.2,FB-8617
FB-8618,TRX-16981,4.0,5.0,Dañado,Sí,1,79,57.4,FB-8618
FB-8619,TRX-17391,1.0,5.0,No volvería,Sí,0,30,20.6,FB-8619
FB-8620,TRX-17660,3.0,3.0,,Sí,1,52,92.4,FB-8620
FB-8621,TRX-17086,2.0,4.0,Excelente,Maybe,1,66,77.9,FB-8621
FB-8622,TRX-16700,2.0,1.0,Precio justo,Sí,0,58,15.3,FB-8622
FB-8623,TRX-16021,5.0,4.0,Precio justo,,1,72,-15.0,FB-8623
FB-8624,TRX-18151,2.0,2.0,,,0,32,-60.6,FB-8624
FB-8625,TRX-15194,5.0,2.0,Dañado,Sí,0,31,-51.1,FB-8625
FB-8626,TRX-14473,1.0,4.0,No volvería,Sí,0,76,-56.2,FB-8626
FB-8627,TRX-16264,4.0,2.0,No volvería,No,0,63,78.3,FB-8627
FB-8628,TRX-10404,5.0,1.0,Excelente,,1,45,83.4,FB-8628
FB-8629,TRX-12942,5.0,1.0,Excelente,Maybe,0,76,-36.0,FB-8629
FB-8630,TRX-17236,2.0,2.0,Lento,No,1,55,40.4,FB-8630
FB-8631,TRX-13830,1.0,1.0,,Maybe,0,57,-75.1,FB-8631
FB-8632,TRX-14351,4.0,2.0,Dañado,Sí,0,68,12.3,FB-8632
FB-8633,TRX-11243,1.0,3.0,No volvería,No,0,26,-40.1,FB-8633
FB-8634,TRX-15883,4.0,3.0,Excelente,,0,28,90.1,FB-8634
FB-8635,TRX-11350,3.0,4.0,,No,1,37,-72.8,FB-8635
FB-8636,TRX-14825,1.0,2.0,No volvería,Maybe,0,51,-73.0,FB-8636
FB-8637,TRX-18220,3.0,3.0,,,0,50,54.3,FB-8637
FB-8638,TRX-18401,4.0,3.0,Dañado,Maybe,1,45,-37.6,FB-8638
FB-8639,TRX-18956,5.0,1.0,Precio justo,,0,70,-48.9,FB-8639
FB-8640,TRX-11280,3.0,4.0,Dañado,Sí,0,53,-58.1,FB-8640
FB-8641,TRX-14528,4.0,4.0,No volvería,Sí,0,58,-49.4,FB-8641
FB-8642,TRX-13731,4.0,3.0,Excelente,Sí,1,47,97.8,FB-8642
FB-8643,TRX-11612,3.0,3.0,No volvería,,0,44,-9.3,FB-8643
FB-8644,TRX-11942,1.0,4.0,Lento,No,1,67,-49.9,FB-8644
FB-8645,TRX-11168,5.0,1.0,,Sí,0,28,-87.4,FB-8645
FB-8646,TRX-15902,4.0,5.0,Dañado,,0,34,-75.8,FB-8646
FB-8647,TRX-10627,1.0,1.0,Lento,,0,67,31.4,FB-8647
FB-8648,TRX-18946,4.0,5.0,No volvería,Sí,1,49,-47.9,FB-8648
FB-8649,TRX-13281,4.0,4.0,,,1,40,11.2,FB-8649
FB-8650,TRX-15468,4.0,4.0,No volvería,,0,62,10.5,FB-8650
FB-8651,TRX-13221,1.0,4.0,,Sí,1,35,-27.6,FB-8651
FB-8652,TRX-15394,2.0,2.0,Lento,No,1,39,42.7,FB-8652
FB-8653,TRX-14096,5.0,2.0,Excelente,Maybe,1,45,-93.3,FB-8653
FB-8654,TRX-14959,5.0,2.0,Excelente,No,0,66,-16.6,FB-8654
FB-8655,TRX-14496,2.0,4.0,Dañado,,0,59,-13.2,FB-8655
FB-8656,TRX-13123,4.0,3.0,,,0,32,-75.1,FB-8656
FB-8657,TRX-19896,2.0,4.0,Lento,,0,37,-96.9,FB-8657
FB-8658,TRX-12258,3.0,5.0,Dañado,Sí,1,49,6.8,FB-8658
FB-8659,TRX-18898,3.0,1.0,Dañado,Maybe,0,73,-41.1,FB-8659
FB-8660,TRX-14278,1.0,5.0,Precio justo,,1,70,86.4,FB-8660
FB-8661,TRX-10139,1.0,1.0,,,0,60,41.1,FB-8661
FB-8662,TRX-14906,3.0,5.0,Dañado,No,0,39,-82.4,FB-8662
FB-8663,TRX-14617,2.0,1.0,,,0,37,31.1,FB-8663
FB-8664,TRX-15679,1.0,3.0,,,0,18,75.1,FB-8664
FB-8665,TRX-16616,2.0,1.0,Dañado,Sí,0,68,91.4,FB-8665
FB-8666,TRX-16647,1.0,4.0,Precio justo,No,1,74,-37.5,FB-8666
FB-8667,TRX-19501,5.0,5.0,Dañado,No,0,59,-12.4,FB-8667
FB-8668,TRX-10194,2.0,2.0,Dañado,,0,69,29.1,FB-8668
FB-8669,TRX-17733,3.0,3.0,,Sí,1,43,81.9,FB-8669
FB-8670,TRX-18399,3.0,5.0,Dañado,Sí,0,80,35.2,FB-8670
FB-8671,TRX-12445,1.0,3.0,Lento,Maybe,1,78,-23.2,FB-8671
FB-8672,TRX-16512,2.0,2.0,Precio justo,Maybe,1,79,-82.0,FB-8672
FB-8673,TRX-13728,4.0,2.0,Excelente,,0,84,-71.2,FB-8673
FB-8674,TRX-13717,3.0,2.0,Dañado,Maybe,0,78,9.6,FB-8674
FB-8675,TRX-13438,3.0,2.0,Lento,Sí,1,63,-52.3,FB-8675
FB-8676,TRX-17773,2.0,2.0,Lento,No,1,66,-10.1,FB-8676
FB-8677,TRX-13829,2.0,4.0,Lento,Maybe,1,41,-18.5,FB-8677
FB-8678,TRX-18451,1.0,1.0,Precio justo,,1,63,14.1,FB-8678
FB-8679,TRX-19617,4.0,2.0,,Sí,1,74,-33.3,FB-8679
FB-8680,TRX-19054,3.0,5.0,,Maybe,0,31,-7.9,FB-8680
FB-8681,TRX-17679,2.0,5.0,Precio justo,Sí,1,19,16.4,FB-8681
FB-8682,TRX-17559,3.0,2.0,No volvería,No,1,23,18.8,FB-8682
FB-8683,TRX-15581,4.0,3.0,Dañado,Sí,1,78,-6.4,FB-8683
FB-8684,TRX-11406,5.0,2.0,Excelente,,1,53,42.8,FB-8684
FB-8685,TRX-15129,5.0,4.0,Excelente,Maybe,1,47,-22.0,FB-8685
FB-8686,TRX-13077,4.0,1.0,No volvería,Sí,0,65,57.6,FB-8686
FB-8687,TRX-17025,2.0,5.0,Excelente,No,1,33,96.9,FB-8687
FB-8688,TRX-16843,5.0,2.0,Dañado,Maybe,0,81,51.9,FB-8688
FB-8689,TRX-13433,2.0,1.0,Excelente,Maybe,0,25,56.0,FB-8689
FB-8690,TRX-17187,1.0,1.0,Dañado,,0,52,74.5,FB-8690
FB-8691,TRX-17372,3.0,2.0,Precio justo,No,1,41,-79.3,FB-8691
FB-8692,TRX-19149,1.0,1.0,,Sí,0,48,12.2,FB-8692
FB-8693,TRX-10493,5.0,5.0,Precio justo,No,0,51,34.4,FB-8693
FB-8694,TRX-16139,5.0,2.0,Dañado,No,1,22,83.1,FB-8694
FB-8695,TRX-12276,2.0,3.0,,No,0,31,66.7,FB-8695
FB-8696,TRX-19461,5.0,2.0,,Sí,0,54,-22.2,FB-8696
FB-8697,TRX-12102,2.0,5.0,,Maybe,1,37,-37.6,FB-8697
FB-8698,TRX-15006,4.0,2.0,Dañado,No,0,82,-40.8,FB-8698
FB-8699,TRX-10158,5.0,2.0,Precio justo,Sí,1,33,-50.0,FB-8699
FB-8700,TRX-18188,4.0,2.0,Dañado,Maybe,0,28,-38.2,FB-8700
FB-8701,TRX-15810,4.0,4.0,No volvería,,0,61,46.8,FB-8701
FB-8702,TRX-15567,3.0,4.0,Precio justo,Sí,1,78,-76.9,FB-8702
FB-8703,TRX-13694,2.0,5.0,Excelente,No,0,48,46.9,FB-8703
FB-8704,TRX-16867,4.0,1.0,Precio justo,No,0,78,-61.1,FB-8704
FB-8705,TRX-16974,3.0,2.0,Excelente,Sí,1,26,24.8,FB-8705
FB-8706,TRX-16608,5.0,2.0,Excelente,Sí,1,67,19.2,FB-8706
FB-8707,TRX-18808,5.0,4.0,No volvería,No,0,35,18.5,FB-8707
FB-8708,TRX-14909,4.0,3.0,Precio justo,Sí,0,32,-37.9,FB-8708
FB-8709,TRX-15342,5.0,4.0,Precio justo,No,0,41,-70.0,FB-8709
FB-8710,TRX-19616,2.0,1.0,No volvería,Sí,1,64,58.4,FB-8710
FB-8711,TRX-10380,5.0,2.0,,,1,51,-51.6,FB-8711
FB-8712,TRX-19299,1.0,2.0,Precio justo,Maybe,1,40,-84.1,FB-8712
FB-8713,TRX-10527,5.0,5.0,,,1,37,-68.3,FB-8713
FB-8714,TRX-12279,4.0,3.0,Excelente,Sí,1,62,-77.2,FB-8714
FB-8715,TRX-12518,3.0,5.0,,,1,53,43.0,FB-8715
FB-8716,TRX-15410,2.0,3.0,,,1,63,49.0,FB-8716
FB-8717,TRX-19309,2.0,3.0,,Maybe,0,26,-32.4,FB-8717
FB-8718,TRX-19879,3.0,3.0,Dañado,Sí,0,31,53.0,FB-8718
FB-8719,TRX-19958,2.0,3.0,,,1,60,67.7,FB-8719
FB-8720,TRX-19402,4.0,5.0,,,0,78,-4.6,FB-8720
FB-8721,TRX-16404,4.0,2.0,No volvería,Sí,0,39,65.4,FB-8721
FB-8722,TRX-16247,3.0,2.0,,Maybe,0,22,0.8,FB-8722
FB-8723,TRX-13345,4.0,5.0,No volvería,,0,76,61.9,FB-8723
FB-8724,TRX-16400,1.0,4.0,,No,0,49,-11.8,FB-8724
FB-8725,TRX-11043,4.0,1.0,Dañado,Maybe,1,52,-88.2,FB-8725
FB-8726,TRX-18757,2.0,3.0,Excelente,Sí,0,21,-55.9,FB-8726
FB-8727,TRX-16331,3.0,5.0,Dañado,No,0,64,-39.3,FB-8727
FB-8728,TRX-13085,1.0,3.0,Precio justo,No,1,71,-11.9,FB-8728
FB-8729,TRX-17778,4.0,3.0,Dañado,,0,77,-5.1,FB-8729
FB-8730,TRX-11779,1.0,3.0,No volvería,,0,68,95.1,FB-8730
FB-8731,TRX-15387,5.0,5.0,Lento,Sí,1,30,-4.9,FB-8731
FB-8732,TRX-19330,5.0,2.0,Precio justo,,0,52,-25.7,FB-8732
FB-8733,TRX-17397,1.0,4.0,,Maybe,0,33,-27.9,FB-8733
FB-8734,TRX-14991,5.0,4.0,,No,0,20,77.2,FB-8734
FB-8735,TRX-11527,5.0,5.0,,Maybe,1,79,-23.0,FB-8735
FB-8736,TRX-12808,5.0,1.0,,No,1,48,57.0,FB-8736
FB-8737,TRX-11709,3.0,4.0,,Sí,1,18,-50.2,FB-8737
FB-8738,TRX-19058,3.0,4.0,Dañado,No,1,79,-14.2,FB-8738
FB-8739,TRX-12910,5.0,3.0,Dañado,,1,18,14.8,FB-8739
FB-8740,TRX-10525,2.0,5.0,Excelente,Sí,0,50,12.9,FB-8740
FB-8741,TRX-19885,5.0,2.0,,Sí,1,59,15.9,FB-8741
FB-8742,TRX-18005,5.0,5.0,Precio justo,Sí,1,82,48.3,FB-8742
FB-8743,TRX-10439,5.0,5.0,Excelente,No,0,33,2.0,FB-8743
FB-8744,TRX-13058,2.0,4.0,No volvería,Maybe,1,54,-63.3,FB-8744
FB-8745,TRX-13260,2.0,3.0,No volvería,,0,69,16.2,FB-8745
FB-8746,TRX-11138,5.0,5.0,Excelente,Maybe,0,52,-40.4,FB-8746
FB-8747,TRX-16322,4.0,2.0,Precio justo,No,0,64,-39.9,FB-8747
FB-8748,TRX-14650,1.0,3.0,Excelente,Maybe,0,19,-74.3,FB-8748
FB-8749,TRX-13373,3.0,3.0,,Maybe,1,61,82.0,FB-8749
FB-8750,TRX-13818,3.0,2.0,Excelente,Maybe,0,70,-87.0,FB-8750
FB-8751,TRX-14769,1.0,2.0,Precio justo,Sí,1,27,-92.5,FB-8751
FB-8752,TRX-18591,3.0,2.0,No volvería,No,0,62,45.0,FB-8752
FB-8753,TRX-11146,1.0,5.0,Lento,No,1,75,41.0,FB-8753
FB-8754,TRX-17449,2.0,3.0,Excelente,,1,41,-29.9,FB-8754
FB-8755,TRX-10941,5.0,3.0,,,0,39,48.1,FB-8755
FB-8756,TRX-16039,3.0,1.0,,Sí,1,58,-2.5,FB-8756
FB-8757,TRX-18495,5.0,1.0,Excelente,No,0,22,45.7,FB-8757
FB-8758,TRX-10180,5.0,1.0,Dañado,,1,21,9.2,FB-8758
FB-8759,TRX-12815,2.0,5.0,Precio justo,,1,76,46.5,FB-8759
FB-8760,TRX-15353,3.0,5.0,Dañado,Sí,0,39,54.5,FB-8760
FB-8761,TRX-16731,4.0,2.0,No volvería,,0,77,-43.3,FB-8761
FB-8762,TRX-16407,2.0,5.0,Dañado,,0,28,-23.0,FB-8762
FB-8763,TRX-12572,5.0,3.0,Precio justo,,1,63,0.9,FB-8763
FB-8764,TRX-11814,3.0,3.0,Excelente,,0,58,-61.9,FB-8764
FB-8765,TRX-12115,2.0,4.0,Excelente,Maybe,0,24,94.1,FB-8765
FB-8766,TRX-18789,2.0,4.0,Lento,Sí,0,41,84.8,FB-8766
FB-8767,TRX-16855,4.0,5.0,No volvería,Sí,1,25,55.4,FB-8767
FB-8768,TRX-17835,1.0,4.0,Excelente,Maybe,0,29,-60.3,FB-8768
FB-8769,TRX-11126,3.0,5.0,Dañado,,0,27,-9.4,FB-8769
FB-8770,TRX-16373,3.0,2.0,Lento,No,0,28,85.5,FB-8770
FB-8771,TRX-13382,3.0,2.0,Lento,,1,37,22.4,FB-8771
FB-8772,TRX-12128,3.0,4.0,,Maybe,1,61,-22.9,FB-8772
FB-8773,TRX-13369,1.0,5.0,No volvería,,0,40,-81.7,FB-8773
FB-8774,TRX-15075,2.0,4.0,Lento,Sí,0,39,-80.0,FB-8774
FB-8775,TRX-17081,2.0,3.0,,,0,62,35.7,FB-8775
FB-8776,TRX-17778,1.0,5.0,Precio justo,No,1,39,-37.7,FB-8776
FB-8777,TRX-12601,2.0,1.0,Dañado,Sí,0,56,-0.7,FB-8777
FB-8778,TRX-19891,1.0,3.0,Lento,,1,58,50.3,FB-8778
FB-8779,TRX-19422,1.0,5.0,Excelente,,0,73,-63.4,FB-8779
FB-8780,TRX-15084,2.0,4.0,Dañado,No,1,84,-84.5,FB-8780
FB-8781,TRX-19625,2.0,4.0,No volvería,,0,52,-24.7,FB-8781
FB-8782,TRX-13325,1.0,4.0,Lento,Maybe,1,33,-67.5,FB-8782
FB-8783,TRX-18232,4.0,5.0,Dañado,No,1,35,2.1,FB-8783
FB-8784,TRX-17519,5.0,4.0,Excelente,Maybe,0,30,10.6,FB-8784
FB-8785,TRX-14512,3.0,5.0,Lento,No,0,39,-77.9,FB-8785
FB-8786,TRX-13304,1.0,5.0,No volvería,Sí,1,26,58.6,FB-8786
FB-8787,TRX-10121,2.0,4.0,No volvería,No,1,26,-95.3,FB-8787
FB-8788,TRX-12337,1.0,2.0,,No,1,35,-31.2,FB-8788
FB-8789,TRX-17302,2.0,2.0,No volvería,Maybe,1,81,-90.6,FB-8789
FB-8790,TRX-11048,1.0,3.0,,Maybe,0,55,41.4,FB-8790
FB-8791,TRX-16541,2.0,5.0,Lento,No,1,68,75.7,FB-8791
FB-8792,TRX-19909,4.0,4.0,Lento,Sí,1,75,-30.4,FB-8792
FB-8793,TRX-14044,5.0,4.0,Lento,No,0,39,-34.4,FB-8793
FB-8794,TRX-18615,2.0,4.0,Excelente,,0,73,38.9,FB-8794
FB-8795,TRX-15388,4.0,2.0,,No,1,46,74.3,FB-8795
FB-8796,TRX-19326,5.0,1.0,,Sí,0,72,77.4,FB-8796
FB-8797,TRX-18043,2.0,5.0,No volvería,Maybe,1,21,16.9,FB-8797
FB-8798,TRX-17539,3.0,3.0,Dañado,,1,53,18.8,FB-8798
FB-8799,TRX-17580,1.0,3.0,,No,1,49,23.9,FB-8799
FB-8800,TRX-19439,1.0,3.0,Dañado,No,0,50,1.6,FB-8800
FB-8801,TRX-10640,1.0,5.0,Lento,No,1,31,6.2,FB-8801
FB-8802,TRX-11492,2.0,5.0,No volvería,Maybe,0,35,-81.1,FB-8802
FB-8803,TRX-14717,3.0,3.0,,Sí,0,84,96.5,FB-8803
FB-8804,TRX-17476,3.0,3.0,No volvería,,0,26,-87.6,FB-8804
FB-8805,TRX-15681,3.0,4.0,Lento,Sí,1,43,-3.9,FB-8805
FB-8806,TRX-14873,5.0,1.0,Excelente,Sí,1,65,57.1,FB-8806
FB-8807,TRX-16407,2.0,2.0,Dañado,No,1,36,16.6,FB-8807
FB-8808,TRX-12869,4.0,5.0,Dañado,,1,19,-80.8,FB-8808
FB-8809,TRX-16800,5.0,1.0,Precio justo,,1,45,11.1,FB-8809
FB-8810,TRX-14081,2.0,3.0,,Maybe,0,70,81.1,FB-8810
FB-8811,TRX-12942,3.0,3.0,Lento,,1,59,24.4,FB-8811
FB-8812,TRX-17079,2.0,3.0,Dañado,Sí,0,47,55.9,FB-8812
FB-8813,TRX-17501,3.0,3.0,,No,0,35,-7.5,FB-8813
FB-8814,TRX-16302,4.0,4.0,Dañado,No,1,26,-37.6,FB-8814
FB-8815,TRX-13005,3.0,5.0,Excelente,No,0,24,-60.0,FB-8815
FB-8816,TRX-19316,5.0,3.0,,Sí,0,70,69.8,FB-8816
FB-8817,TRX-11565,2.0,3.0,Lento,Maybe,0,22,41.3,FB-8817
FB-8818,TRX-16447,1.0,5.0,Lento,Maybe,1,60,-64.4,FB-8818
FB-8819,TRX-10715,3.0,2.0,,,1,30,10.3,FB-8819
FB-8820,TRX-13927,3.0,4.0,,No,0,64,41.9,FB-8820
FB-8821,TRX-12587,1.0,4.0,,No,0,62,13.6,FB-8821
FB-8822,TRX-14485,5.0,1.0,,No,1,19,89.9,FB-8822
FB-8823,TRX-18810,4.0,4.0,,No,0,26,-63.0,FB-8823
FB-8824,TRX-14782,4.0,1.0,Dañado,No,1,39,42.9,FB-8824
FB-8825,TRX-11093,5.0,2.0,Dañado,,1,37,23.3,FB-8825
FB-8826,TRX-13559,2.0,5.0,,Maybe,1,77,83.8,FB-8826
FB-8827,TRX-18085,4.0,3.0,No volvería,Maybe,0,28,72.5,FB-8827
FB-8828,TRX-16738,5.0,1.0,Precio justo,Sí,1,38,29.7,FB-8828
FB-8829,TRX-19057,3.0,4.0,,No,1,83,-12.8,FB-8829
FB-8830,TRX-11986,1.0,3.0,Dañado,Maybe,0,70,-67.2,FB-8830
FB-8831,TRX-16041,2.0,2.0,Lento,Maybe,1,39,60.6,FB-8831
FB-8832,TRX-11253,2.0,5.0,No volvería,,1,41,64.9,FB-8832
FB-8833,TRX-11723,3.0,1.0,,,1,83,-27.6,FB-8833
FB-8834,TRX-18264,4.0,4.0,Excelente,Sí,1,43,-54.8,FB-8834
FB-8835,TRX-15341,2.0,3.0,Lento,Sí,0,53,86.3,FB-8835
FB-8836,TRX-16719,1.0,3.0,No volvería,Maybe,0,54,-6.2,FB-8836
FB-8837,TRX-17388,3.0,3.0,,Sí,0,35,47.2,FB-8837
FB-8838,TRX-12700,2.0,5.0,Lento,Maybe,1,44,24.3,FB-8838
FB-8839,TRX-14141,3.0,1.0,,,1,36,39.9,FB-8839
FB-8840,TRX-13397,4.0,5.0,Lento,Sí,0,75,-96.3,FB-8840
FB-8841,TRX-18291,5.0,4.0,Lento,Maybe,1,53,25.2,FB-8841
FB-8842,TRX-10731,3.0,1.0,Dañado,Maybe,1,50,9.9,FB-8842
FB-8843,TRX-17572,4.0,2.0,Dañado,,0,78,50.7,FB-8843
FB-8844,TRX-10437,2.0,2.0,Precio justo,Maybe,0,23,87.5,FB-8844
FB-8845,TRX-11199,2.0,5.0,Excelente,No,1,21,66.0,FB-8845
FB-8846,TRX-17567,4.0,5.0,Excelente,No,1,26,-11.6,FB-8846
FB-8847,TRX-16244,2.0,5.0,Dañado,Maybe,0,42,19.1,FB-8847
FB-8848,TRX-15630,2.0,2.0,Lento,Sí,0,40,-52.3,FB-8848
FB-8849,TRX-16542,2.0,2.0,Lento,No,1,74,-99.5,FB-8849
FB-8850,TRX-13185,4.0,1.0,,No,0,43,-70.9,FB-8850
FB-8851,TRX-16499,4.0,1.0,,No,0,21,-85.6,FB-8851
FB-8852,TRX-10618,3.0,5.0,No volvería,No,0,38,50.0,FB-8852
FB-8853,TRX-10175,1.0,3.0,,Sí,1,42,-62.5,FB-8853
FB-8854,TRX-14105,5.0,1.0,,,1,48,-77.7,FB-8854
FB-8855,TRX-11878,2.0,2.0,No volvería,Sí,1,24,-43.0,FB-8855
FB-8856,TRX-12236,1.0,4.0,No volvería,,0,30,86.7,FB-8856
FB-8857,TRX-15359,1.0,3.0,,No,0,72,-45.0,FB-8857
FB-8858,TRX-17606,4.0,2.0,,No,0,26,31.4,FB-8858
FB-8859,TRX-17942,4.0,3.0,Excelente,Sí,1,75,66.7,FB-8859
FB-8860,TRX-17558,1.0,4.0,Excelente,Sí,0,60,65.8,FB-8860
FB-8861,TRX-11117,4.0,5.0,No volvería,,0,47,88.7,FB-8861
FB-8862,TRX-11352,3.0,3.0,No volvería,Sí,1,78,-27.5,FB-8862
FB-8863,TRX-18985,3.0,4.0,No volvería,Maybe,1,84,-2.4,FB-8863
FB-8864,TRX-13969,5.0,4.0,Excelente,Sí,0,71,-52.5,FB-8864
FB-8865,TRX-17171,5.0,3.0,Dañado,No,1,56,-87.0,FB-8865
FB-8866,TRX-12297,5.0,3.0,,Sí,1,46,95.6,FB-8866
FB-8867,TRX-17713,2.0,3.0,,No,0,38,73.3,FB-8867
FB-8868,TRX-14573,3.0,3.0,,Maybe,0,29,-37.0,FB-8868
FB-8869,TRX-12643,2.0,5.0,,No,1,40,58.0,FB-8869
FB-8870,TRX-12794,3.0,2.0,Lento,Sí,1,34,65.9,FB-8870
FB-8871,TRX-10295,1.0,1.0,,,0,78,-51.0,FB-8871
FB-8872,TRX-19944,2.0,5.0,,Maybe,0,48,86.8,FB-8872
FB-8873,TRX-11646,5.0,3.0,Dañado,Maybe,0,29,-35.9,FB-8873
FB-8874,TRX-12903,3.0,4.0,Excelente,Sí,1,65,13.6,FB-8874
FB-8875,TRX-14819,5.0,5.0,Excelente,Maybe,1,39,59.5,FB-8875
FB-8876,TRX-12034,4.0,1.0,No volvería,No,0,69,18.0,FB-8876
FB-8877,TRX-18759,3.0,1.0,Dañado,,0,22,-48.1,FB-8877
FB-8878,TRX-16403,3.0,5.0,Excelente,Sí,0,80,86.5,FB-8878
FB-8879,TRX-12759,5.0,4.0,Precio justo,Maybe,1,23,-99.3,FB-8879
FB-8880,TRX-11271,5.0,4.0,Dañado,No,0,81,5.0,FB-8880
FB-8881,TRX-10183,5.0,4.0,,No,1,75,-91.1,FB-8881
FB-8882,TRX-14476,3.0,2.0,Dañado,Maybe,1,42,31.0,FB-8882
FB-8883,TRX-12514,1.0,4.0,,Sí,0,70,-91.5,FB-8883
FB-8884,TRX-17219,4.0,1.0,Excelente,No,0,37,-88.7,FB-8884
FB-8885,TRX-15866,5.0,3.0,Lento,Maybe,0,20,-1.4,FB-8885
FB-8886,TRX-12915,1.0,3.0,Excelente,Sí,1,81,37.6,FB-8886
FB-8887,TRX-13549,5.0,1.0,Dañado,Sí,1,24,-15.8,FB-8887
FB-8888,TRX-10564,3.0,4.0,Precio justo,No,0,20,82.8,FB-8888
FB-8889,TRX-18721,1.0,3.0,Dañado,Sí,1,60,85.4,FB-8889
FB-8890,TRX-13541,3.0,1.0,,,0,62,-10.3,FB-8890
FB-8891,TRX-17242,2.0,4.0,Excelente,No,0,21,20.4,FB-8891
FB-8892,TRX-10782,5.0,2.0,,Sí,1,51,95.8,FB-8892
FB-8893,TRX-18566,4.0,3.0,No volvería,,0,61,64.3,FB-8893
FB-8894,TRX-11684,1.0,4.0,,,0,59,-73.1,FB-8894
FB-8895,TRX-16399,2.0,4.0,Lento,No,0,75,-85.8,FB-8895
FB-8896,TRX-15051,5.0,3.0,Dañado,Maybe,0,69,13.9,FB-8896
FB-8897,TRX-17274,2.0,4.0,Precio justo,Sí,1,66,68.5,FB-8897
FB-8898,TRX-10858,1.0,5.0,Precio justo,,1,29,51.4,FB-8898
FB-8899,TRX-19800,4.0,5.0,Precio justo,No,0,68,25.3,FB-8899
FB-8900,TRX-10076,3.0,2.0,Lento,Sí,0,24,67.0,FB-8900
FB-8901,TRX-10797,1.0,1.0,,Maybe,0,79,-74.0,FB-8901
FB-8902,TRX-16183,4.0,5.0,Dañado,Sí,0,76,-5.8,FB-8902
FB-8903,TRX-13305,3.0,5.0,No volvería,Maybe,1,57,57.9,FB-8903
FB-8904,TRX-14091,5.0,2.0,Excelente,Sí,0,67,-68.0,FB-8904
FB-8905,TRX-16138,2.0,5.0,,Sí,0,57,-25.3,FB-8905
FB-8906,TRX-13908,3.0,5.0,,Maybe,1,42,-8.2,FB-8906
FB-8907,TRX-13276,5.0,3.0,Dañado,Maybe,0,23,-85.0,FB-8907
FB-8908,TRX-11497,2.0,2.0,Dañado,No,1,81,-95.5,FB-8908
FB-8909,TRX-10262,3.0,4.0,No volvería,No,1,61,1.5,FB-8909
FB-8910,TRX-16908,5.0,4.0,Lento,Maybe,1,18,81.4,FB-8910
FB-8911,TRX-10457,5.0,1.0,,,0,22,-79.5,FB-8911
FB-8912,TRX-10238,3.0,1.0,Excelente,Sí,0,61,-74.1,FB-8912
FB-8913,TRX-15523,1.0,5.0,Excelente,Maybe,1,75,-88.5,FB-8913
FB-8914,TRX-13148,4.0,5.0,Excelente,,0,35,-27.6,FB-8914
FB-8915,TRX-11035,4.0,4.0,,,1,62,-21.2,FB-8915
FB-8916,TRX-13613,1.0,2.0,,No,0,75,96.7,FB-8916
FB-8917,TRX-11582,5.0,3.0,Dañado,No,1,58,64.6,FB-8917
FB-8918,TRX-12750,2.0,1.0,No volvería,Sí,1,52,-26.9,FB-8918
FB-8919,TRX-12736,1.0,5.0,No volvería,No,0,53,-23.9,FB-8919
FB-8920,TRX-10721,5.0,1.0,Lento,Sí,1,59,-16.8,FB-8920
FB-8921,TRX-16810,3.0,4.0,No volvería,Maybe,1,19,18.1,FB-8921
FB-8922,TRX-18396,3.0,2.0,No volvería,Sí,0,35,75.3,FB-8922
FB-8923,TRX-11764,5.0,4.0,Excelente,No,1,52,-54.1,FB-8923
FB-8924,TRX-15359,3.0,3.0,Lento,No,0,39,-50.9,FB-8924
FB-8925,TRX-15286,4.0,2.0,No volvería,,0,72,98.1,FB-8925
FB-8926,TRX-19208,1.0,3.0,,No,1,64,-2.2,FB-8926
FB-8927,TRX-13105,4.0,3.0,No volvería,,0,41,36.9,FB-8927
FB-8928,TRX-13393,5.0,2.0,No volvería,No,1,49,61.7,FB-8928
FB-8929,TRX-18875,1.0,3.0,No volvería,,0,28,-2.1,FB-8929
FB-8930,TRX-16472,3.0,1.0,Excelente,Sí,1,27,-96.7,FB-8930
FB-8931,TRX-17010,1.0,5.0,,Sí,0,60,49.9,FB-8931
FB-8932,TRX-11979,1.0,2.0,,Sí,1,24,16.6,FB-8932
FB-8933,TRX-13807,3.0,4.0,Dañado,,0,65,75.5,FB-8933
FB-8934,TRX-13502,2.0,4.0,,Sí,0,40,60.1,FB-8934
FB-8935,TRX-11734,3.0,5.0,,Maybe,1,25,-21.0,FB-8935
FB-8936,TRX-15842,4.0,4.0,,Sí,0,24,-91.5,FB-8936
FB-8937,TRX-15298,2.0,5.0,,Sí,1,27,10.0,FB-8937
FB-8938,TRX-12844,4.0,1.0,Lento,,0,29,96.2,FB-8938
FB-8939,TRX-10245,5.0,4.0,Dañado,Sí,1,54,-65.7,FB-8939
FB-8940,TRX-16588,4.0,4.0,,No,0,43,1.4,FB-8940
FB-8941,TRX-15181,1.0,1.0,Excelente,,0,22,-76.0,FB-8941
FB-8942,TRX-10196,5.0,4.0,Dañado,Sí,1,68,87.8,FB-8942
FB-8943,TRX-16376,2.0,4.0,,Maybe,0,64,65.5,FB-8943
FB-8944,TRX-13485,4.0,1.0,No volvería,,1,24,7.4,FB-8944
FB-8945,TRX-17516,5.0,1.0,,Sí,1,53,27.7,FB-8945
FB-8946,TRX-13606,4.0,1.0,Lento,Maybe,1,24,29.2,FB-8946
FB-8947,TRX-11081,1.0,4.0,No volvería,,1,56,90.8,FB-8947
FB-8948,TRX-14562,1.0,5.0,Lento,No,0,59,94.2,FB-8948
FB-8949,TRX-16045,2.0,5.0,Dañado,No,0,71,33.0,FB-8949
FB-8950,TRX-10719,3.0,2.0,No volvería,Sí,0,23,-41.2,FB-8950
FB-8951,TRX-11103,3.0,2.0,Excelente,Maybe,0,82,27.9,FB-8951
FB-8952,TRX-13580,1.0,4.0,No volvería,No,0,19,11.2,FB-8952
FB-8953,TRX-16735,5.0,4.0,Precio justo,Maybe,0,84,57.8,FB-8953
FB-8954,TRX-14940,2.0,5.0,,No,0,31,72.6,FB-8954
FB-8955,TRX-19811,4.0,3.0,Excelente,,1,41,27.5,FB-8955
FB-8956,TRX-18185,4.0,2.0,Lento,No,0,58,3.4,FB-8956
FB-8957,TRX-11668,5.0,5.0,Precio justo,Maybe,0,71,71.4,FB-8957
FB-8958,TRX-18784,3.0,4.0,,Maybe,1,19,-10.7,FB-8958
FB-8959,TRX-19325,1.0,2.0,No volvería,Sí,1,35,-4.6,FB-8959
FB-8960,TRX-12809,1.0,2.0,,,1,35,-96.6,FB-8960
FB-8961,TRX-14127,2.0,2.0,,No,1,36,-85.6,FB-8961
FB-8962,TRX-11552,1.0,4.0,No volvería,,0,54,-14.1,FB-8962
FB-8963,TRX-19828,3.0,5.0,No volvería,,1,38,-98.5,FB-8963
FB-8964,TRX-15314,3.0,3.0,No volvería,Maybe,0,79,-59.3,FB-8964
FB-8965,TRX-16366,5.0,4.0,,Sí,0,38,35.9,FB-8965
FB-8966,TRX-12177,2.0,2.0,Precio justo,,0,60,25.8,FB-8966
FB-8967,TRX-15440,2.0,1.0,Excelente,Maybe,0,75,13.4,FB-8967
FB-8968,TRX-12872,1.0,5.0,,No,0,52,65.0,FB-8968
FB-8969,TRX-15209,4.0,4.0,Precio justo,Maybe,0,33,-27.7,FB-8969
FB-8970,TRX-17899,2.0,2.0,Excelente,Sí,1,69,32.0,FB-8970
FB-8971,TRX-11106,1.0,3.0,Dañado,Maybe,0,48,28.9,FB-8971
FB-8972,TRX-15490,4.0,2.0,Dañado,,0,27,31.8,FB-8972
FB-8973,TRX-10289,1.0,2.0,Excelente,Maybe,0,65,34.8,FB-8973
FB-8974,TRX-19970,5.0,4.0,Excelente,Maybe,0,81,60.5,FB-8974
FB-8975,TRX-19585,2.0,3.0,Excelente,Maybe,1,66,21.7,FB-8975
FB-8976,TRX-17354,1.0,1.0,,,0,21,75.2,FB-8976
FB-8977,TRX-16264,5.0,4.0,Dañado,Sí,1,57,-14.5,FB-8977
FB-8978,TRX-18372,1.0,5.0,,No,1,77,94.7,FB-8978
FB-8979,TRX-13808,3.0,3.0,Excelente,,1,58,-93.3,FB-8979
FB-8980,TRX-18248,1.0,1.0,Excelente,No,1,64,-73.2,FB-8980
FB-8981,TRX-19625,3.0,1.0,,No,1,60,-83.3,FB-8981
FB-8982,TRX-10217,2.0,3.0,Precio justo,,1,81,-12.3,FB-8982
FB-8983,TRX-13811,1.0,5.0,Lento,,0,32,17.6,FB-8983
FB-8984,TRX-10347,5.0,2.0,No volvería,,0,46,-11.5,FB-8984
FB-8985,TRX-12032,2.0,4.0,No volvería,,1,47,-58.0,FB-8985
FB-8986,TRX-15060,2.0,5.0,,Sí,0,46,-53.6,FB-8986
FB-8987,TRX-13873,3.0,1.0,Precio justo,Sí,1,51,61.4,FB-8987
FB-8988,TRX-17020,2.0,5.0,,Maybe,0,80,-89.3,FB-8988
FB-8989,TRX-13990,1.0,2.0,Excelente,No,1,29,98.3,FB-8989
FB-8990,TRX-11300,1.0,5.0,Lento,No,0,42,44.1,FB-8990
FB-8991,TRX-10981,3.0,5.0,Precio justo,,0,25,84.2,FB-8991
FB-8992,TRX-12253,1.0,1.0,Lento,,1,22,-63.4,FB-8992
FB-8993,TRX-16136,3.0,5.0,Dañado,No,1,36,11.8,FB-8993
FB-8994,TRX-18171,4.0,4.0,Lento,,0,45,5.8,FB-8994
FB-8995,TRX-14859,3.0,3.0,Precio justo,Sí,1,41,24.2,FB-8995
FB-8996,TRX-13309,5.0,1.0,,Maybe,1,55,55.5,FB-8996
FB-8997,TRX-12484,5.0,3.0,,Maybe,0,48,42.7,FB-8997
FB-8998,TRX-16156,1.0,5.0,No volvería,No,0,65,-21.4,FB-8998
FB-8999,TRX-13348,4.0,2.0,,Sí,0,20,73.9,FB-8999
FB-9000,TRX-10621,5.0,1.0,Dañado,Sí,0,50,-97.2,FB-9000
FB-9001,TRX-13900,5.0,5.0,Lento,,0,20,-49.4,FB-9001
FB-9002,TRX-19798,5.0,5.0,No volvería,,0,64,3.9,FB-9002
FB-9003,TRX-17270,1.0,2.0,Lento,,1,55,71.8,FB-9003
FB-9004,TRX-15385,2.0,5.0,,Maybe,1,46,-20.2,FB-9004
FB-9005,TRX-12199,2.0,4.0,Lento,Maybe,1,62,55.2,FB-9005
FB-9006,TRX-14556,2.0,2.0,Excelente,Sí,1,38,-47.0,FB-9006
FB-9007,TRX-15202,1.0,1.0,No volvería,Sí,1,66,93.9,FB-9007
FB-9008,TRX-10648,2.0,1.0,,Sí,0,66,-96.9,FB-9008
FB-9009,TRX-18533,3.0,3.0,,,1,43,-64.6,FB-9009
FB-9010,TRX-16797,1.0,4.0,Dañado,Maybe,0,47,-95.6,FB-9010
FB-9011,TRX-14726,1.0,4.0,Dañado,,1,45,-96.6,FB-9011
FB-9012,TRX-10388,4.0,1.0,Dañado,,1,39,81.1,FB-9012
FB-9013,TRX-13752,5.0,5.0,Lento,Maybe,0,45,-44.8,FB-9013
FB-9014,TRX-15427,4.0,4.0,,,1,81,-53.1,FB-9014
FB-9015,TRX-15615,2.0,4.0,No volvería,Maybe,1,36,-46.6,FB-9015
FB-9016,TRX-13969,1.0,5.0,Dañado,No,0,64,60.6,FB-9016
FB-9017,TRX-13372,1.0,2.0,,Sí,0,64,-37.6,FB-9017
FB-9018,TRX-18836,2.0,5.0,Dañado,No,1,65,18.6,FB-9018
FB-9019,TRX-10885,5.0,3.0,,Sí,1,19,71.7,FB-9019
FB-9020,TRX-14068,4.0,3.0,,Sí,1,40,-36.2,FB-9020
FB-9021,TRX-13644,5.0,1.0,Lento,No,0,22,-70.8,FB-9021
FB-9022,TRX-19962,2.0,2.0,Precio justo,Maybe,0,60,-86.5,FB-9022
FB-9023,TRX-16250,4.0,4.0,,,1,31,12.7,FB-9023
FB-9024,TRX-18543,4.0,1.0,Dañado,No,0,45,21.2,FB-9024
FB-9025,TRX-15269,5.0,1.0,No volvería,Sí,0,23,74.2,FB-9025
FB-9026,TRX-13007,5.0,4.0,Dañado,Maybe,0,37,-5.3,FB-9026
FB-9027,TRX-17247,1.0,4.0,Lento,No,0,84,73.4,FB-9027
FB-9028,TRX-10099,1.0,5.0,Precio justo,Maybe,0,48,2.9,FB-9028
FB-9029,TRX-11058,5.0,3.0,Precio justo,No,1,67,18.0,FB-9029
FB-9030,TRX-18055,2.0,4.0,,No,1,60,7.5,FB-9030
FB-9031,TRX-11146,5.0,5.0,No volvería,Maybe,0,29,-39.9,FB-9031
FB-9032,TRX-13153,1.0,3.0,,Maybe,1,65,68.7,FB-9032
FB-9033,TRX-10853,4.0,2.0,Precio justo,Maybe,0,45,76.9,FB-9033
FB-9034,TRX-12318,2.0,2.0,,Maybe,1,56,69.7,FB-9034
FB-9035,TRX-13345,1.0,2.0,Dañado,No,1,26,-78.5,FB-9035
FB-9036,TRX-12057,2.0,4.0,,,0,50,33.3,FB-9036
FB-9037,TRX-11503,2.0,3.0,Excelente,Maybe,1,60,-11.2,FB-9037
FB-9038,TRX-12845,4.0,3.0,Lento,No,1,18,-80.4,FB-9038
FB-9039,TRX-19709,1.0,2.0,Dañado,Maybe,1,27,-87.6,FB-9039
FB-9040,TRX-18992,5.0,1.0,,,1,35,39.6,FB-9040
FB-9041,TRX-13348,2.0,3.0,Dañado,No,1,26,-20.5,FB-9041
FB-9042,TRX-13871,2.0,3.0,Lento,,0,30,-23.6,FB-9042
FB-9043,TRX-18313,4.0,5.0,Lento,No,1,60,-57.4,FB-9043
FB-9044,TRX-11280,1.0,2.0,Dañado,No,1,21,20.4,FB-9044
FB-9045,TRX-16983,2.0,1.0,Precio justo,Maybe,1,60,-70.3,FB-9045
FB-9046,TRX-17652,2.0,5.0,No volvería,,1,48,-99.2,FB-9046
FB-9047,TRX-15103,3.0,1.0,Dañado,Sí,1,42,-97.2,FB-9047
FB-9048,TRX-12689,3.0,1.0,Excelente,,1,34,-26.4,FB-9048
FB-9049,TRX-13236,2.0,1.0,Dañado,Sí,1,83,43.8,FB-9049
FB-9050,TRX-14012,3.0,4.0,,,1,45,20.5,FB-9050
FB-9051,TRX-16947,4.0,3.0,Excelente,Maybe,0,31,-49.9,FB-9051
FB-9052,TRX-12890,5.0,3.0,,,0,30,-79.6,FB-9052
FB-9053,TRX-19926,3.0,5.0,Dañado,,0,31,-27.6,FB-9053
FB-9054,TRX-14079,3.0,1.0,,Sí,0,35,79.3,FB-9054
FB-9055,TRX-14966,1.0,1.0,Dañado,Sí,1,26,-30.6,FB-9055
FB-9056,TRX-14675,5.0,3.0,Excelente,,0,61,-76.0,FB-9056
FB-9057,TRX-19444,3.0,1.0,No volvería,Maybe,1,44,78.2,FB-9057
FB-9058,TRX-17344,5.0,1.0,Excelente,Sí,1,58,-35.2,FB-9058
FB-9059,TRX-13299,5.0,1.0,No volvería,Maybe,0,73,54.4,FB-9059
FB-9060,TRX-14454,1.0,2.0,,Sí,1,61,-45.4,FB-9060
FB-9061,TRX-17883,2.0,2.0,No volvería,No,0,27,73.8,FB-9061
FB-9062,TRX-11310,2.0,2.0,Excelente,No,0,49,-83.6,FB-9062
FB-9063,TRX-15891,3.0,5.0,,No,0,43,-49.4,FB-9063
FB-9064,TRX-16524,1.0,1.0,Lento,No,1,58,45.5,FB-9064
FB-9065,TRX-16188,3.0,2.0,Excelente,No,0,63,-21.1,FB-9065
FB-9066,TRX-12748,3.0,2.0,Lento,No,0,31,10.1,FB-9066
FB-9067,TRX-17712,2.0,4.0,,Maybe,0,62,-44.6,FB-9067
FB-9068,TRX-17231,1.0,5.0,,Maybe,0,43,-27.7,FB-9068
FB-9069,TRX-16925,5.0,2.0,,Sí,0,24,21.3,FB-9069
FB-9070,TRX-18278,2.0,2.0,,,1,54,58.5,FB-9070
FB-9071,TRX-19984,3.0,2.0,,,0,67,78.4,FB-9071
FB-9072,TRX-17101,3.0,4.0,,,0,83,-28.2,FB-9072
FB-9073,TRX-12553,4.0,4.0,Dañado,,1,46,26.1,FB-9073
FB-9074,TRX-17897,1.0,5.0,Lento,No,1,72,-0.4,FB-9074
FB-9075,TRX-10324,5.0,1.0,,,1,26,31.3,FB-9075
FB-9076,TRX-16249,5.0,1.0,Precio justo,No,1,48,24.4,FB-9076
FB-9077,TRX-17002,3.0,5.0,Dañado,,0,35,24.0,FB-9077
FB-9078,TRX-11363,4.0,1.0,,Sí,1,69,-12.7,FB-9078
FB-9079,TRX-14918,4.0,3.0,Dañado,Maybe,1,47,-41.3,FB-9079
FB-9080,TRX-19751,1.0,1.0,Lento,No,1,28,-15.8,FB-9080
FB-9081,TRX-18801,3.0,4.0,Lento,Maybe,0,42,67.4,FB-9081
FB-9082,TRX-12503,3.0,4.0,Precio justo,,1,43,-31.4,FB-9082
FB-9083,TRX-19057,3.0,2.0,Dañado,Maybe,1,27,72.3,FB-9083
FB-9084,TRX-12878,1.0,4.0,Lento,,1,49,-66.7,FB-9084
FB-9085,TRX-14215,5.0,3.0,Excelente,Maybe,1,71,10.7,FB-9085
FB-9086,TRX-16233,2.0,3.0,No volvería,Maybe,1,42,-78.2,FB-9086
FB-9087,TRX-17596,4.0,3.0,,,1,46,-11.5,FB-9087
FB-9088,TRX-15011,5.0,2.0,No volvería,,1,52,94.1,FB-9088
FB-9089,TRX-17431,2.0,1.0,Lento,No,0,69,25.3,FB-9089
FB-9090,TRX-14640,5.0,2.0,,Maybe,1,29,-96.4,FB-9090
FB-9091,TRX-16146,5.0,4.0,Precio justo,No,0,65,64.5,FB-9091
FB-9092,TRX-19210,5.0,3.0,Lento,,0,24,0.1,FB-9092
FB-9093,TRX-19929,5.0,2.0,Precio justo,,1,70,34.3,FB-9093
FB-9094,TRX-17878,3.0,2.0,Dañado,Sí,1,62,28.4,FB-9094
FB-9095,TRX-11178,5.0,3.0,Excelente,Sí,0,50,-62.3,FB-9095
FB-9096,TRX-15459,2.0,5.0,Dañado,Sí,1,74,-18.9,FB-9096
FB-9097,TRX-12238,2.0,3.0,,,1,35,-57.0,FB-9097
FB-9098,TRX-17688,4.0,5.0,Excelente,Maybe,1,33,-64.3,FB-9098
FB-9099,TRX-13206,1.0,3.0,Precio justo,,1,65,11.4,FB-9099
FB-9100,TRX-12535,2.0,1.0,Lento,,1,58,-59.3,FB-9100
FB-9101,TRX-13106,2.0,5.0,Lento,Sí,0,80,-59.7,FB-9101
FB-9102,TRX-10068,2.0,5.0,Lento,Maybe,1,46,25.3,FB-9102
FB-9103,TRX-10210,2.0,2.0,Lento,No,1,34,-19.6,FB-9103
FB-9104,TRX-18203,1.0,5.0,Dañado,Sí,1,43,-59.5,FB-9104
FB-9105,TRX-16131,1.0,4.0,Dañado,,0,48,-23.3,FB-9105
FB-9106,TRX-18051,5.0,2.0,Precio justo,,1,57,15.9,FB-9106
FB-9107,TRX-16628,2.0,2.0,Excelente,Maybe,0,66,19.8,FB-9107
FB-9108,TRX-16812,2.0,1.0,Excelente,No,0,25,79.6,FB-9108
FB-9109,TRX-16465,4.0,2.0,,Maybe,1,66,86.0,FB-9109
FB-9110,TRX-16113,4.0,2.0,Excelente,Maybe,0,81,-59.4,FB-9110
FB-9111,TRX-16292,4.0,4.0,Lento,No,1,62,-1.9,FB-9111
FB-9112,TRX-18020,4.0,2.0,Dañado,No,0,57,-10.9,FB-9112
FB-9113,TRX-15043,5.0,5.0,No volvería,Sí,1,19,53.5,FB-9113
FB-9114,TRX-19638,3.0,1.0,No volvería,Maybe,1,70,-61.5,FB-9114
FB-9115,TRX-11167,4.0,4.0,Lento,Sí,1,72,-54.8,FB-9115
FB-9116,TRX-16697,4.0,3.0,,Maybe,0,41,-68.4,FB-9116
FB-9117,TRX-10636,1.0,3.0,No volvería,Maybe,1,45,46.5,FB-9117
FB-9118,TRX-12039,2.0,3.0,Excelente,Sí,1,23,-54.5,FB-9118
FB-9119,TRX-16304,5.0,4.0,Excelente,Sí,0,57,-16.1,FB-9119
FB-9120,TRX-19266,2.0,3.0,Precio justo,Maybe,0,84,-48.1,FB-9120
FB-9121,TRX-12660,3.0,5.0,Lento,,1,83,96.5,FB-9121
FB-9122,TRX-13182,5.0,3.0,Precio justo,No,1,27,29.6,FB-9122
FB-9123,TRX-17148,3.0,3.0,Excelente,Maybe,1,20,-42.9,FB-9123
FB-9124,TRX-14182,2.0,1.0,Dañado,Sí,0,28,-76.8,FB-9124
FB-9125,TRX-15711,1.0,3.0,Lento,,1,42,-12.3,FB-9125
FB-9126,TRX-18349,4.0,3.0,,Maybe,1,83,-63.8,FB-9126
FB-9127,TRX-18005,2.0,2.0,,Maybe,1,26,-66.6,FB-9127
FB-9128,TRX-16032,5.0,5.0,Precio justo,,0,78,-41.0,FB-9128
FB-9129,TRX-10945,4.0,4.0,Precio justo,No,1,76,93.3,FB-9129
FB-9130,TRX-16313,5.0,1.0,Excelente,No,1,18,-20.0,FB-9130
FB-9131,TRX-16947,3.0,4.0,Precio justo,No,0,40,-57.9,FB-9131
FB-9132,TRX-14043,5.0,3.0,,Sí,0,18,-34.3,FB-9132
FB-9133,TRX-13970,1.0,2.0,Excelente,No,0,28,-4.5,FB-9133
FB-9134,TRX-17827,3.0,3.0,Dañado,,0,46,-85.6,FB-9134
FB-9135,TRX-10565,2.0,3.0,Precio justo,,0,24,-39.0,FB-9135
FB-9136,TRX-15921,4.0,1.0,Excelente,Maybe,1,55,-71.4,FB-9136
FB-9137,TRX-10462,4.0,1.0,Excelente,No,1,21,-81.9,FB-9137
FB-9138,TRX-12422,1.0,4.0,Dañado,Sí,0,27,81.8,FB-9138
FB-9139,TRX-14281,5.0,3.0,Precio justo,,0,71,-43.2,FB-9139
FB-9140,TRX-19919,2.0,4.0,,Sí,0,47,-58.2,FB-9140
FB-9141,TRX-17462,5.0,3.0,,,1,27,40.1,FB-9141
FB-9142,TRX-12414,5.0,1.0,,,1,71,-88.5,FB-9142
FB-9143,TRX-14166,1.0,2.0,Dañado,,0,58,94.6,FB-9143
FB-9144,TRX-14053,3.0,4.0,Dañado,Sí,1,24,97.0,FB-9144
FB-9145,TRX-19865,3.0,4.0,Dañado,,1,73,53.0,FB-9145
FB-9146,TRX-19475,1.0,5.0,,,0,37,97.4,FB-9146
FB-9147,TRX-12644,1.0,5.0,Precio justo,,0,23,-48.8,FB-9147
FB-9148,TRX-10202,1.0,2.0,No volvería,Sí,1,33,-49.1,FB-9148
FB-9149,TRX-11912,5.0,5.0,,,1,33,73.8,FB-9149
FB-9150,TRX-11512,5.0,2.0,Excelente,,1,40,21.5,FB-9150
FB-9151,TRX-16297,2.0,3.0,Excelente,No,0,20,44.6,FB-9151
FB-9152,TRX-16515,1.0,5.0,Dañado,,0,45,-97.2,FB-9152
FB-9153,TRX-19603,5.0,5.0,Dañado,Maybe,0,36,-7.2,FB-9153
FB-9154,TRX-11316,3.0,4.0,No volvería,Maybe,1,75,-44.3,FB-9154
FB-9155,TRX-18495,1.0,2.0,Lento,,0,78,-69.2,FB-9155
FB-9156,TRX-13093,3.0,4.0,,,0,57,3.8,FB-9156
FB-9157,TRX-16929,4.0,5.0,Excelente,Maybe,0,20,-44.6,FB-9157
FB-9158,TRX-12716,2.0,3.0,,Maybe,1,50,8.7,FB-9158
FB-9159,TRX-16993,4.0,1.0,Lento,Sí,0,25,-84.4,FB-9159
FB-9160,TRX-14143,2.0,2.0,Dañado,Maybe,0,56,59.5,FB-9160
FB-9161,TRX-14951,1.0,2.0,Excelente,Sí,0,59,89.9,FB-9161
FB-9162,TRX-18202,2.0,3.0,Excelente,Maybe,1,45,25.9,FB-9162
FB-9163,TRX-18735,5.0,3.0,Dañado,,1,46,-71.4,FB-9163
FB-9164,TRX-16271,3.0,2.0,Lento,,0,37,49.8,FB-9164
FB-9165,TRX-19602,5.0,2.0,Lento,Maybe,0,69,75.7,FB-9165
FB-9166,TRX-15045,1.0,3.0,Precio justo,Maybe,0,53,-26.7,FB-9166
FB-9167,TRX-16743,4.0,3.0,Precio justo,Maybe,1,38,2.8,FB-9167
FB-9168,TRX-11456,3.0,3.0,No volvería,Maybe,1,54,-87.3,FB-9168
FB-9169,TRX-11790,1.0,5.0,,,1,35,9.5,FB-9169
FB-9170,TRX-19381,5.0,2.0,No volvería,Sí,0,35,-90.5,FB-9170
FB-9171,TRX-15642,5.0,2.0,Lento,No,0,73,-29.6,FB-9171
FB-9172,TRX-12338,2.0,3.0,Dañado,No,1,83,-44.3,FB-9172
FB-9173,TRX-14407,2.0,4.0,Lento,Sí,0,19,-63.4,FB-9173
FB-9174,TRX-13432,4.0,1.0,Excelente,Maybe,1,38,70.6,FB-9174
FB-9175,TRX-16520,2.0,2.0,Precio justo,Sí,0,33,20.7,FB-9175
FB-9176,TRX-15047,2.0,5.0,Precio justo,,1,53,35.6,FB-9176
FB-9177,TRX-10105,2.0,1.0,,Sí,1,51,-1.5,FB-9177
FB-9178,TRX-12759,4.0,4.0,,No,0,37,49.5,FB-9178
FB-9179,TRX-18056,1.0,5.0,,Sí,0,40,-26.0,FB-9179
FB-9180,TRX-10025,3.0,3.0,,Maybe,1,50,-11.7,FB-9180
FB-9181,TRX-11587,1.0,4.0,Lento,Sí,0,24,-83.4,FB-9181
FB-9182,TRX-11144,1.0,3.0,Excelente,No,0,68,-36.1,FB-9182
FB-9183,TRX-16845,1.0,5.0,Lento,Maybe,1,62,-78.9,FB-9183
FB-9184,TRX-18600,5.0,5.0,,,1,65,-3.7,FB-9184
FB-9185,TRX-16829,3.0,3.0,,No,1,81,87.7,FB-9185
FB-9186,TRX-14724,3.0,1.0,,Maybe,1,31,62.2,FB-9186
FB-9187,TRX-17060,5.0,2.0,Lento,Maybe,0,67,-12.6,FB-9187
FB-9188,TRX-12795,5.0,2.0,Lento,,1,26,-39.9,FB-9188
FB-9189,TRX-12890,2.0,5.0,Excelente,No,0,61,-34.1,FB-9189
FB-9190,TRX-16138,5.0,4.0,Precio justo,No,1,38,-5.5,FB-9190
FB-9191,TRX-13053,4.0,3.0,Dañado,Sí,1,81,-51.4,FB-9191
FB-9192,TRX-12200,5.0,4.0,,Sí,0,73,-32.4,FB-9192
FB-9193,TRX-13244,2.0,3.0,No volvería,Maybe,0,28,-1.5,FB-9193
FB-9194,TRX-17970,5.0,4.0,,Maybe,1,74,68.2,FB-9194
FB-9195,TRX-12981,4.0,3.0,Excelente,Maybe,1,55,-80.9,FB-9195
FB-9196,TRX-18234,5.0,5.0,Precio justo,Maybe,1,45,-19.0,FB-9196
FB-9197,TRX-11806,1.0,1.0,Lento,,0,24,-61.9,FB-9197
FB-9198,TRX-17383,3.0,2.0,Dañado,Sí,1,51,27.4,FB-9198
FB-9199,TRX-19291,4.0,4.0,No volvería,,1,19,14.1,FB-9199
FB-9200,TRX-13482,3.0,2.0,,,1,50,15.5,FB-9200
FB-9201,TRX-13041,4.0,4.0,No volvería,Sí,0,61,6.6,FB-9201
FB-9202,TRX-13292,4.0,5.0,Excelente,No,0,83,46.7,FB-9202
FB-9203,TRX-10966,1.0,5.0,Lento,Sí,0,39,-69.2,FB-9203
FB-9204,TRX-12993,1.0,4.0,,,0,75,-62.8,FB-9204
FB-9205,TRX-13143,3.0,4.0,Lento,Maybe,0,18,41.8,FB-9205
FB-9206,TRX-14249,2.0,4.0,Dañado,Sí,1,54,-73.6,FB-9206
FB-9207,TRX-16697,3.0,5.0,No volvería,,0,74,45.4,FB-9207
FB-9208,TRX-17220,4.0,1.0,Excelente,,0,28,-67.1,FB-9208
FB-9209,TRX-11789,4.0,1.0,Lento,Maybe,1,78,98.3,FB-9209
FB-9210,TRX-12721,4.0,4.0,No volvería,No,0,31,-91.0,FB-9210
FB-9211,TRX-11307,3.0,3.0,No volvería,,1,24,55.3,FB-9211
FB-9212,TRX-14802,2.0,1.0,Precio justo,,0,58,-53.6,FB-9212
FB-9213,TRX-11404,2.0,5.0,Dañado,No,0,32,-35.3,FB-9213
FB-9214,TRX-16188,3.0,5.0,Lento,,0,79,82.4,FB-9214
FB-9215,TRX-12042,4.0,5.0,Precio justo,Sí,1,75,-38.7,FB-9215
FB-9216,TRX-14534,3.0,2.0,Dañado,Sí,1,64,-24.6,FB-9216
FB-9217,TRX-11052,3.0,2.0,Precio justo,,0,53,-63.6,FB-9217
FB-9218,TRX-15605,5.0,5.0,Lento,,1,21,-84.6,FB-9218
FB-9219,TRX-10486,5.0,1.0,Excelente,No,0,75,-78.4,FB-9219
FB-9220,TRX-19595,1.0,2.0,Precio justo,Maybe,1,77,18.7,FB-9220
FB-9221,TRX-13846,1.0,3.0,Precio justo,Sí,1,46,-90.6,FB-9221
FB-9222,TRX-17829,3.0,4.0,No volvería,No,0,82,-54.9,FB-9222
FB-9223,TRX-17949,5.0,2.0,,Maybe,1,44,-21.3,FB-9223
FB-9224,TRX-11651,4.0,2.0,Lento,Sí,0,24,-78.3,FB-9224
FB-9225,TRX-10155,1.0,1.0,Precio justo,Sí,0,82,49.7,FB-9225
FB-9226,TRX-11000,4.0,1.0,,,1,58,94.3,FB-9226
FB-9227,TRX-14359,4.0,3.0,Excelente,Maybe,1,59,79.0,FB-9227
FB-9228,TRX-10118,1.0,3.0,Precio justo,,1,52,90.7,FB-9228
FB-9229,TRX-19542,3.0,3.0,Dañado,No,1,51,9.0,FB-9229
FB-9230,TRX-10685,5.0,3.0,Excelente,Maybe,0,26,-70.4,FB-9230
FB-9231,TRX-11586,1.0,2.0,Excelente,Maybe,0,66,33.4,FB-9231
FB-9232,TRX-13458,2.0,3.0,Precio justo,,0,39,-88.1,FB-9232
FB-9233,TRX-18557,2.0,3.0,Precio justo,Sí,0,54,-4.8,FB-9233
FB-9234,TRX-10118,4.0,5.0,No volvería,Sí,1,77,57.9,FB-9234
FB-9235,TRX-16154,2.0,2.0,Lento,,1,29,71.0,FB-9235
FB-9236,TRX-19879,4.0,2.0,No volvería,No,0,53,-40.9,FB-9236
FB-9237,TRX-18520,5.0,2.0,Dañado,,1,59,-55.6,FB-9237
FB-9238,TRX-14355,1.0,4.0,Lento,Maybe,0,19,37.9,FB-9238
FB-9239,TRX-17961,1.0,3.0,No volvería,Sí,0,48,-72.2,FB-9239
FB-9240,TRX-17753,5.0,3.0,No volvería,No,1,37,98.8,FB-9240
FB-9241,TRX-15521,4.0,3.0,Precio justo,Maybe,0,55,-33.6,FB-9241
FB-9242,TRX-19902,3.0,1.0,No volvería,,0,22,49.9,FB-9242
FB-9243,TRX-17036,2.0,1.0,Precio justo,Sí,0,33,45.1,FB-9243
FB-9244,TRX-15514,5.0,1.0,Excelente,No,1,77,-38.0,FB-9244
FB-9245,TRX-16074,2.0,4.0,Lento,Sí,1,20,-22.8,FB-9245
FB-9246,TRX-15620,3.0,3.0,Precio justo,No,1,50,68.3,FB-9246
FB-9247,TRX-15164,4.0,2.0,,,0,35,-54.4,FB-9247
FB-9248,TRX-13925,2.0,2.0,,No,1,21,-88.0,FB-9248
FB-9249,TRX-15918,4.0,5.0,,Maybe,0,61,-70.5,FB-9249
FB-9250,TRX-16528,3.0,1.0,,Sí,1,52,36.8,FB-9250
FB-9251,TRX-16200,4.0,4.0,No volvería,No,1,51,-52.5,FB-9251
FB-9252,TRX-10937,3.0,5.0,,Maybe,1,54,13.4,FB-9252
FB-9253,TRX-15833,1.0,4.0,Precio justo,Sí,0,33,-21.3,FB-9253
FB-9254,TRX-15410,2.0,2.0,Excelente,,1,77,73.6,FB-9254
FB-9255,TRX-11641,2.0,3.0,Dañado,Maybe,1,40,-2.5,FB-9255
FB-9256,TRX-10050,3.0,2.0,Dañado,Maybe,1,28,-72.1,FB-9256
FB-9257,TRX-17486,3.0,2.0,Excelente,Sí,1,51,66.6,FB-9257
FB-9258,TRX-16583,5.0,1.0,No volvería,,1,75,-83.5,FB-9258
FB-9259,TRX-12275,3.0,2.0,Lento,No,1,65,65.6,FB-9259
FB-9260,TRX-10420,3.0,4.0,Lento,Maybe,1,23,-91.7,FB-9260
FB-9261,TRX-19861,4.0,3.0,Precio justo,Sí,0,20,-99.3,FB-9261
FB-9262,TRX-12013,4.0,1.0,,Sí,0,75,51.1,FB-9262
FB-9263,TRX-18693,2.0,5.0,Dañado,Sí,0,40,12.0,FB-9263
FB-9264,TRX-14578,4.0,2.0,Excelente,No,0,74,-57.0,FB-9264
FB-9265,TRX-14072,4.0,1.0,,Sí,0,18,93.2,FB-9265
FB-9266,TRX-16036,2.0,1.0,No volvería,No,0,20,27.4,FB-9266
FB-9267,TRX-17404,1.0,1.0,Excelente,,0,40,-52.3,FB-9267
FB-9268,TRX-17785,5.0,4.0,Dañado,No,1,18,-16.8,FB-9268
FB-9269,TRX-18436,4.0,5.0,Excelente,Sí,1,22,82.6,FB-9269
FB-9270,TRX-16768,1.0,1.0,Excelente,Sí,1,45,-59.3,FB-9270
FB-9271,TRX-13079,5.0,4.0,Excelente,Maybe,0,61,85.4,FB-9271
FB-9272,TRX-10051,2.0,5.0,Precio justo,No,0,30,-56.6,FB-9272
FB-9273,TRX-15278,4.0,3.0,No volvería,Maybe,0,42,-95.3,FB-9273
FB-9274,TRX-10272,4.0,4.0,Lento,No,0,46,-46.3,FB-9274
FB-9275,TRX-15901,3.0,1.0,,Sí,1,18,-89.1,FB-9275
FB-9276,TRX-10749,4.0,2.0,,Maybe,1,83,-53.4,FB-9276
FB-9277,TRX-15333,4.0,4.0,No volvería,Maybe,0,51,-45.6,FB-9277
FB-9278,TRX-17279,1.0,3.0,Dañado,,0,76,-16.7,FB-9278
FB-9279,TRX-13826,1.0,5.0,,,1,82,-43.5,FB-9279
FB-9280,TRX-19941,4.0,3.0,Lento,Sí,1,39,42.3,FB-9280
FB-9281,TRX-17938,5.0,5.0,,Sí,1,70,94.2,FB-9281
FB-9282,TRX-16556,2.0,4.0,Precio justo,Maybe,1,48,-90.5,FB-9282
FB-9283,TRX-11333,1.0,5.0,Lento,,1,83,2.6,FB-9283
FB-9284,TRX-15707,5.0,1.0,Lento,Sí,1,20,-47.7,FB-9284
FB-9285,TRX-17010,4.0,4.0,Lento,Sí,0,63,-7.5,FB-9285
FB-9286,TRX-17800,3.0,2.0,Excelente,,1,61,40.9,FB-9286
FB-9287,TRX-11645,1.0,3.0,Dañado,,0,58,75.4,FB-9287
FB-9288,TRX-16305,1.0,3.0,,No,1,30,77.3,FB-9288
FB-9289,TRX-14814,3.0,4.0,Precio justo,Sí,1,27,-67.4,FB-9289
FB-9290,TRX-19947,4.0,2.0,,,0,79,12.5,FB-9290
FB-9291,TRX-13196,1.0,4.0,Dañado,No,1,23,-43.4,FB-9291
FB-9292,TRX-12345,4.0,1.0,Excelente,,0,67,-0.4,FB-9292
FB-9293,TRX-18520,5.0,1.0,Precio justo,No,0,56,84.0,FB-9293
FB-9294,TRX-19369,1.0,2.0,,Sí,0,60,-87.9,FB-9294
FB-9295,TRX-18267,4.0,4.0,,,1,59,18.8,FB-9295
FB-9296,TRX-10520,5.0,2.0,Excelente,,0,57,-28.1,FB-9296
FB-9297,TRX-12094,1.0,2.0,Precio justo,Sí,0,22,73.6,FB-9297
FB-9298,TRX-18158,2.0,1.0,Precio justo,Maybe,0,84,-56.3,FB-9298
FB-9299,TRX-11426,4.0,1.0,No volvería,No,1,78,-33.4,FB-9299
FB-9300,TRX-14937,5.0,2.0,Excelente,No,1,32,-95.9,FB-9300
FB-9301,TRX-18990,2.0,2.0,Dañado,,0,27,-14.0,FB-9301
FB-9302,TRX-17648,4.0,5.0,,Sí,0,18,26.6,FB-9302
FB-9303,TRX-12753,1.0,1.0,,Sí,1,80,-60.8,FB-9303
FB-9304,TRX-17311,4.0,2.0,,Maybe,0,33,27.1,FB-9304
FB-9305,TRX-11895,5.0,5.0,Excelente,Sí,0,45,48.9,FB-9305
FB-9306,TRX-17899,1.0,2.0,,Sí,0,54,-61.5,FB-9306
FB-9307,TRX-18858,1.0,5.0,Excelente,Maybe,1,71,51.1,FB-9307
FB-9308,TRX-13946,1.0,2.0,Excelente,No,0,28,86.6,FB-9308
FB-9309,TRX-13987,3.0,4.0,No volvería,Sí,1,54,-55.5,FB-9309
FB-9310,TRX-13467,5.0,1.0,No volvería,Sí,0,55,-73.0,FB-9310
FB-9311,TRX-12792,2.0,2.0,No volvería,No,1,51,-33.3,FB-9311
FB-9312,TRX-11465,1.0,3.0,No volvería,No,0,39,-61.9,FB-9312
FB-9313,TRX-11728,5.0,3.0,Excelente,Maybe,0,72,55.0,FB-9313
FB-9314,TRX-17125,3.0,5.0,,No,1,21,-73.4,FB-9314
FB-9315,TRX-10478,3.0,1.0,Dañado,Sí,0,61,-95.5,FB-9315
FB-9316,TRX-12625,1.0,5.0,Lento,No,0,22,-29.6,FB-9316
FB-9317,TRX-15349,5.0,1.0,Excelente,,0,73,56.9,FB-9317
FB-9318,TRX-16283,3.0,3.0,,Maybe,0,36,30.3,FB-9318
FB-9319,TRX-14593,1.0,3.0,Dañado,Sí,0,32,6.1,FB-9319
FB-9320,TRX-13610,4.0,5.0,Lento,Maybe,0,68,-8.4,FB-9320
FB-9321,TRX-14220,4.0,4.0,Lento,Maybe,1,42,29.9,FB-9321
FB-9322,TRX-17803,4.0,3.0,No volvería,Maybe,0,70,-1.6,FB-9322
FB-9323,TRX-12016,2.0,1.0,Lento,Maybe,1,84,55.0,FB-9323
FB-9324,TRX-12224,5.0,2.0,,Maybe,0,61,73.3,FB-9324
FB-9325,TRX-18757,4.0,2.0,,No,1,55,-65.3,FB-9325
FB-9326,TRX-18060,3.0,2.0,Dañado,Maybe,0,78,-53.6,FB-9326
FB-9327,TRX-11481,2.0,3.0,No volvería,Maybe,0,63,2.7,FB-9327
FB-9328,TRX-15452,4.0,4.0,Excelente,Maybe,0,77,73.2,FB-9328
FB-9329,TRX-13666,1.0,3.0,Excelente,,0,49,83.7,FB-9329
FB-9330,TRX-19436,3.0,1.0,No volvería,Sí,0,40,-74.8,FB-9330
FB-9331,TRX-19841,2.0,3.0,,Maybe,1,36,-39.4,FB-9331
FB-9332,TRX-11059,2.0,3.0,No volvería,,1,44,53.9,FB-9332
FB-9333,TRX-15623,3.0,3.0,Lento,Sí,0,51,86.7,FB-9333
FB-9334,TRX-16176,4.0,3.0,,No,1,83,-83.8,FB-9334
FB-9335,TRX-16252,1.0,1.0,Lento,Maybe,0,70,-6.1,FB-9335
FB-9336,TRX-19206,1.0,3.0,Dañado,Maybe,1,26,-0.9,FB-9336
FB-9337,TRX-17159,1.0,4.0,No volvería,,1,48,-98.3,FB-9337
FB-9338,TRX-13823,2.0,5.0,Excelente,Maybe,1,73,70.9,FB-9338
FB-9339,TRX-13662,4.0,1.0,Dañado,No,0,53,-78.5,FB-9339
FB-9340,TRX-14244,3.0,4.0,Excelente,Sí,0,42,67.5,FB-9340
FB-9341,TRX-11895,5.0,2.0,,,1,18,-95.8,FB-9341
FB-9342,TRX-14767,1.0,2.0,Excelente,,0,22,96.6,FB-9342
FB-9343,TRX-11436,3.0,1.0,Dañado,Maybe,1,68,5.0,FB-9343
FB-9344,TRX-11824,3.0,5.0,Excelente,No,0,50,-40.2,FB-9344
FB-9345,TRX-11460,1.0,3.0,No volvería,No,1,70,21.3,FB-9345
FB-9346,TRX-15574,5.0,1.0,,Maybe,1,78,-43.2,FB-9346
FB-9347,TRX-19702,2.0,3.0,,Sí,0,52,-78.5,FB-9347
FB-9348,TRX-13082,2.0,3.0,No volvería,Sí,1,52,-49.6,FB-9348
FB-9349,TRX-11902,4.0,2.0,Dañado,,1,44,68.2,FB-9349
FB-9350,TRX-19385,3.0,5.0,Excelente,No,0,28,-50.6,FB-9350
FB-9351,TRX-16025,2.0,3.0,Excelente,No,0,45,-17.8,FB-9351
FB-9352,TRX-12087,3.0,1.0,Lento,Sí,1,27,9.9,FB-9352
FB-9353,TRX-15134,2.0,2.0,Precio justo,Sí,1,52,74.0,FB-9353
FB-9354,TRX-16229,4.0,3.0,Dañado,,1,35,-97.8,FB-9354
FB-9355,TRX-19452,3.0,2.0,,,1,22,76.4,FB-9355
FB-9356,TRX-10027,3.0,2.0,Excelente,No,0,23,48.2,FB-9356
FB-9357,TRX-15092,5.0,1.0,Dañado,,1,47,-22.6,FB-9357
FB-9358,TRX-11013,1.0,1.0,Lento,,0,82,98.4,FB-9358
FB-9359,TRX-19667,1.0,4.0,Dañado,Sí,0,79,-88.2,FB-9359
FB-9360,TRX-18775,1.0,3.0,No volvería,Maybe,0,65,47.6,FB-9360
FB-9361,TRX-13110,4.0,2.0,Excelente,Sí,0,41,44.0,FB-9361
FB-9362,TRX-16359,2.0,4.0,Lento,Sí,1,60,89.4,FB-9362
FB-9363,TRX-16941,1.0,1.0,No volvería,Sí,1,35,64.9,FB-9363
FB-9364,TRX-15237,2.0,5.0,Precio justo,Maybe,1,50,15.1,FB-9364
FB-9365,TRX-15980,1.0,2.0,Precio justo,Maybe,0,26,-53.5,FB-9365
FB-9366,TRX-12069,5.0,5.0,Dañado,Maybe,0,69,2.0,FB-9366
FB-9367,TRX-18515,2.0,5.0,Excelente,No,0,28,-79.5,FB-9367
FB-9368,TRX-19856,4.0,2.0,Precio justo,Maybe,1,19,-2.3,FB-9368
FB-9369,TRX-19679,4.0,4.0,Lento,Sí,0,44,-61.2,FB-9369
FB-9370,TRX-13639,2.0,4.0,Excelente,Sí,1,35,86.9,FB-9370
FB-9371,TRX-11746,4.0,2.0,,No,0,51,-18.7,FB-9371
FB-9372,TRX-16476,3.0,3.0,Lento,,0,71,-70.1,FB-9372
FB-9373,TRX-10150,4.0,5.0,Lento,No,1,28,-95.3,FB-9373
FB-9374,TRX-18819,5.0,4.0,Lento,Sí,0,83,-33.9,FB-9374
FB-9375,TRX-17546,5.0,2.0,,Sí,0,48,-88.4,FB-9375
FB-9376,TRX-15176,2.0,1.0,,Maybe,1,61,-8.1,FB-9376
FB-9377,TRX-12370,4.0,1.0,Precio justo,No,1,73,-90.6,FB-9377
FB-9378,TRX-14863,2.0,2.0,Dañado,Maybe,0,36,66.7,FB-9378
FB-9379,TRX-13586,1.0,3.0,Precio justo,,0,49,-6.9,FB-9379
FB-9380,TRX-18189,3.0,1.0,Precio justo,Maybe,0,53,58.6,FB-9380
FB-9381,TRX-17467,2.0,3.0,,Maybe,1,31,-27.2,FB-9381
FB-9382,TRX-12415,2.0,2.0,Dañado,Maybe,0,62,53.6,FB-9382
FB-9383,TRX-19854,2.0,2.0,No volvería,,0,18,-18.9,FB-9383
FB-9384,TRX-14643,2.0,5.0,Lento,Maybe,1,69,34.3,FB-9384
FB-9385,TRX-12389,5.0,2.0,,Sí,0,50,42.6,FB-9385
FB-9386,TRX-10562,3.0,3.0,No volvería,,0,51,20.5,FB-9386
FB-9387,TRX-19812,1.0,4.0,Lento,Maybe,1,33,-89.0,FB-9387
FB-9388,TRX-15245,3.0,1.0,No volvería,No,1,19,-26.6,FB-9388
FB-9389,TRX-15060,2.0,1.0,Lento,No,0,79,55.3,FB-9389
FB-9390,TRX-18230,5.0,5.0,Dañado,Maybe,1,36,84.9,FB-9390
FB-9391,TRX-12022,1.0,4.0,,No,0,32,32.1,FB-9391
FB-9392,TRX-14480,2.0,3.0,Dañado,No,0,33,93.5,FB-9392
FB-9393,TRX-19403,2.0,3.0,,,1,45,-45.1,FB-9393
FB-9394,TRX-17836,4.0,5.0,Dañado,,0,23,-72.7,FB-9394
FB-9395,TRX-13534,3.0,2.0,Excelente,Sí,0,44,-34.4,FB-9395
FB-9396,TRX-18110,3.0,4.0,,,1,56,35.6,FB-9396
FB-9397,TRX-14775,3.0,1.0,,Sí,0,28,-21.9,FB-9397
FB-9398,TRX-16171,4.0,4.0,Lento,Maybe,0,30,31.8,FB-9398
FB-9399,TRX-10963,5.0,5.0,,,0,42,40.4,FB-9399
FB-9400,TRX-15458,5.0,2.0,Dañado,Sí,0,50,22.8,FB-9400
FB-9401,TRX-12501,5.0,4.0,No volvería,,0,58,55.8,FB-9401
FB-9402,TRX-13450,1.0,2.0,Excelente,Maybe,0,54,-53.4,FB-9402
FB-9403,TRX-13687,4.0,4.0,,No,0,31,-78.1,FB-9403
FB-9404,TRX-10861,4.0,1.0,Excelente,No,1,38,-90.3,FB-9404
FB-9405,TRX-12933,5.0,3.0,,Sí,1,60,95.2,FB-9405
FB-9406,TRX-17987,5.0,4.0,Dañado,,0,61,43.6,FB-9406
FB-9407,TRX-16419,5.0,3.0,Precio justo,No,1,59,-52.3,FB-9407
FB-9408,TRX-14900,4.0,3.0,Dañado,,0,44,-4.6,FB-9408
FB-9409,TRX-12608,5.0,3.0,,Maybe,0,50,-87.6,FB-9409
FB-9410,TRX-10353,3.0,5.0,,Maybe,0,48,32.9,FB-9410
FB-9411,TRX-18977,5.0,1.0,,Sí,1,33,93.4,FB-9411
FB-9412,TRX-16427,3.0,3.0,Precio justo,No,1,24,41.2,FB-9412
FB-9413,TRX-15528,2.0,1.0,Dañado,No,0,33,24.5,FB-9413
FB-9414,TRX-16921,2.0,4.0,Lento,Maybe,0,63,84.4,FB-9414
FB-9415,TRX-17756,4.0,1.0,No volvería,Maybe,1,21,2.5,FB-9415
FB-9416,TRX-15706,1.0,2.0,,Sí,0,20,49.0,FB-9416
FB-9417,TRX-16412,2.0,3.0,,Sí,1,36,86.6,FB-9417
FB-9418,TRX-16407,4.0,4.0,,Sí,0,46,29.4,FB-9418
FB-9419,TRX-11176,4.0,3.0,Precio justo,Sí,1,82,5.2,FB-9419
FB-9420,TRX-18648,3.0,3.0,Precio justo,,1,38,16.1,FB-9420
FB-9421,TRX-14637,3.0,4.0,,Maybe,1,72,53.9,FB-9421
FB-9422,TRX-14626,5.0,4.0,Excelente,,0,28,-89.6,FB-9422
FB-9423,TRX-13196,2.0,5.0,Precio justo,Sí,1,53,-34.4,FB-9423
FB-9424,TRX-18978,3.0,5.0,Lento,Maybe,1,56,-89.7,FB-9424
FB-9425,TRX-16451,1.0,5.0,No volvería,No,0,67,57.2,FB-9425
FB-9426,TRX-11594,4.0,1.0,Precio justo,Sí,1,45,83.0,FB-9426
FB-9427,TRX-12144,5.0,2.0,Excelente,Maybe,0,37,-20.1,FB-9427
FB-9428,TRX-15298,3.0,2.0,,No,0,56,-49.6,FB-9428
FB-9429,TRX-19509,3.0,1.0,No volvería,,1,42,-91.9,FB-9429
FB-9430,TRX-10886,3.0,5.0,Precio justo,Sí,1,63,-98.6,FB-9430
FB-9431,TRX-14981,2.0,2.0,Lento,,0,49,9.1,FB-9431
FB-9432,TRX-17496,3.0,5.0,Lento,,0,80,-33.3,FB-9432
FB-9433,TRX-12681,4.0,4.0,No volvería,Sí,1,61,92.8,FB-9433
FB-9434,TRX-19456,3.0,1.0,Excelente,Maybe,1,58,63.5,FB-9434
FB-9435,TRX-12253,1.0,5.0,Lento,Maybe,0,26,-9.8,FB-9435
FB-9436,TRX-17239,3.0,1.0,Dañado,,1,55,-60.3,FB-9436
FB-9437,TRX-17904,5.0,3.0,Dañado,Maybe,1,54,-23.4,FB-9437
FB-9438,TRX-14769,5.0,1.0,Precio justo,Sí,1,59,-85.7,FB-9438
FB-9439,TRX-12372,1.0,1.0,Lento,,0,40,24.5,FB-9439
FB-9440,TRX-13436,5.0,5.0,Dañado,No,1,33,73.0,FB-9440
FB-9441,TRX-13573,2.0,1.0,Precio justo,,1,56,-12.9,FB-9441
FB-9442,TRX-13205,4.0,3.0,Precio justo,Sí,1,71,-3.9,FB-9442
FB-9443,TRX-10149,4.0,4.0,Precio justo,Sí,0,44,87.6,FB-9443
FB-9444,TRX-15934,2.0,2.0,Excelente,Maybe,1,63,-38.1,FB-9444
FB-9445,TRX-19431,5.0,4.0,Precio justo,No,0,63,-79.7,FB-9445
FB-9446,TRX-11670,1.0,1.0,Excelente,Sí,1,37,-86.2,FB-9446
FB-9447,TRX-12418,1.0,3.0,Dañado,,1,62,53.6,FB-9447
FB-9448,TRX-16169,4.0,3.0,Precio justo,Maybe,0,49,-56.3,FB-9448
FB-9449,TRX-16997,1.0,4.0,Dañado,,1,49,99.8,FB-9449
FB-9450,TRX-12756,2.0,5.0,Lento,Sí,1,66,92.6,FB-9450
FB-9451,TRX-10922,4.0,2.0,Excelente,Maybe,0,64,70.8,FB-9451
FB-9452,TRX-11573,3.0,1.0,,Sí,0,57,0.8,FB-9452
FB-9453,TRX-15825,2.0,1.0,,Maybe,0,22,1.6,FB-9453
FB-9454,TRX-17763,2.0,4.0,Dañado,Sí,1,79,86.4,FB-9454
FB-9455,TRX-12943,1.0,3.0,Precio justo,Maybe,0,26,-40.5,FB-9455
FB-9456,TRX-10859,1.0,3.0,Dañado,Sí,1,35,-2.7,FB-9456
FB-9457,TRX-11922,1.0,5.0,Precio justo,,1,63,-19.5,FB-9457
FB-9458,TRX-18444,3.0,2.0,No volvería,,0,18,-28.3,FB-9458
FB-9459,TRX-15545,2.0,1.0,,,1,23,78.4,FB-9459
FB-9460,TRX-19722,5.0,4.0,Excelente,No,1,38,44.9,FB-9460
FB-9461,TRX-17107,4.0,5.0,Lento,No,0,52,88.9,FB-9461
FB-9462,TRX-12434,1.0,2.0,Dañado,Maybe,1,75,-85.6,FB-9462
FB-9463,TRX-16619,1.0,1.0,,No,1,66,65.5,FB-9463
FB-9464,TRX-14014,2.0,2.0,,No,1,31,-34.4,FB-9464
FB-9465,TRX-10556,3.0,1.0,Dañado,Sí,0,23,18.2,FB-9465
FB-9466,TRX-11946,1.0,2.0,No volvería,No,1,37,40.7,FB-9466
FB-9467,TRX-13946,3.0,2.0,Precio justo,No,1,40,-71.7,FB-9467
FB-9468,TRX-16498,3.0,4.0,Lento,No,1,31,49.7,FB-9468
FB-9469,TRX-18005,5.0,5.0,Precio justo,No,1,68,-31.9,FB-9469
FB-9470,TRX-14959,3.0,3.0,Precio justo,Maybe,0,19,-44.3,FB-9470
FB-9471,TRX-19767,5.0,2.0,Dañado,No,0,66,-5.7,FB-9471
FB-9472,TRX-12826,4.0,4.0,Dañado,Maybe,0,24,56.6,FB-9472
FB-9473,TRX-16150,3.0,3.0,Dañado,,0,67,-18.2,FB-9473
FB-9474,TRX-11468,4.0,5.0,,No,1,31,9.0,FB-9474
FB-9475,TRX-17596,3.0,5.0,Excelente,,0,37,-52.3,FB-9475
FB-9476,TRX-16260,5.0,2.0,Excelente,Sí,1,30,-36.4,FB-9476
FB-9477,TRX-14509,5.0,1.0,Dañado,No,0,74,88.3,FB-9477
FB-9478,TRX-17292,4.0,5.0,Precio justo,Sí,0,66,83.8,FB-9478
FB-9479,TRX-16018,2.0,4.0,Lento,,0,84,77.5,FB-9479
FB-9480,TRX-10190,2.0,2.0,Lento,,1,22,-22.3,FB-9480
FB-9481,TRX-11966,2.0,5.0,Precio justo,No,0,70,-94.1,FB-9481
FB-9482,TRX-11910,3.0,2.0,,No,1,69,83.8,FB-9482
FB-9483,TRX-11353,2.0,1.0,,Sí,0,63,-19.8,FB-9483
FB-9484,TRX-11999,4.0,5.0,No volvería,Maybe,0,76,60.7,FB-9484
FB-9485,TRX-18015,2.0,2.0,Precio justo,,0,26,3.1,FB-9485
FB-9486,TRX-18351,4.0,4.0,Lento,,0,70,78.7,FB-9486
FB-9487,TRX-13685,4.0,5.0,No volvería,Sí,0,32,-76.6,FB-9487
FB-9488,TRX-10377,3.0,1.0,,Maybe,0,21,66.0,FB-9488
FB-9489,TRX-19614,5.0,3.0,,Sí,0,51,73.5,FB-9489
FB-9490,TRX-19387,3.0,3.0,No volvería,,1,79,-42.0,FB-9490
FB-9491,TRX-19381,3.0,2.0,Lento,,1,69,25.0,FB-9491
FB-9492,TRX-17856,1.0,5.0,No volvería,No,1,53,-89.0,FB-9492
FB-9493,TRX-14484,2.0,5.0,,Maybe,1,75,-37.3,FB-9493
FB-9494,TRX-11549,2.0,1.0,Excelente,Maybe,0,63,-25.5,FB-9494
FB-9495,TRX-19713,4.0,3.0,Dañado,No,0,54,-81.0,FB-9495
FB-9496,TRX-12967,5.0,4.0,,Maybe,0,83,-13.3,FB-9496
FB-9497,TRX-16290,2.0,3.0,,Sí,1,58,29.6,FB-9497
FB-9498,TRX-17932,2.0,5.0,No volvería,Maybe,1,45,29.8,FB-9498
FB-9499,TRX-17105,5.0,4.0,No volvería,,1,71,-6.0,FB-9499
FB-9500,TRX-14888,3.0,4.0,Excelente,Sí,1,47,-75.3,FB-9500
FB-9501,TRX-19362,2.0,1.0,Excelente,Sí,0,48,-84.2,FB-9501
FB-9502,TRX-12051,1.0,2.0,Precio justo,,0,25,64.5,FB-9502
FB-9503,TRX-11629,2.0,2.0,,No,0,65,11.9,FB-9503
FB-9504,TRX-15328,1.0,1.0,Lento,,0,75,50.0,FB-9504
FB-9505,TRX-11040,3.0,5.0,Precio justo,No,0,21,-93.4,FB-9505
FB-9506,TRX-18806,3.0,5.0,,No,0,35,-11.7,FB-9506
FB-9507,TRX-13029,1.0,2.0,Lento,Sí,1,39,80.8,FB-9507
FB-9508,TRX-16640,4.0,3.0,,Maybe,0,44,41.6,FB-9508
FB-9509,TRX-10323,1.0,1.0,Excelente,Sí,1,49,53.3,FB-9509
FB-9510,TRX-16451,4.0,3.0,Dañado,,1,57,-5.8,FB-9510
FB-9511,TRX-19110,5.0,1.0,Lento,Maybe,1,78,49.0,FB-9511
FB-9512,TRX-18788,5.0,1.0,Lento,Sí,1,53,34.4,FB-9512
FB-9513,TRX-18684,1.0,2.0,Excelente,No,0,27,-73.3,FB-9513
FB-9514,TRX-18004,4.0,2.0,No volvería,No,1,20,-81.8,FB-9514
FB-9515,TRX-11047,3.0,3.0,Precio justo,Sí,1,80,-64.7,FB-9515
FB-9516,TRX-18501,1.0,5.0,Dañado,,0,27,-84.1,FB-9516
FB-9517,TRX-19580,1.0,4.0,,Maybe,0,38,15.6,FB-9517
FB-9518,TRX-18830,4.0,3.0,,Sí,1,55,93.0,FB-9518
FB-9519,TRX-12033,5.0,1.0,Lento,No,0,37,54.7,FB-9519
FB-9520,TRX-13399,3.0,4.0,No volvería,No,0,32,49.1,FB-9520
FB-9521,TRX-11922,4.0,4.0,Excelente,No,1,38,66.0,FB-9521
FB-9522,TRX-12960,4.0,4.0,Lento,,0,36,80.2,FB-9522
FB-9523,TRX-19815,3.0,4.0,No volvería,Maybe,0,25,-39.2,FB-9523
FB-9524,TRX-12948,1.0,4.0,,Sí,1,59,-82.0,FB-9524
FB-9525,TRX-10087,1.0,3.0,Precio justo,Maybe,1,39,50.3,FB-9525
FB-9526,TRX-19088,2.0,2.0,Excelente,Sí,1,34,-14.6,FB-9526
FB-9527,TRX-17327,3.0,2.0,No volvería,,1,29,89.1,FB-9527
FB-9528,TRX-15149,4.0,1.0,,Sí,0,80,86.7,FB-9528
FB-9529,TRX-12015,2.0,5.0,No volvería,No,1,76,94.8,FB-9529
FB-9530,TRX-10641,2.0,3.0,Lento,No,0,65,55.0,FB-9530
FB-9531,TRX-12110,2.0,4.0,,,0,44,22.6,FB-9531
FB-9532,TRX-19422,1.0,2.0,,Maybe,1,81,53.4,FB-9532
FB-9533,TRX-13378,5.0,1.0,,No,1,80,-45.0,FB-9533
FB-9534,TRX-12641,2.0,4.0,Precio justo,Sí,0,60,-99.6,FB-9534
FB-9535,TRX-11438,4.0,1.0,,No,0,45,-7.8,FB-9535
FB-9536,TRX-19215,1.0,4.0,,Sí,0,46,27.9,FB-9536
FB-9537,TRX-14206,5.0,4.0,,Maybe,0,35,67.8,FB-9537
FB-9538,TRX-10573,5.0,2.0,Excelente,No,0,63,-89.8,FB-9538
FB-9539,TRX-11386,2.0,2.0,Excelente,No,1,74,-90.9,FB-9539
FB-9540,TRX-12043,2.0,4.0,Precio justo,Sí,0,27,87.3,FB-9540
FB-9541,TRX-18292,1.0,2.0,Dañado,,0,69,-59.7,FB-9541
FB-9542,TRX-14891,2.0,3.0,Lento,,0,44,37.7,FB-9542
FB-9543,TRX-15956,1.0,4.0,,No,0,35,-70.6,FB-9543
FB-9544,TRX-18919,5.0,2.0,No volvería,Maybe,0,58,80.2,FB-9544
FB-9545,TRX-12811,4.0,1.0,,Maybe,1,70,49.6,FB-9545
FB-9546,TRX-16931,4.0,1.0,Lento,,0,30,-89.1,FB-9546
FB-9547,TRX-10001,3.0,1.0,,No,1,40,-45.6,FB-9547
FB-9548,TRX-14068,3.0,5.0,Precio justo,,0,68,94.0,FB-9548
FB-9549,TRX-14925,3.0,1.0,No volvería,Sí,1,57,69.2,FB-9549
FB-9550,TRX-10756,4.0,1.0,Dañado,Maybe,0,57,-90.5,FB-9550
FB-9551,TRX-18510,2.0,3.0,,,0,67,-38.5,FB-9551
FB-9552,TRX-14807,1.0,3.0,Precio justo,No,1,46,-34.2,FB-9552
FB-9553,TRX-18750,4.0,5.0,Lento,,0,39,-4.1,FB-9553
FB-9554,TRX-17289,3.0,3.0,No volvería,No,1,75,-44.8,FB-9554
FB-9555,TRX-12291,3.0,2.0,Excelente,,1,59,65.9,FB-9555
FB-9556,TRX-19454,2.0,1.0,No volvería,,0,40,-5.8,FB-9556
FB-9557,TRX-18035,3.0,2.0,No volvería,Maybe,1,19,-97.5,FB-9557
FB-9558,TRX-15127,3.0,5.0,Precio justo,,1,57,-22.1,FB-9558
FB-9559,TRX-18563,1.0,2.0,Dañado,Sí,0,43,18.6,FB-9559
FB-9560,TRX-15769,2.0,2.0,No volvería,,1,39,31.9,FB-9560
FB-9561,TRX-19931,5.0,2.0,,No,0,63,-80.7,FB-9561
FB-9562,TRX-18818,5.0,3.0,No volvería,No,0,77,-0.5,FB-9562
FB-9563,TRX-18365,3.0,1.0,,Sí,1,32,-13.9,FB-9563
FB-9564,TRX-13438,3.0,2.0,,Sí,0,64,-64.8,FB-9564
FB-9565,TRX-11622,1.0,4.0,Dañado,No,0,77,-64.0,FB-9565
FB-9566,TRX-10732,5.0,1.0,Dañado,,0,34,94.6,FB-9566
FB-9567,TRX-13884,2.0,1.0,,Sí,1,35,-17.3,FB-9567
FB-9568,TRX-10601,2.0,4.0,No volvería,,1,83,28.1,FB-9568
FB-9569,TRX-13081,4.0,5.0,Excelente,Sí,1,54,-58.8,FB-9569
FB-9570,TRX-12321,4.0,5.0,Excelente,,1,41,91.3,FB-9570
FB-9571,TRX-14910,2.0,1.0,Excelente,Sí,1,32,89.4,FB-9571
FB-9572,TRX-13526,4.0,3.0,Precio justo,No,1,68,58.7,FB-9572
FB-9573,TRX-12198,1.0,5.0,Precio justo,,1,41,-12.8,FB-9573
FB-9574,TRX-19865,3.0,5.0,Excelente,Sí,0,40,-17.0,FB-9574
FB-9575,TRX-19045,2.0,2.0,Excelente,,0,64,78.0,FB-9575
FB-9576,TRX-13539,5.0,2.0,Excelente,Maybe,0,79,73.7,FB-9576
FB-9577,TRX-19695,5.0,5.0,Dañado,Maybe,0,80,84.9,FB-9577
FB-9578,TRX-15882,2.0,3.0,,Sí,0,29,-45.4,FB-9578
FB-9579,TRX-14544,4.0,2.0,Lento,Maybe,1,27,32.4,FB-9579
FB-9580,TRX-12105,4.0,3.0,Precio justo,Sí,0,72,34.4,FB-9580
FB-9581,TRX-16914,2.0,1.0,,Sí,0,62,-28.0,FB-9581
FB-9582,TRX-11218,2.0,3.0,Precio justo,Maybe,0,54,-81.1,FB-9582
FB-9583,TRX-19008,2.0,2.0,Precio justo,No,1,26,-79.1,FB-9583
FB-9584,TRX-14177,1.0,4.0,Lento,Sí,0,73,68.6,FB-9584
FB-9585,TRX-14270,5.0,3.0,No volvería,Sí,1,66,-31.7,FB-9585
FB-9586,TRX-16255,1.0,5.0,Precio justo,Maybe,0,83,78.1,FB-9586
FB-9587,TRX-12675,1.0,3.0,No volvería,,1,75,-42.7,FB-9587
FB-9588,TRX-16554,3.0,3.0,Dañado,Maybe,0,70,-59.5,FB-9588
FB-9589,TRX-17472,1.0,3.0,,Sí,1,40,-21.4,FB-9589
FB-9590,TRX-11364,5.0,5.0,Excelente,,0,29,44.8,FB-9590
FB-9591,TRX-14164,4.0,3.0,Excelente,,0,46,24.0,FB-9591
FB-9592,TRX-16968,5.0,4.0,Dañado,Maybe,1,44,-70.0,FB-9592
FB-9593,TRX-12346,2.0,5.0,Excelente,,1,37,96.2,FB-9593
FB-9594,TRX-18780,2.0,4.0,Dañado,No,1,71,95.7,FB-9594
FB-9595,TRX-13338,2.0,4.0,Excelente,No,1,65,-45.6,FB-9595
FB-9596,TRX-11156,1.0,4.0,Dañado,No,1,73,6.0,FB-9596
FB-9597,TRX-14413,3.0,5.0,Dañado,Sí,1,39,-54.5,FB-9597
FB-9598,TRX-13156,4.0,2.0,Excelente,Maybe,0,40,98.4,FB-9598
FB-9599,TRX-16097,1.0,5.0,No volvería,Maybe,0,51,-30.3,FB-9599
FB-9600,TRX-19234,2.0,3.0,Precio justo,Sí,1,50,80.4,FB-9600
FB-9601,TRX-18379,5.0,4.0,Precio justo,Sí,1,21,-14.2,FB-9601
FB-9602,TRX-19911,2.0,3.0,,Maybe,0,33,43.2,FB-9602
FB-9603,TRX-12687,5.0,4.0,Lento,Sí,0,45,81.1,FB-9603
FB-9604,TRX-16876,4.0,4.0,,Maybe,0,39,24.2,FB-9604
FB-9605,TRX-12514,2.0,3.0,,,1,25,-53.8,FB-9605
FB-9606,TRX-15183,4.0,1.0,Lento,,0,70,59.5,FB-9606
FB-9607,TRX-17104,2.0,4.0,Excelente,,0,26,81.8,FB-9607
FB-9608,TRX-16208,2.0,1.0,Precio justo,Maybe,1,59,-82.2,FB-9608
FB-9609,TRX-10424,5.0,5.0,,Sí,0,71,-25.3,FB-9609
FB-9610,TRX-19889,3.0,4.0,Lento,Sí,1,42,98.5,FB-9610
FB-9611,TRX-14055,5.0,4.0,Precio justo,Sí,0,27,30.4,FB-9611
FB-9612,TRX-11270,1.0,5.0,,Sí,1,29,-65.2,FB-9612
FB-9613,TRX-14425,4.0,3.0,Dañado,Sí,1,25,68.6,FB-9613
FB-9614,TRX-12041,4.0,3.0,No volvería,Sí,0,18,-5.8,FB-9614
FB-9615,TRX-18707,3.0,1.0,Dañado,Maybe,0,42,72.4,FB-9615
FB-9616,TRX-11802,2.0,5.0,Lento,No,1,62,52.7,FB-9616
FB-9617,TRX-18984,4.0,4.0,Lento,Sí,1,64,44.4,FB-9617
FB-9618,TRX-16664,3.0,1.0,Excelente,Maybe,0,28,-46.0,FB-9618
FB-9619,TRX-11080,1.0,3.0,No volvería,Maybe,1,79,11.7,FB-9619
FB-9620,TRX-15396,4.0,4.0,,Maybe,1,53,71.1,FB-9620
FB-9621,TRX-11457,1.0,3.0,,Maybe,0,57,70.8,FB-9621
FB-9622,TRX-15944,5.0,1.0,,Sí,1,22,-65.9,FB-9622
FB-9623,TRX-15464,4.0,3.0,No volvería,,0,74,-19.8,FB-9623
FB-9624,TRX-14476,4.0,3.0,Precio justo,,0,33,-8.0,FB-9624
FB-9625,TRX-12397,2.0,5.0,Excelente,Maybe,0,28,-3.8,FB-9625
FB-9626,TRX-13698,1.0,1.0,No volvería,No,0,71,-8.4,FB-9626
FB-9627,TRX-14483,5.0,4.0,Lento,Sí,1,49,-80.8,FB-9627
FB-9628,TRX-10161,3.0,3.0,Dañado,No,1,67,80.7,FB-9628
FB-9629,TRX-11604,5.0,3.0,Dañado,,1,79,56.3,FB-9629
FB-9630,TRX-16179,4.0,2.0,,No,1,24,-13.7,FB-9630
FB-9631,TRX-13640,1.0,1.0,,Maybe,1,77,90.3,FB-9631
FB-9632,TRX-16203,4.0,1.0,No volvería,No,1,56,8.3,FB-9632
FB-9633,TRX-11720,3.0,4.0,Dañado,Sí,1,68,-88.4,FB-9633
FB-9634,TRX-12023,3.0,5.0,Lento,Maybe,1,24,-11.4,FB-9634
FB-9635,TRX-12879,4.0,4.0,,Sí,0,56,-58.7,FB-9635
FB-9636,TRX-18625,4.0,1.0,Precio justo,,0,53,99.6,FB-9636
FB-9637,TRX-15022,4.0,3.0,Lento,,1,29,-75.2,FB-9637
FB-9638,TRX-19647,1.0,5.0,,Sí,0,70,-38.8,FB-9638
FB-9639,TRX-18021,2.0,5.0,No volvería,No,0,78,35.7,FB-9639
FB-9640,TRX-11565,3.0,1.0,,No,0,40,-55.3,FB-9640
FB-9641,TRX-18666,1.0,1.0,,Sí,1,40,-77.6,FB-9641
FB-9642,TRX-15716,3.0,4.0,,Maybe,1,46,-22.8,FB-9642
FB-9643,TRX-19374,4.0,2.0,Lento,Sí,1,67,79.1,FB-9643
FB-9644,TRX-14620,3.0,1.0,Lento,No,1,41,15.4,FB-9644
FB-9645,TRX-19036,5.0,1.0,Dañado,,1,39,49.1,FB-9645
FB-9646,TRX-14440,3.0,4.0,,,1,29,-43.0,FB-9646
FB-9647,TRX-19952,5.0,1.0,Precio justo,Sí,0,82,78.6,FB-9647
FB-9648,TRX-11623,1.0,4.0,,No,0,47,12.2,FB-9648
FB-9649,TRX-10785,1.0,1.0,Excelente,,1,53,-29.2,FB-9649
FB-9650,TRX-12797,3.0,3.0,No volvería,Sí,1,59,31.0,FB-9650
FB-9651,TRX-15210,5.0,1.0,No volvería,No,1,41,-18.6,FB-9651
FB-9652,TRX-16382,3.0,2.0,Lento,Sí,0,56,-44.6,FB-9652
FB-9653,TRX-12960,1.0,5.0,Dañado,,0,55,53.4,FB-9653
FB-9654,TRX-15655,3.0,4.0,Dañado,No,1,49,-78.5,FB-9654
FB-9655,TRX-18711,2.0,2.0,No volvería,Maybe,0,75,32.8,FB-9655
FB-9656,TRX-19038,2.0,4.0,,,0,71,5.1,FB-9656
FB-9657,TRX-19742,5.0,2.0,Excelente,Maybe,0,49,2.7,FB-9657
FB-9658,TRX-16597,5.0,4.0,Excelente,,1,27,-31.5,FB-9658
FB-9659,TRX-17812,3.0,4.0,Precio justo,Maybe,0,74,-45.0,FB-9659
FB-9660,TRX-19704,2.0,5.0,Lento,Maybe,0,47,38.1,FB-9660
FB-9661,TRX-12090,2.0,1.0,No volvería,Sí,1,70,62.2,FB-9661
FB-9662,TRX-14244,5.0,4.0,,Sí,0,65,-22.8,FB-9662
FB-9663,TRX-10155,4.0,4.0,Excelente,No,0,60,-71.2,FB-9663
FB-9664,TRX-18414,3.0,5.0,,Sí,1,18,-95.7,FB-9664
FB-9665,TRX-12547,3.0,4.0,Excelente,Sí,1,56,16.0,FB-9665
FB-9666,TRX-12070,1.0,4.0,Dañado,No,0,29,-50.0,FB-9666
FB-9667,TRX-12337,5.0,3.0,Precio justo,Sí,0,67,-17.4,FB-9667
FB-9668,TRX-16206,1.0,3.0,No volvería,,1,26,11.5,FB-9668
FB-9669,TRX-19298,4.0,3.0,Precio justo,Maybe,1,66,44.7,FB-9669
FB-9670,TRX-14380,1.0,5.0,Excelente,Maybe,0,21,-15.3,FB-9670
FB-9671,TRX-10866,4.0,4.0,Precio justo,Sí,0,41,40.5,FB-9671
FB-9672,TRX-16064,1.0,5.0,,Sí,1,77,82.7,FB-9672
FB-9673,TRX-14081,5.0,5.0,Excelente,No,0,45,-44.5,FB-9673
FB-9674,TRX-19972,4.0,2.0,,Sí,1,69,39.4,FB-9674
FB-9675,TRX-16852,3.0,1.0,Dañado,,0,37,-39.2,FB-9675
FB-9676,TRX-17500,5.0,2.0,,Maybe,1,80,-86.4,FB-9676
FB-9677,TRX-12999,5.0,1.0,Lento,No,1,47,-83.4,FB-9677
FB-9678,TRX-17191,2.0,2.0,,No,1,84,40.5,FB-9678
FB-9679,TRX-15799,3.0,4.0,No volvería,No,0,36,-70.1,FB-9679
FB-9680,TRX-17678,1.0,5.0,Lento,Sí,0,38,99.3,FB-9680
FB-9681,TRX-18228,5.0,2.0,Precio justo,Sí,1,57,8.7,FB-9681
FB-9682,TRX-14699,1.0,2.0,Excelente,Sí,0,38,-37.5,FB-9682
FB-9683,TRX-14519,5.0,4.0,Lento,No,1,72,21.0,FB-9683
FB-9684,TRX-17008,3.0,5.0,Dañado,No,0,50,-82.0,FB-9684
FB-9685,TRX-18529,5.0,1.0,,Maybe,1,55,-89.4,FB-9685
FB-9686,TRX-13748,1.0,2.0,,Maybe,0,26,7.4,FB-9686
FB-9687,TRX-15000,1.0,1.0,Precio justo,Sí,1,67,-64.1,FB-9687
FB-9688,TRX-11424,3.0,3.0,Precio justo,Sí,1,49,-85.5,FB-9688
FB-9689,TRX-15007,1.0,2.0,,Maybe,1,58,25.6,FB-9689
FB-9690,TRX-16660,4.0,5.0,Lento,,0,40,-10.2,FB-9690
FB-9691,TRX-15123,5.0,3.0,Precio justo,Maybe,1,59,-0.6,FB-9691
FB-9692,TRX-11476,4.0,3.0,No volvería,Sí,1,33,52.9,FB-9692
FB-9693,TRX-11302,2.0,2.0,Lento,Sí,0,38,37.6,FB-9693
FB-9694,TRX-11256,2.0,2.0,Lento,Sí,0,80,61.1,FB-9694
FB-9695,TRX-13932,5.0,3.0,,Sí,1,31,-82.3,FB-9695
FB-9696,TRX-11534,1.0,2.0,Dañado,Maybe,0,64,-83.5,FB-9696
FB-9697,TRX-12705,3.0,5.0,,Sí,1,59,15.4,FB-9697
FB-9698,TRX-19425,2.0,5.0,Precio justo,Sí,1,45,84.6,FB-9698
FB-9699,TRX-10940,1.0,3.0,Dañado,Maybe,0,43,49.2,FB-9699
FB-9700,TRX-11385,3.0,2.0,Precio justo,,1,69,40.3,FB-9700
FB-9701,TRX-14683,5.0,3.0,Lento,Maybe,0,73,-29.2,FB-9701
FB-9702,TRX-19079,1.0,5.0,,Sí,0,25,13.8,FB-9702
FB-9703,TRX-18074,4.0,2.0,Precio justo,Sí,1,20,39.2,FB-9703
FB-9704,TRX-10175,5.0,5.0,,No,0,83,1.1,FB-9704
FB-9705,TRX-16946,2.0,2.0,,Sí,1,18,-53.9,FB-9705
FB-9706,TRX-18334,5.0,4.0,Dañado,,1,18,35.8,FB-9706
FB-9707,TRX-12235,5.0,5.0,,Sí,0,59,3.0,FB-9707
FB-9708,TRX-17858,3.0,1.0,Lento,Maybe,0,67,-50.0,FB-9708
FB-9709,TRX-18156,2.0,2.0,,Sí,0,68,5.6,FB-9709
FB-9710,TRX-18437,3.0,4.0,Precio justo,Sí,1,65,-31.4,FB-9710
FB-9711,TRX-18722,5.0,4.0,Dañado,No,0,84,-86.7,FB-9711
FB-9712,TRX-12042,1.0,4.0,,Sí,0,56,-5.5,FB-9712
FB-9713,TRX-16643,4.0,5.0,,Sí,1,54,93.8,FB-9713
FB-9714,TRX-10227,4.0,1.0,Precio justo,Maybe,1,53,-50.2,FB-9714
FB-9715,TRX-13115,3.0,4.0,,,0,52,-11.8,FB-9715
FB-9716,TRX-10119,1.0,3.0,Dañado,No,1,83,64.3,FB-9716
FB-9717,TRX-16962,4.0,2.0,No volvería,,0,48,90.0,FB-9717
FB-9718,TRX-18754,1.0,2.0,Dañado,,1,57,-88.8,FB-9718
FB-9719,TRX-15653,3.0,1.0,Excelente,Sí,1,50,49.9,FB-9719
FB-9720,TRX-14001,2.0,1.0,,No,1,83,-35.6,FB-9720
FB-9721,TRX-18652,1.0,5.0,Precio justo,Sí,1,44,-78.5,FB-9721
FB-9722,TRX-19981,1.0,3.0,Excelente,Sí,0,67,51.1,FB-9722
FB-9723,TRX-10693,2.0,2.0,No volvería,Maybe,1,43,-5.8,FB-9723
FB-9724,TRX-19951,5.0,4.0,Dañado,Sí,1,39,-58.6,FB-9724
FB-9725,TRX-17350,5.0,4.0,,No,0,83,43.5,FB-9725
FB-9726,TRX-12761,5.0,2.0,Lento,No,0,33,-55.8,FB-9726
FB-9727,TRX-18577,3.0,3.0,Lento,Sí,1,42,25.8,FB-9727
FB-9728,TRX-13687,5.0,3.0,,No,0,33,-33.1,FB-9728
FB-9729,TRX-12864,3.0,4.0,Dañado,,1,53,-54.6,FB-9729
FB-9730,TRX-11230,2.0,2.0,No volvería,,1,31,-92.1,FB-9730
FB-9731,TRX-16013,1.0,4.0,,,0,57,-68.7,FB-9731
FB-9732,TRX-12184,4.0,5.0,,Maybe,0,26,86.9,FB-9732
FB-9733,TRX-18416,4.0,2.0,Dañado,,1,57,-9.9,FB-9733
FB-9734,TRX-15788,3.0,3.0,,,1,62,69.0,FB-9734
FB-9735,TRX-10834,3.0,4.0,Lento,No,0,18,52.1,FB-9735
FB-9736,TRX-16925,1.0,1.0,Lento,No,1,46,38.4,FB-9736
FB-9737,TRX-18118,2.0,1.0,Lento,,0,25,47.4,FB-9737
FB-9738,TRX-16211,1.0,5.0,,Sí,1,75,-66.5,FB-9738
FB-9739,TRX-12793,3.0,1.0,Dañado,No,0,36,-50.7,FB-9739
FB-9740,TRX-16115,1.0,5.0,No volvería,Maybe,1,64,55.7,FB-9740
FB-9741,TRX-11855,3.0,5.0,No volvería,No,1,44,33.6,FB-9741
FB-9742,TRX-15537,4.0,3.0,,Maybe,0,71,62.3,FB-9742
FB-9743,TRX-14092,1.0,3.0,No volvería,,0,74,37.2,FB-9743
FB-9744,TRX-18832,2.0,2.0,,,1,72,57.1,FB-9744
FB-9745,TRX-11931,4.0,4.0,,Maybe,0,22,16.5,FB-9745
FB-9746,TRX-14752,2.0,1.0,,Maybe,1,59,63.4,FB-9746
FB-9747,TRX-14901,2.0,4.0,Lento,Maybe,0,45,-35.3,FB-9747
FB-9748,TRX-17915,3.0,4.0,Precio justo,No,1,29,-86.4,FB-9748
FB-9749,TRX-14809,2.0,5.0,,,0,62,-59.7,FB-9749
FB-9750,TRX-14337,5.0,1.0,Dañado,No,0,51,-69.7,FB-9750
FB-9751,TRX-13490,2.0,3.0,,Sí,0,75,-5.5,FB-9751
FB-9752,TRX-10036,1.0,4.0,Lento,Maybe,1,30,80.9,FB-9752
FB-9753,TRX-19319,3.0,5.0,No volvería,Sí,0,26,-37.8,FB-9753
FB-9754,TRX-16449,3.0,3.0,Dañado,Maybe,1,66,3.4,FB-9754
FB-9755,TRX-13562,5.0,5.0,,Maybe,1,27,63.0,FB-9755
FB-9756,TRX-14994,3.0,4.0,No volvería,,0,46,74.2,FB-9756
FB-9757,TRX-18446,3.0,4.0,Excelente,Maybe,1,66,-44.4,FB-9757
FB-9758,TRX-10580,4.0,4.0,Lento,No,0,68,4.7,FB-9758
FB-9759,TRX-17586,4.0,1.0,,Maybe,1,68,-48.7,FB-9759
FB-9760,TRX-17999,4.0,1.0,No volvería,Maybe,1,83,-16.1,FB-9760
FB-9761,TRX-10942,5.0,4.0,Excelente,Sí,0,28,-21.5,FB-9761
FB-9762,TRX-15828,3.0,1.0,No volvería,,1,38,-87.2,FB-9762
FB-9763,TRX-10096,3.0,5.0,Lento,,1,67,-94.5,FB-9763
FB-9764,TRX-17542,3.0,5.0,Precio justo,Maybe,0,26,23.6,FB-9764
FB-9765,TRX-15382,2.0,2.0,No volvería,Sí,0,60,-65.6,FB-9765
FB-9766,TRX-14888,3.0,3.0,No volvería,No,1,55,-70.3,FB-9766
FB-9767,TRX-15798,3.0,5.0,,No,1,61,-28.4,FB-9767
FB-9768,TRX-11755,1.0,3.0,Excelente,Maybe,0,70,-53.7,FB-9768
FB-9769,TRX-10084,1.0,2.0,Lento,Maybe,1,77,49.1,FB-9769
FB-9770,TRX-15729,3.0,2.0,No volvería,Sí,1,43,29.9,FB-9770
FB-9771,TRX-13050,2.0,3.0,,,0,73,92.5,FB-9771
FB-9772,TRX-16587,2.0,4.0,,Sí,1,73,-19.6,FB-9772
FB-9773,TRX-15808,5.0,3.0,Dañado,No,0,63,-94.7,FB-9773
FB-9774,TRX-10145,5.0,5.0,,Maybe,0,37,69.4,FB-9774
FB-9775,TRX-11660,3.0,3.0,,Maybe,0,54,-75.5,FB-9775
FB-9776,TRX-17058,4.0,5.0,Lento,Sí,1,53,-46.2,FB-9776
FB-9777,TRX-18061,2.0,5.0,Excelente,,0,60,26.1,FB-9777
FB-9778,TRX-13236,4.0,5.0,Excelente,Sí,0,70,-7.7,FB-9778
FB-9779,TRX-11388,5.0,4.0,,,0,73,38.4,FB-9779
FB-9780,TRX-18668,2.0,4.0,Excelente,,0,61,-61.2,FB-9780
FB-9781,TRX-18426,4.0,2.0,Lento,No,1,84,17.1,FB-9781
FB-9782,TRX-12518,3.0,1.0,,,1,52,-9.2,FB-9782
FB-9783,TRX-16729,4.0,4.0,Lento,No,1,18,17.5,FB-9783
FB-9784,TRX-12029,5.0,4.0,No volvería,Maybe,1,59,76.4,FB-9784
FB-9785,TRX-17985,2.0,2.0,Excelente,Sí,1,82,6.7,FB-9785
FB-9786,TRX-10113,2.0,2.0,,No,0,43,48.2,FB-9786
FB-9787,TRX-12549,2.0,2.0,Excelente,Sí,1,84,48.8,FB-9787
FB-9788,TRX-14098,3.0,3.0,,No,1,78,32.4,FB-9788
FB-9789,TRX-13704,2.0,5.0,,Maybe,1,62,-3.3,FB-9789
FB-9790,TRX-17711,4.0,4.0,Lento,No,1,50,-99.3,FB-9790
FB-9791,TRX-16477,1.0,5.0,Lento,No,1,75,-75.8,FB-9791
FB-9792,TRX-16132,1.0,1.0,Dañado,Sí,0,26,8.6,FB-9792
FB-9793,TRX-14903,3.0,2.0,Excelente,No,0,36,-91.2,FB-9793
FB-9794,TRX-15971,4.0,1.0,,Sí,1,47,-90.9,FB-9794
FB-9795,TRX-17017,3.0,2.0,Lento,Maybe,1,80,-74.8,FB-9795
FB-9796,TRX-12984,1.0,2.0,Lento,Maybe,0,70,-53.4,FB-9796
FB-9797,TRX-18788,2.0,1.0,No volvería,No,1,28,99.9,FB-9797
FB-9798,TRX-14415,1.0,5.0,Excelente,,0,43,-75.9,FB-9798
FB-9799,TRX-11780,1.0,1.0,,Maybe,1,43,-45.8,FB-9799
FB-9800,TRX-17185,3.0,3.0,Dañado,,1,50,36.6,FB-9800
FB-9801,TRX-17198,1.0,4.0,Lento,,1,31,35.3,FB-9801
FB-9802,TRX-12651,3.0,4.0,,Sí,1,33,75.0,FB-9802
FB-9803,TRX-12291,5.0,5.0,No volvería,,0,56,22.1,FB-9803
FB-9804,TRX-15795,3.0,5.0,,,1,47,-46.8,FB-9804
FB-9805,TRX-17110,5.0,5.0,No volvería,,0,30,-52.2,FB-9805
FB-9806,TRX-10095,3.0,1.0,,Sí,1,82,66.0,FB-9806
FB-9807,TRX-15885,1.0,1.0,Precio justo,No,1,19,-80.4,FB-9807
FB-9808,TRX-13251,2.0,1.0,,,1,40,-3.8,FB-9808
FB-9809,TRX-11813,4.0,2.0,,Maybe,0,51,-3.4,FB-9809
FB-9810,TRX-13105,5.0,1.0,,Sí,0,82,47.8,FB-9810
FB-9811,TRX-14667,3.0,4.0,Excelente,,0,59,99.1,FB-9811
FB-9812,TRX-10659,2.0,4.0,No volvería,,1,59,-0.7,FB-9812
FB-9813,TRX-12190,4.0,2.0,Dañado,Sí,1,56,55.1,FB-9813
FB-9814,TRX-16464,2.0,1.0,Excelente,Sí,0,39,70.3,FB-9814
FB-9815,TRX-16898,5.0,1.0,Dañado,Sí,0,52,-93.2,FB-9815
FB-9816,TRX-15426,5.0,3.0,,,0,61,27.2,FB-9816
FB-9817,TRX-10517,4.0,3.0,No volvería,Sí,0,65,76.9,FB-9817
FB-9818,TRX-12626,4.0,4.0,Excelente,,1,67,44.1,FB-9818
FB-9819,TRX-13260,5.0,5.0,No volvería,Maybe,1,76,54.7,FB-9819
FB-9820,TRX-17852,5.0,4.0,No volvería,,0,50,62.2,FB-9820
FB-9821,TRX-14354,1.0,2.0,No volvería,No,1,33,-96.1,FB-9821
FB-9822,TRX-11946,4.0,1.0,,,1,22,85.8,FB-9822
FB-9823,TRX-16899,4.0,3.0,Lento,,1,61,81.2,FB-9823
FB-9824,TRX-18012,5.0,4.0,,,0,31,20.3,FB-9824
FB-9825,TRX-19013,3.0,2.0,Lento,No,1,74,-30.2,FB-9825
FB-9826,TRX-18119,1.0,5.0,,Sí,1,64,-26.2,FB-9826
FB-9827,TRX-12087,3.0,4.0,Dañado,,0,36,7.0,FB-9827
FB-9828,TRX-15322,5.0,1.0,,Maybe,1,79,-41.7,FB-9828
FB-9829,TRX-16551,1.0,1.0,,Maybe,1,27,13.2,FB-9829
FB-9830,TRX-18222,1.0,3.0,,Sí,0,73,23.6,FB-9830
FB-9831,TRX-16370,5.0,2.0,Lento,Maybe,0,28,45.7,FB-9831
FB-9832,TRX-12153,2.0,5.0,Dañado,No,0,24,-86.8,FB-9832
FB-9833,TRX-11797,2.0,5.0,Lento,Sí,1,70,-86.6,FB-9833
FB-9834,TRX-11767,4.0,2.0,,Sí,1,33,84.5,FB-9834
FB-9835,TRX-10346,5.0,3.0,No volvería,No,1,77,48.9,FB-9835
FB-9836,TRX-12066,5.0,1.0,,No,0,68,-31.6,FB-9836
FB-9837,TRX-12548,3.0,5.0,,Maybe,0,26,-95.1,FB-9837
FB-9838,TRX-15638,5.0,2.0,Lento,Maybe,1,66,21.9,FB-9838
FB-9839,TRX-18192,2.0,3.0,Precio justo,No,0,53,-50.2,FB-9839
FB-9840,TRX-10223,5.0,1.0,,Maybe,0,26,-88.4,FB-9840
FB-9841,TRX-13874,3.0,2.0,No volvería,,1,49,51.0,FB-9841
FB-9842,TRX-10852,4.0,3.0,Precio justo,No,1,74,95.3,FB-9842
FB-9843,TRX-15605,1.0,4.0,No volvería,Maybe,0,74,49.4,FB-9843
FB-9844,TRX-17039,4.0,2.0,,Maybe,1,61,-77.6,FB-9844
FB-9845,TRX-19782,3.0,5.0,,Sí,1,36,-26.5,FB-9845
FB-9846,TRX-10131,5.0,2.0,Lento,Sí,0,60,-50.4,FB-9846
FB-9847,TRX-17116,2.0,1.0,Excelente,,1,81,-25.2,FB-9847
FB-9848,TRX-17867,5.0,2.0,Dañado,No,1,30,11.5,FB-9848
FB-9849,TRX-14742,1.0,1.0,No volvería,,0,27,27.0,FB-9849
FB-9850,TRX-14623,2.0,3.0,Excelente,No,1,65,-38.4,FB-9850
FB-9851,TRX-17961,4.0,4.0,Excelente,No,0,37,34.9,FB-9851
FB-9852,TRX-11353,3.0,1.0,Lento,Maybe,0,23,36.9,FB-9852
FB-9853,TRX-17027,4.0,3.0,No volvería,Sí,1,61,98.6,FB-9853
FB-9854,TRX-14059,1.0,3.0,,Sí,1,65,-3.8,FB-9854
FB-9855,TRX-12498,1.0,4.0,Excelente,No,1,81,-34.3,FB-9855
FB-9856,TRX-18376,5.0,5.0,Dañado,Maybe,1,46,71.6,FB-9856
FB-9857,TRX-13061,5.0,5.0,Precio justo,No,0,26,-66.4,FB-9857
FB-9858,TRX-14087,5.0,2.0,,Sí,0,40,-10.6,FB-9858
FB-9859,TRX-14606,1.0,5.0,Lento,,1,72,25.3,FB-9859
FB-9860,TRX-11884,2.0,2.0,,Sí,0,45,-71.5,FB-9860
FB-9861,TRX-14317,4.0,1.0,Lento,,0,64,-89.1,FB-9861
FB-9862,TRX-14052,4.0,1.0,,Sí,1,32,-20.6,FB-9862
FB-9863,TRX-17031,3.0,2.0,Lento,Sí,0,75,-30.0,FB-9863
FB-9864,TRX-13250,3.0,4.0,Dañado,No,1,35,49.0,FB-9864
FB-9865,TRX-17764,2.0,4.0,,,0,57,6.6,FB-9865
FB-9866,TRX-11688,5.0,5.0,Lento,,1,35,-95.5,FB-9866
FB-9867,TRX-18230,5.0,1.0,Dañado,No,1,24,83.8,FB-9867
FB-9868,TRX-12968,2.0,1.0,,No,1,19,72.2,FB-9868
FB-9869,TRX-13091,4.0,4.0,Excelente,Maybe,1,68,-85.1,FB-9869
FB-9870,TRX-19686,5.0,3.0,No volvería,,0,52,-49.0,FB-9870
FB-9871,TRX-12436,4.0,4.0,Excelente,Sí,1,27,24.8,FB-9871
FB-9872,TRX-13758,1.0,4.0,No volvería,No,1,37,-63.9,FB-9872
FB-9873,TRX-11973,3.0,3.0,,,1,74,94.8,FB-9873
FB-9874,TRX-12167,5.0,5.0,Lento,No,1,30,-15.9,FB-9874
FB-9875,TRX-16574,3.0,2.0,Excelente,,1,41,40.9,FB-9875
FB-9876,TRX-10628,2.0,5.0,Dañado,Sí,0,59,2.2,FB-9876
FB-9877,TRX-14486,1.0,3.0,,No,0,80,-38.3,FB-9877
FB-9878,TRX-13148,5.0,3.0,Lento,Maybe,0,63,39.4,FB-9878
FB-9879,TRX-12395,5.0,5.0,Excelente,Sí,1,78,-4.9,FB-9879
FB-9880,TRX-16984,4.0,2.0,Excelente,No,0,80,27.2,FB-9880
FB-9881,TRX-10289,3.0,5.0,Dañado,Maybe,1,37,-21.4,FB-9881
FB-9882,TRX-13270,1.0,1.0,Dañado,No,0,33,99.5,FB-9882
FB-9883,TRX-11489,4.0,1.0,Excelente,Sí,0,52,-58.7,FB-9883
FB-9884,TRX-10834,1.0,1.0,,Sí,0,26,-63.4,FB-9884
FB-9885,TRX-16231,1.0,2.0,Dañado,Sí,1,53,-98.1,FB-9885
FB-9886,TRX-16673,2.0,2.0,,Maybe,1,31,74.1,FB-9886
FB-9887,TRX-18601,2.0,3.0,Precio justo,,0,60,-68.6,FB-9887
FB-9888,TRX-15020,4.0,4.0,,Sí,0,40,-50.7,FB-9888
FB-9889,TRX-13791,4.0,2.0,,Sí,0,66,-58.7,FB-9889
FB-9890,TRX-13633,4.0,4.0,,,0,18,95.8,FB-9890
FB-9891,TRX-15507,1.0,1.0,Precio justo,Maybe,0,67,70.6,FB-9891
FB-9892,TRX-16980,5.0,1.0,Dañado,Maybe,0,75,49.8,FB-9892
FB-9893,TRX-17851,2.0,4.0,Excelente,,1,46,-22.4,FB-9893
FB-9894,TRX-11005,5.0,5.0,Dañado,Sí,0,19,-98.6,FB-9894
FB-9895,TRX-18353,3.0,3.0,,Maybe,1,33,93.6,FB-9895
FB-9896,TRX-16997,2.0,3.0,Dañado,,1,44,-59.3,FB-9896
FB-9897,TRX-10846,3.0,5.0,No volvería,Maybe,1,53,-86.8,FB-9897
FB-9898,TRX-14985,3.0,4.0,Precio justo,No,0,43,-23.9,FB-9898
FB-9899,TRX-11803,4.0,4.0,Lento,No,0,24,-44.3,FB-9899
FB-9900,TRX-14411,1.0,2.0,Lento,,1,55,88.8,FB-9900
FB-9901,TRX-15956,5.0,1.0,Lento,Sí,1,55,-94.5,FB-9901
FB-9902,TRX-14596,3.0,1.0,,No,1,42,95.8,FB-9902
FB-9903,TRX-15751,4.0,4.0,Dañado,Sí,0,69,17.3,FB-9903
FB-9904,TRX-16849,1.0,2.0,Lento,Maybe,1,73,-40.0,FB-9904
FB-9905,TRX-14046,2.0,2.0,No volvería,,0,67,73.6,FB-9905
FB-9906,TRX-15240,3.0,3.0,Dañado,No,0,75,-16.6,FB-9906
FB-9907,TRX-10779,4.0,3.0,Excelente,,0,23,6.5,FB-9907
FB-9908,TRX-12977,4.0,4.0,Excelente,,0,46,-71.5,FB-9908
FB-9909,TRX-10669,4.0,3.0,Dañado,,1,84,76.1,FB-9909
FB-9910,TRX-10008,2.0,2.0,,,0,53,75.7,FB-9910
FB-9911,TRX-10854,1.0,5.0,Precio justo,,1,23,50.3,FB-9911
FB-9912,TRX-15269,5.0,1.0,Precio justo,Maybe,1,18,45.2,FB-9912
FB-9913,TRX-13473,5.0,4.0,Excelente,No,0,46,-60.0,FB-9913
FB-9914,TRX-14674,3.0,3.0,Lento,,0,29,-11.5,FB-9914
FB-9915,TRX-17734,1.0,3.0,,No,0,73,-81.6,FB-9915
FB-9916,TRX-14590,3.0,2.0,No volvería,No,0,23,18.3,FB-9916
FB-9917,TRX-19937,5.0,3.0,Dañado,Maybe,1,76,-57.8,FB-9917
FB-9918,TRX-11650,2.0,1.0,,No,1,69,-40.3,FB-9918
FB-9919,TRX-17059,1.0,4.0,No volvería,No,0,54,63.1,FB-9919
FB-9920,TRX-13028,1.0,3.0,No volvería,No,0,59,97.0,FB-9920
FB-9921,TRX-14133,3.0,5.0,,Maybe,1,56,-24.0,FB-9921
FB-9922,TRX-18049,3.0,5.0,No volvería,Sí,1,56,58.9,FB-9922
FB-9923,TRX-15956,2.0,4.0,Dañado,No,1,72,-73.6,FB-9923
FB-9924,TRX-15476,1.0,5.0,Lento,No,1,63,5.8,FB-9924
FB-9925,TRX-14986,5.0,5.0,,No,1,70,10.2,FB-9925
FB-9926,TRX-11827,5.0,3.0,,Sí,0,78,77.6,FB-9926
FB-9927,TRX-11587,4.0,5.0,Dañado,Sí,0,27,-51.7,FB-9927
FB-9928,TRX-10223,5.0,3.0,,Maybe,0,24,-87.2,FB-9928
FB-9929,TRX-19040,4.0,1.0,Excelente,,0,52,-30.0,FB-9929
FB-9930,TRX-12134,4.0,2.0,,No,0,24,49.2,FB-9930
FB-9931,TRX-15426,3.0,3.0,,,1,55,-90.8,FB-9931
FB-9932,TRX-15907,5.0,2.0,Lento,Sí,0,25,-70.8,FB-9932
FB-9933,TRX-15920,4.0,3.0,Excelente,,1,60,-90.9,FB-9933
FB-9934,TRX-19648,5.0,3.0,No volvería,Maybe,0,59,-0.7,FB-9934
FB-9935,TRX-18664,5.0,4.0,Lento,Sí,0,43,65.0,FB-9935
FB-9936,TRX-19907,5.0,3.0,No volvería,No,1,23,-46.7,FB-9936
FB-9937,TRX-16088,2.0,5.0,Excelente,,0,75,-93.7,FB-9937
FB-9938,TRX-13903,4.0,5.0,,Sí,0,27,-64.7,FB-9938
FB-9939,TRX-14521,5.0,3.0,Dañado,Sí,1,29,-83.3,FB-9939
FB-9940,TRX-13441,3.0,1.0,,,1,46,10.7,FB-9940
FB-9941,TRX-19573,2.0,5.0,,,1,38,0.0,FB-9941
FB-9942,TRX-16292,4.0,2.0,Lento,,1,38,-51.0,FB-9942
FB-9943,TRX-11429,1.0,1.0,No volvería,Sí,0,59,68.5,FB-9943
FB-9944,TRX-11742,4.0,2.0,,No,0,46,-17.8,FB-9944
FB-9945,TRX-12137,2.0,3.0,Precio justo,Sí,1,31,93.8,FB-9945
FB-9946,TRX-19860,3.0,3.0,No volvería,No,1,42,-53.4,FB-9946
FB-9947,TRX-11971,2.0,3.0,Excelente,,0,56,24.5,FB-9947
FB-9948,TRX-10672,5.0,5.0,Excelente,,1,76,59.1,FB-9948
FB-9949,TRX-19610,2.0,1.0,,Maybe,0,79,-62.2,FB-9949
FB-9950,TRX-13120,3.0,2.0,,No,0,44,58.7,FB-9950
FB-9951,TRX-13160,1.0,4.0,,,1,22,76.9,FB-9951
FB-9952,TRX-17303,1.0,1.0,Dañado,No,1,21,33.5,FB-9952
FB-9953,TRX-11616,5.0,2.0,Lento,No,1,69,79.2,FB-9953
FB-9954,TRX-11226,5.0,4.0,,No,0,23,-21.5,FB-9954
FB-9955,TRX-18955,1.0,1.0,Precio justo,No,1,46,-19.6,FB-9955
FB-9956,TRX-15618,3.0,1.0,Excelente,Sí,1,72,-96.3,FB-9956
FB-9957,TRX-14939,2.0,3.0,Lento,Maybe,0,84,59.8,FB-9957
FB-9958,TRX-17769,1.0,1.0,Precio justo,No,1,53,-93.4,FB-9958
FB-9959,TRX-13309,5.0,2.0,,No,0,34,-47.2,FB-9959
FB-9960,TRX-18741,5.0,3.0,,Maybe,1,54,24.0,FB-9960
FB-9961,TRX-12517,3.0,1.0,,,1,66,21.5,FB-9961
FB-9962,TRX-10717,4.0,3.0,Dañado,No,1,81,-3.9,FB-9962
FB-9963,TRX-12094,5.0,4.0,Lento,,0,74,23.5,FB-9963
FB-9964,TRX-13140,3.0,2.0,No volvería,Sí,0,38,-35.5,FB-9964
FB-9965,TRX-16851,1.0,4.0,,Maybe,0,83,-59.3,FB-9965
FB-9966,TRX-19019,4.0,2.0,,Sí,1,28,-41.4,FB-9966
FB-9967,TRX-14137,1.0,5.0,,,1,34,-50.5,FB-9967
FB-9968,TRX-19180,3.0,4.0,Precio justo,Maybe,1,78,-14.2,FB-9968
FB-9969,TRX-15690,1.0,5.0,No volvería,Sí,0,46,51.7,FB-9969
FB-9970,TRX-15996,2.0,3.0,,,0,38,-35.0,FB-9970
FB-9971,TRX-17347,3.0,4.0,,,0,68,-28.8,FB-9971
FB-9972,TRX-11923,4.0,1.0,No volvería,Maybe,1,45,39.5,FB-9972
FB-9973,TRX-17145,5.0,2.0,,Maybe,0,32,82.7,FB-9973
FB-9974,TRX-11109,1.0,1.0,Precio justo,,1,21,-47.9,FB-9974
FB-9975,TRX-17910,3.0,1.0,No volvería,,1,55,47.1,FB-9975
FB-9976,TRX-16864,1.0,3.0,Precio justo,Sí,1,84,24.8,FB-9976
FB-9977,TRX-18581,3.0,3.0,No volvería,Sí,0,46,4.3,FB-9977
FB-9978,TRX-18255,3.0,1.0,Dañado,,0,28,-96.2,FB-9978
FB-9979,TRX-10358,4.0,1.0,Dañado,No,0,68,-23.9,FB-9979
FB-9980,TRX-12735,1.0,1.0,,Maybe,1,53,-58.9,FB-9980
FB-9981,TRX-19816,1.0,2.0,Lento,Maybe,1,74,-72.0,FB-9981
FB-9982,TRX-14491,3.0,3.0,No volvería,Maybe,0,22,-44.9,FB-9982
FB-9983,TRX-12112,2.0,4.0,Dañado,,0,33,30.6,FB-9983
FB-9984,TRX-14745,5.0,3.0,Dañado,Sí,0,42,7.7,FB-9984
FB-9985,TRX-10744,5.0,1.0,,Sí,1,47,-12.6,FB-9985
FB-9986,TRX-19276,2.0,4.0,Dañado,Maybe,1,68,-71.0,FB-9986
FB-9987,TRX-10996,4.0,4.0,Excelente,No,1,20,55.7,FB-9987
FB-9988,TRX-13116,2.0,4.0,No volvería,Maybe,1,54,-3.8,FB-9988
FB-9989,TRX-16512,2.0,3.0,Lento,Maybe,0,20,29.0,FB-9989
FB-9990,TRX-18110,4.0,1.0,Dañado,Maybe,0,75,-92.6,FB-9990
FB-9991,TRX-18723,3.0,1.0,Precio justo,No,0,38,78.5,FB-9991
FB-9992,TRX-18412,1.0,5.0,Excelente,Maybe,1,35,3.6,FB-9992
FB-9993,TRX-11228,5.0,2.0,No volvería,Sí,1,75,-30.1,FB-9993
FB-9994,TRX-12711,5.0,3.0,,No,1,27,65.4,FB-9994
FB-9995,TRX-17172,5.0,5.0,,No,1,37,62.3,FB-9995
FB-9996,TRX-18344,2.0,5.0,Lento,Sí,0,57,-56.0,FB-9996
FB-9997,TRX-16293,3.0,5.0,Dañado,,1,46,-25.8,FB-9997
FB-9998,TRX-19215,3.0,3.0,Precio justo,No,1,53,21.1,FB-9998
FB-9999,TRX-16393,2.0,2.0,Excelente,No,0,49,99.7,FB-9999
FB-10000,TRX-16567,4.0,4.0,Precio justo,No,0,50,57.3,FB-10000
FB-10001,TRX-19948,4.0,2.0,Precio justo,,1,36,-90.0,FB-10001
FB-10002,TRX-14448,3.0,2.0,Excelente,Maybe,1,29,47.2,FB-10002
FB-10003,TRX-13390,2.0,1.0,Precio justo,,0,54,-1.9,FB-10003
FB-10004,TRX-13015,5.0,5.0,Dañado,Sí,0,63,-96.3,FB-10004
FB-10005,TRX-10058,1.0,5.0,,Sí,1,48,-9.4,FB-10005
FB-10006,TRX-12621,3.0,4.0,Excelente,Sí,1,34,-34.5,FB-10006
FB-10007,TRX-19369,5.0,1.0,No volvería,No,1,21,-79.1,FB-10007
FB-10008,TRX-13568,3.0,4.0,Excelente,Maybe,0,32,6.6,FB-10008
FB-10009,TRX-19701,1.0,3.0,,Maybe,1,62,88.3,FB-10009
FB-10010,TRX-10145,4.0,1.0,Lento,No,0,29,74.9,FB-10010
FB-10011,TRX-18401,3.0,5.0,,Maybe,0,23,12.1,FB-10011
FB-10012,TRX-17461,2.0,4.0,,,0,39,-58.7,FB-10012
FB-10013,TRX-18254,4.0,1.0,,Sí,1,79,-77.1,FB-10013
FB-10014,TRX-18602,4.0,1.0,Dañado,Sí,1,58,36.8,FB-10014
FB-10015,TRX-14240,5.0,2.0,No volvería,No,0,33,-21.6,FB-10015
FB-10016,TRX-14971,2.0,1.0,,No,0,63,4.4,FB-10016
FB-10017,TRX-13609,3.0,1.0,,No,1,79,55.5,FB-10017
FB-10018,TRX-14855,3.0,5.0,,No,0,75,20.5,FB-10018
FB-10019,TRX-14399,2.0,3.0,,Sí,1,53,-84.7,FB-10019
FB-10020,TRX-19046,4.0,4.0,Dañado,No,1,20,97.2,FB-10020
FB-10021,TRX-11951,3.0,3.0,Dañado,Sí,0,46,-71.2,FB-10021
FB-10022,TRX-12803,3.0,1.0,Excelente,Maybe,1,20,96.0,FB-10022
FB-10023,TRX-13668,3.0,5.0,,,0,68,1.5,FB-10023
FB-10024,TRX-10747,1.0,5.0,No volvería,Maybe,1,27,67.8,FB-10024
FB-10025,TRX-18741,2.0,5.0,Excelente,,0,63,-75.2,FB-10025
FB-10026,TRX-13902,1.0,5.0,Lento,No,1,23,72.3,FB-10026
FB-10027,TRX-14781,1.0,2.0,Lento,Sí,1,49,-74.1,FB-10027
FB-10028,TRX-10640,5.0,1.0,Lento,,0,78,78.0,FB-10028
FB-10029,TRX-12427,3.0,2.0,Excelente,Sí,0,81,-11.5,FB-10029
FB-10030,TRX-14550,1.0,2.0,Excelente,Maybe,0,81,72.3,FB-10030
FB-10031,TRX-12178,2.0,1.0,Lento,No,1,56,-44.9,FB-10031
FB-10032,TRX-14430,5.0,5.0,Excelente,No,1,18,41.6,FB-10032
FB-10033,TRX-10844,5.0,4.0,Precio justo,,1,68,54.8,FB-10033
FB-10034,TRX-14079,4.0,5.0,Precio justo,Maybe,0,71,-0.0,FB-10034
FB-10035,TRX-13440,4.0,5.0,Precio justo,No,0,37,73.0,FB-10035
FB-10036,TRX-18758,5.0,2.0,Dañado,Maybe,0,54,36.6,FB-10036
FB-10037,TRX-11903,2.0,3.0,No volvería,Maybe,0,75,-37.1,FB-10037
FB-10038,TRX-10022,1.0,5.0,,Sí,1,18,85.9,FB-10038
FB-10039,TRX-15692,4.0,1.0,No volvería,Maybe,0,71,-32.0,FB-10039
FB-10040,TRX-19914,1.0,1.0,No volvería,Maybe,0,30,46.2,FB-10040
FB-10041,TRX-16047,2.0,1.0,Lento,Maybe,1,19,38.5,FB-10041
FB-10042,TRX-15317,1.0,2.0,,Maybe,1,57,-73.6,FB-10042
FB-10043,TRX-11363,5.0,4.0,Precio justo,No,1,73,-14.4,FB-10043
FB-10044,TRX-18999,4.0,4.0,,Sí,0,39,14.9,FB-10044
FB-10045,TRX-14326,2.0,4.0,Precio justo,,1,76,-62.7,FB-10045
FB-10046,TRX-12189,5.0,5.0,Excelente,Sí,0,72,-80.1,FB-10046
FB-10047,TRX-16690,2.0,5.0,Dañado,No,1,32,9.2,FB-10047
FB-10048,TRX-14831,4.0,3.0,Dañado,No,0,47,-69.3,FB-10048
FB-10049,TRX-15318,1.0,3.0,Precio justo,,0,42,57.6,FB-10049
FB-10050,TRX-10938,2.0,3.0,Excelente,No,1,56,71.1,FB-10050
FB-10051,TRX-10170,4.0,2.0,Precio justo,No,1,51,-81.2,FB-10051
FB-10052,TRX-15824,5.0,4.0,Lento,Sí,1,66,40.6,FB-10052
FB-10053,TRX-13592,4.0,5.0,,Sí,0,70,46.4,FB-10053
FB-10054,TRX-14582,1.0,3.0,Lento,Sí,1,55,-86.8,FB-10054
FB-10055,TRX-12895,4.0,2.0,No volvería,,1,67,19.3,FB-10055
FB-10056,TRX-14194,5.0,3.0,,Sí,1,76,24.3,FB-10056
FB-10057,TRX-10256,5.0,5.0,,,0,79,2.4,FB-10057
FB-10058,TRX-18804,2.0,3.0,,No,1,43,38.0,FB-10058
FB-10059,TRX-19556,5.0,2.0,,,0,83,-50.6,FB-10059
FB-10060,TRX-11743,3.0,2.0,No volvería,,0,79,-47.7,FB-10060
FB-10061,TRX-16258,5.0,3.0,Precio justo,Maybe,1,69,84.8,FB-10061
FB-10062,TRX-14216,1.0,5.0,,Maybe,1,79,35.8,FB-10062
FB-10063,TRX-19901,5.0,2.0,,No,1,59,-20.6,FB-10063
FB-10064,TRX-19025,2.0,4.0,No volvería,No,0,30,34.3,FB-10064
FB-10065,TRX-13377,5.0,2.0,,Sí,0,53,49.6,FB-10065
FB-10066,TRX-17244,4.0,1.0,Precio justo,,0,44,-39.6,FB-10066
FB-10067,TRX-13614,4.0,3.0,Dañado,Maybe,1,20,3.9,FB-10067
FB-10068,TRX-15312,4.0,4.0,Lento,Sí,1,62,-77.1,FB-10068
FB-10069,TRX-14403,3.0,5.0,,Maybe,0,52,20.2,FB-10069
FB-10070,TRX-13341,2.0,4.0,Excelente,Sí,0,54,37.6,FB-10070
FB-10071,TRX-19529,4.0,2.0,Excelente,Maybe,0,31,48.6,FB-10071
FB-10072,TRX-16479,4.0,2.0,Dañado,Sí,1,46,92.1,FB-10072
FB-10073,TRX-12550,4.0,1.0,,,1,79,-66.6,FB-10073
FB-10074,TRX-17308,2.0,4.0,,Sí,0,31,-86.1,FB-10074
FB-10075,TRX-13796,4.0,2.0,,No,0,48,88.5,FB-10075
FB-10076,TRX-17109,3.0,5.0,Precio justo,Sí,1,65,29.7,FB-10076
FB-10077,TRX-16039,4.0,5.0,,Maybe,1,55,12.6,FB-10077
FB-10078,TRX-12430,1.0,4.0,Lento,,1,72,-15.3,FB-10078
FB-10079,TRX-17848,3.0,4.0,Precio justo,Sí,0,22,-11.8,FB-10079
FB-10080,TRX-11535,1.0,1.0,Precio justo,Sí,1,35,-40.6,FB-10080
FB-10081,TRX-18125,4.0,4.0,Dañado,No,1,32,24.9,FB-10081
FB-10082,TRX-12973,4.0,5.0,Dañado,Maybe,1,68,-96.9,FB-10082
FB-10083,TRX-17526,2.0,4.0,No volvería,No,1,70,8.8,FB-10083
FB-10084,TRX-13031,1.0,2.0,Dañado,Sí,0,26,-88.4,FB-10084
FB-10085,TRX-12885,1.0,2.0,No volvería,,1,36,44.8,FB-10085
FB-10086,TRX-13094,5.0,4.0,,Maybe,1,42,92.4,FB-10086
FB-10087,TRX-19333,5.0,3.0,,Sí,1,66,-63.0,FB-10087
FB-10088,TRX-18036,5.0,4.0,,Sí,0,76,-45.1,FB-10088
FB-10089,TRX-12955,5.0,1.0,Excelente,Maybe,0,25,7.7,FB-10089
FB-10090,TRX-14621,1.0,5.0,No volvería,No,1,38,-2.0,FB-10090
FB-10091,TRX-10344,2.0,5.0,No volvería,,0,57,63.3,FB-10091
FB-10092,TRX-15081,5.0,4.0,,No,1,74,-74.9,FB-10092
FB-10093,TRX-12669,1.0,3.0,Excelente,No,1,76,10.6,FB-10093
FB-10094,TRX-12911,2.0,5.0,Lento,,0,43,84.4,FB-10094
FB-10095,TRX-16458,2.0,3.0,Precio justo,Sí,1,59,33.4,FB-10095
FB-10096,TRX-19958,5.0,5.0,,Maybe,0,76,-46.2,FB-10096
FB-10097,TRX-13077,1.0,2.0,Precio justo,Maybe,0,47,-87.5,FB-10097
FB-10098,TRX-11137,3.0,1.0,Dañado,No,1,64,-16.2,FB-10098
FB-10099,TRX-12351,1.0,5.0,Dañado,No,0,78,-6.6,FB-10099
FB-10100,TRX-11180,3.0,4.0,Lento,Sí,0,24,-73.4,FB-10100
FB-10101,TRX-16986,2.0,2.0,,,1,71,-4.0,FB-10101
FB-10102,TRX-14018,4.0,3.0,Dañado,,1,37,35.3,FB-10102
FB-10103,TRX-17455,5.0,1.0,Precio justo,Maybe,1,33,-4.9,FB-10103
FB-10104,TRX-16594,2.0,3.0,,,1,19,-54.7,FB-10104
FB-10105,TRX-11642,3.0,3.0,,No,1,27,91.7,FB-10105
FB-10106,TRX-18630,3.0,5.0,No volvería,Sí,1,60,-77.0,FB-10106
FB-10107,TRX-12249,3.0,2.0,No volvería,Sí,0,45,21.7,FB-10107
FB-10108,TRX-10193,3.0,1.0,,No,0,27,45.9,FB-10108
FB-10109,TRX-19884,1.0,2.0,Dañado,Maybe,1,39,-46.0,FB-10109
FB-10110,TRX-11633,2.0,2.0,Precio justo,No,1,51,-24.1,FB-10110
FB-10111,TRX-16191,3.0,5.0,,Sí,1,33,-12.7,FB-10111
FB-10112,TRX-16291,2.0,3.0,Excelente,Sí,1,72,29.4,FB-10112
FB-10113,TRX-10339,2.0,2.0,Excelente,Sí,1,81,2.5,FB-10113
FB-10114,TRX-11802,4.0,3.0,,,1,70,-61.8,FB-10114
FB-10115,TRX-10222,1.0,2.0,,No,0,59,78.5,FB-10115
FB-10116,TRX-10716,4.0,1.0,,Maybe,1,47,-27.1,FB-10116
FB-10117,TRX-12165,5.0,4.0,No volvería,No,0,77,-23.5,FB-10117
FB-10118,TRX-14068,5.0,4.0,Precio justo,No,1,19,60.0,FB-10118
FB-10119,TRX-11369,5.0,4.0,,No,0,51,7.1,FB-10119
FB-10120,TRX-14385,4.0,5.0,,,1,59,-53.7,FB-10120
FB-10121,TRX-12336,2.0,5.0,No volvería,No,1,38,82.9,FB-10121
FB-10122,TRX-19824,5.0,3.0,Precio justo,Sí,0,51,61.0,FB-10122
FB-10123,TRX-10221,5.0,5.0,,Maybe,1,49,20.0,FB-10123
FB-10124,TRX-10153,4.0,4.0,,,0,47,2.4,FB-10124
FB-10125,TRX-11742,2.0,5.0,Excelente,,1,81,35.1,FB-10125
FB-10126,TRX-18886,5.0,4.0,,,1,36,-27.8,FB-10126
FB-10127,TRX-15544,1.0,2.0,Dañado,,0,47,38.8,FB-10127
FB-10128,TRX-11392,5.0,4.0,Lento,Sí,1,75,-92.3,FB-10128
FB-10129,TRX-13314,4.0,4.0,Dañado,Sí,1,58,-20.0,FB-10129
FB-10130,TRX-12281,4.0,1.0,Precio justo,Maybe,1,44,23.5,FB-10130
FB-10131,TRX-17871,1.0,1.0,No volvería,No,0,33,24.3,FB-10131
FB-10132,TRX-19221,2.0,1.0,No volvería,,0,42,-85.7,FB-10132
FB-10133,TRX-17279,1.0,1.0,Excelente,No,1,78,43.9,FB-10133
FB-10134,TRX-12672,5.0,4.0,,No,0,84,-83.0,FB-10134
FB-10135,TRX-15036,4.0,3.0,Excelente,Maybe,0,28,48.2,FB-10135
FB-10136,TRX-15435,2.0,1.0,Dañado,,1,49,82.4,FB-10136
FB-10137,TRX-17846,5.0,5.0,,No,1,54,95.1,FB-10137
FB-10138,TRX-12531,1.0,5.0,,Maybe,0,69,20.7,FB-10138
FB-10139,TRX-13994,5.0,5.0,Dañado,No,1,51,42.8,FB-10139
FB-10140,TRX-10915,1.0,4.0,,Maybe,1,67,-53.2,FB-10140
FB-10141,TRX-18905,3.0,2.0,Lento,Sí,1,51,-25.1,FB-10141
FB-10142,TRX-14382,3.0,2.0,Precio justo,Maybe,1,26,-97.6,FB-10142
FB-10143,TRX-18906,4.0,1.0,Dañado,Maybe,1,59,59.6,FB-10143
FB-10144,TRX-12016,2.0,5.0,Dañado,Sí,0,56,37.9,FB-10144
FB-10145,TRX-10347,4.0,1.0,Excelente,,0,47,-48.4,FB-10145
FB-10146,TRX-10729,5.0,4.0,,Maybe,0,20,-2.0,FB-10146
FB-10147,TRX-11684,3.0,5.0,Precio justo,Maybe,1,19,45.7,FB-10147
FB-10148,TRX-18923,4.0,1.0,Excelente,No,0,84,33.3,FB-10148
FB-10149,TRX-14861,1.0,3.0,,Maybe,1,84,-35.9,FB-10149
FB-10150,TRX-11680,2.0,4.0,,Maybe,1,34,-26.1,FB-10150
FB-10151,TRX-18381,3.0,4.0,Lento,No,0,80,-69.2,FB-10151
FB-10152,TRX-16804,2.0,4.0,Dañado,,0,20,-72.5,FB-10152
FB-10153,TRX-12323,2.0,3.0,,Sí,1,27,-19.0,FB-10153
FB-10154,TRX-10019,3.0,2.0,Dañado,Sí,0,72,-4.1,FB-10154
FB-10155,TRX-13675,1.0,2.0,Dañado,Maybe,0,37,90.1,FB-10155
FB-10156,TRX-10393,1.0,3.0,No volvería,,1,18,1.1,FB-10156
FB-10157,TRX-13713,1.0,2.0,,Sí,1,59,-62.0,FB-10157
FB-10158,TRX-16998,2.0,3.0,Precio justo,No,0,30,-66.2,FB-10158
FB-10159,TRX-16314,1.0,1.0,Excelente,Maybe,0,25,-30.9,FB-10159
FB-10160,TRX-12414,5.0,3.0,Excelente,Maybe,0,41,83.8,FB-10160
FB-10161,TRX-15788,5.0,2.0,,,1,39,58.8,FB-10161
FB-10162,TRX-14699,1.0,3.0,Excelente,Maybe,1,64,-1.2,FB-10162
FB-10163,TRX-13700,1.0,3.0,Lento,,0,50,91.2,FB-10163
FB-10164,TRX-16303,3.0,5.0,No volvería,Sí,1,77,-56.9,FB-10164
FB-10165,TRX-11841,3.0,3.0,Lento,Sí,1,43,-13.1,FB-10165
FB-10166,TRX-18057,4.0,2.0,Precio justo,,0,61,-99.8,FB-10166
FB-10167,TRX-12778,2.0,4.0,Excelente,Sí,0,20,73.3,FB-10167
FB-10168,TRX-11804,2.0,1.0,Excelente,Sí,0,77,-68.4,FB-10168
FB-10169,TRX-13678,3.0,3.0,Excelente,Sí,1,27,91.5,FB-10169
FB-10170,TRX-11666,5.0,2.0,Dañado,,1,23,1.4,FB-10170
FB-10171,TRX-14617,4.0,2.0,,No,1,34,98.8,FB-10171
FB-10172,TRX-15854,3.0,5.0,,No,0,76,8.3,FB-10172
FB-10173,TRX-11249,4.0,2.0,Dañado,Sí,1,24,-8.9,FB-10173
FB-10174,TRX-15467,2.0,4.0,,No,0,31,-5.6,FB-10174
FB-10175,TRX-11939,2.0,2.0,Excelente,Sí,1,50,67.2,FB-10175
FB-10176,TRX-15906,2.0,4.0,,Maybe,1,35,-27.5,FB-10176
FB-10177,TRX-11389,5.0,1.0,Excelente,No,0,42,70.7,FB-10177
FB-10178,TRX-10710,3.0,3.0,Dañado,Maybe,1,84,77.3,FB-10178
FB-10179,TRX-19904,4.0,1.0,Lento,Sí,1,63,-42.2,FB-10179
FB-10180,TRX-12475,3.0,3.0,No volvería,No,0,57,85.4,FB-10180
FB-10181,TRX-12917,2.0,1.0,Lento,No,1,75,-61.9,FB-10181
FB-10182,TRX-17022,2.0,4.0,,Maybe,1,22,65.3,FB-10182
FB-10183,TRX-18691,3.0,3.0,No volvería,Sí,0,62,-66.3,FB-10183
FB-10184,TRX-15486,1.0,3.0,,No,0,71,43.5,FB-10184
FB-10185,TRX-19824,1.0,1.0,Dañado,,0,81,95.1,FB-10185
FB-10186,TRX-12971,3.0,5.0,,Sí,1,69,-84.8,FB-10186
FB-10187,TRX-16967,2.0,5.0,,,0,18,-60.7,FB-10187
FB-10188,TRX-12461,4.0,1.0,Excelente,No,1,62,-29.4,FB-10188
FB-10189,TRX-14940,1.0,2.0,,No,1,79,-28.0,FB-10189
FB-10190,TRX-14702,3.0,1.0,Excelente,,1,63,-63.6,FB-10190
FB-10191,TRX-15707,5.0,4.0,Excelente,No,1,50,-0.6,FB-10191
FB-10192,TRX-11702,3.0,4.0,,No,1,54,58.1,FB-10192
FB-10193,TRX-14441,2.0,2.0,Lento,Sí,1,77,60.5,FB-10193
FB-10194,TRX-18179,3.0,5.0,Excelente,Sí,1,66,-6.8,FB-10194
FB-10195,TRX-16047,1.0,4.0,No volvería,Sí,1,34,-37.3,FB-10195
FB-10196,TRX-14348,1.0,4.0,Excelente,Maybe,0,40,-51.7,FB-10196
FB-10197,TRX-11251,3.0,3.0,Dañado,Sí,1,54,43.1,FB-10197
FB-10198,TRX-10035,4.0,3.0,Excelente,No,1,83,-83.0,FB-10198
FB-10199,TRX-12435,3.0,2.0,Lento,No,0,31,9.1,FB-10199
FB-10200,TRX-12401,4.0,4.0,Lento,Maybe,0,50,8.3,FB-10200
FB-10201,TRX-15247,1.0,1.0,,No,0,18,-77.4,FB-10201
FB-10202,TRX-12421,5.0,5.0,Dañado,Maybe,1,59,-5.8,FB-10202
FB-10203,TRX-16399,4.0,2.0,,Sí,0,58,-50.0,FB-10203
FB-10204,TRX-17318,3.0,1.0,Precio justo,,0,56,-66.7,FB-10204
FB-10205,TRX-17838,2.0,1.0,,,0,61,-83.6,FB-10205
FB-10206,TRX-11102,2.0,2.0,Lento,,1,51,-61.3,FB-10206
FB-10207,TRX-11854,3.0,2.0,Precio justo,,1,71,29.0,FB-10207
FB-10208,TRX-19467,1.0,4.0,Dañado,,0,63,45.9,FB-10208
FB-10209,TRX-17003,1.0,5.0,Excelente,Maybe,1,50,-54.3,FB-10209
FB-10210,TRX-14562,1.0,4.0,,No,1,76,14.8,FB-10210
FB-10211,TRX-12370,3.0,1.0,Precio justo,Maybe,1,54,-25.7,FB-10211
FB-10212,TRX-11481,2.0,4.0,Dañado,No,0,25,8.3,FB-10212
FB-10213,TRX-15292,5.0,4.0,Precio justo,Sí,1,47,-50.8,FB-10213
FB-10214,TRX-12089,2.0,5.0,Precio justo,Maybe,1,37,-90.8,FB-10214
FB-10215,TRX-12979,1.0,3.0,,Sí,0,82,-34.6,FB-10215
FB-10216,TRX-16308,3.0,5.0,Excelente,No,0,66,-67.9,FB-10216
FB-10217,TRX-15777,3.0,4.0,,No,0,75,46.9,FB-10217
FB-10218,TRX-15231,5.0,3.0,Lento,No,1,79,46.1,FB-10218
FB-10219,TRX-18097,2.0,1.0,Precio justo,No,0,24,-85.5,FB-10219
FB-10220,TRX-16944,1.0,5.0,No volvería,,1,53,-20.7,FB-10220
FB-10221,TRX-17885,5.0,2.0,Excelente,No,0,76,-81.4,FB-10221
FB-10222,TRX-16782,1.0,1.0,,No,1,51,43.0,FB-10222
FB-10223,TRX-19858,2.0,3.0,No volvería,Sí,1,80,-96.3,FB-10223
FB-10224,TRX-15463,5.0,1.0,Excelente,Sí,1,41,-12.4,FB-10224
FB-10225,TRX-12264,1.0,2.0,Excelente,,1,78,-69.5,FB-10225
FB-10226,TRX-14028,4.0,2.0,,,0,26,33.0,FB-10226
FB-10227,TRX-16278,3.0,5.0,Lento,,1,40,-57.2,FB-10227
FB-10228,TRX-16859,2.0,5.0,No volvería,,0,65,-18.7,FB-10228
FB-10229,TRX-19000,3.0,4.0,Precio justo,,0,73,-99.0,FB-10229
FB-10230,TRX-18144,1.0,4.0,Excelente,Sí,0,56,97.8,FB-10230
FB-10231,TRX-18826,5.0,1.0,,Sí,0,23,50.8,FB-10231
FB-10232,TRX-18745,1.0,2.0,No volvería,Maybe,0,20,-67.1,FB-10232
FB-10233,TRX-18070,4.0,1.0,No volvería,,0,55,-11.2,FB-10233
FB-10234,TRX-18724,4.0,3.0,Lento,No,0,25,-0.4,FB-10234
FB-10235,TRX-18785,2.0,3.0,No volvería,,0,57,-54.8,FB-10235
FB-10236,TRX-13770,3.0,4.0,Precio justo,Maybe,1,26,-83.0,FB-10236
FB-10237,TRX-16301,1.0,1.0,No volvería,Maybe,0,81,13.9,FB-10237
FB-10238,TRX-11369,4.0,3.0,Lento,No,1,66,67.0,FB-10238
FB-10239,TRX-19518,5.0,4.0,,Sí,1,50,14.4,FB-10239
FB-10240,TRX-16911,1.0,1.0,Excelente,Maybe,0,23,26.2,FB-10240
FB-10241,TRX-18633,2.0,2.0,No volvería,No,1,46,18.2,FB-10241
FB-10242,TRX-19467,5.0,3.0,No volvería,No,1,36,-8.7,FB-10242
FB-10243,TRX-13593,3.0,3.0,Dañado,Maybe,1,44,-70.5,FB-10243
FB-10244,TRX-11429,2.0,2.0,Precio justo,Maybe,1,26,-59.5,FB-10244
FB-10245,TRX-13853,3.0,4.0,,Sí,1,35,-34.4,FB-10245
FB-10246,TRX-15926,3.0,3.0,Precio justo,No,1,30,-41.2,FB-10246
FB-10247,TRX-10046,4.0,2.0,,No,1,49,4.3,FB-10247
FB-10248,TRX-13330,3.0,4.0,,Sí,0,43,-15.8,FB-10248
FB-10249,TRX-10281,5.0,5.0,Precio justo,Maybe,1,69,27.4,FB-10249
FB-10250,TRX-15937,3.0,4.0,,No,1,39,68.1,FB-10250
FB-10251,TRX-19148,5.0,3.0,No volvería,Sí,1,45,-90.2,FB-10251
FB-10252,TRX-17764,5.0,4.0,Precio justo,No,0,72,-7.5,FB-10252
FB-10253,TRX-12188,1.0,3.0,Precio justo,No,1,45,-56.9,FB-10253
FB-10254,TRX-11804,4.0,4.0,,Maybe,1,46,82.0,FB-10254
FB-10255,TRX-10976,4.0,5.0,Dañado,No,0,82,8.9,FB-10255
FB-10256,TRX-15723,5.0,4.0,Lento,Maybe,0,48,76.8,FB-10256
FB-10257,TRX-15912,1.0,5.0,Lento,No,1,42,34.1,FB-10257
FB-10258,TRX-12283,3.0,3.0,Excelente,No,0,80,-72.9,FB-10258
FB-10259,TRX-14828,3.0,4.0,,No,1,70,69.4,FB-10259
FB-10260,TRX-17543,3.0,2.0,,Sí,1,35,-36.5,FB-10260
FB-10261,TRX-12361,4.0,5.0,,Maybe,1,54,48.7,FB-10261
FB-10262,TRX-19035,3.0,1.0,,Sí,0,78,1.7,FB-10262
FB-10263,TRX-16898,1.0,5.0,Dañado,,0,68,46.0,FB-10263
FB-10264,TRX-13973,1.0,4.0,,No,1,22,5.5,FB-10264
FB-10265,TRX-13452,3.0,5.0,,,0,72,85.6,FB-10265
FB-10266,TRX-13679,4.0,4.0,No volvería,Maybe,0,61,2.0,FB-10266
FB-10267,TRX-10915,2.0,3.0,,Sí,0,27,-87.9,FB-10267
FB-10268,TRX-12257,5.0,3.0,,Sí,1,42,-9.6,FB-10268
FB-10269,TRX-11920,3.0,2.0,Excelente,Maybe,1,78,93.5,FB-10269
FB-10270,TRX-12344,3.0,1.0,Precio justo,Maybe,0,72,57.9,FB-10270
FB-10271,TRX-16184,5.0,3.0,Excelente,Sí,0,27,26.3,FB-10271
FB-10272,TRX-10431,2.0,2.0,Lento,,1,37,-69.7,FB-10272
FB-10273,TRX-16958,3.0,1.0,Excelente,Maybe,0,59,-63.4,FB-10273
FB-10274,TRX-16089,3.0,2.0,Excelente,No,1,80,44.5,FB-10274
FB-10275,TRX-10886,2.0,3.0,,,1,20,46.1,FB-10275
FB-10276,TRX-11736,5.0,1.0,Dañado,Sí,1,60,-25.3,FB-10276
FB-10277,TRX-19529,1.0,3.0,Precio justo,Maybe,1,21,98.9,FB-10277
FB-10278,TRX-11208,3.0,4.0,No volvería,Maybe,1,45,38.3,FB-10278
FB-10279,TRX-17812,3.0,1.0,,,0,58,78.9,FB-10279
FB-10280,TRX-19730,4.0,2.0,No volvería,Maybe,0,55,-90.7,FB-10280
FB-10281,TRX-12591,2.0,4.0,Dañado,No,1,28,24.7,FB-10281
FB-10282,TRX-10494,3.0,2.0,,Sí,1,49,49.9,FB-10282
FB-10283,TRX-12406,4.0,3.0,,,1,57,59.5,FB-10283
FB-10284,TRX-15984,1.0,3.0,Dañado,,1,71,34.5,FB-10284
FB-10285,TRX-12314,2.0,4.0,,No,1,20,21.2,FB-10285
FB-10286,TRX-11294,1.0,4.0,,Maybe,1,30,49.2,FB-10286
FB-10287,TRX-14014,4.0,1.0,No volvería,,0,73,-92.3,FB-10287
FB-10288,TRX-11262,5.0,2.0,,Sí,1,68,50.3,FB-10288
FB-10289,TRX-10204,2.0,5.0,Excelente,Maybe,0,54,-34.1,FB-10289
FB-10290,TRX-19325,5.0,3.0,Precio justo,,0,31,52.2,FB-10290
FB-10291,TRX-16823,4.0,5.0,No volvería,,1,53,55.4,FB-10291
FB-10292,TRX-12452,2.0,5.0,Excelente,Sí,1,49,-44.7,FB-10292
FB-10293,TRX-12988,3.0,4.0,Excelente,,0,58,43.0,FB-10293
FB-10294,TRX-17696,4.0,2.0,Lento,Maybe,1,57,-34.2,FB-10294
FB-10295,TRX-12295,4.0,5.0,Dañado,No,1,49,45.0,FB-10295
FB-10296,TRX-18641,1.0,2.0,,,0,29,-62.0,FB-10296
FB-10297,TRX-14907,5.0,4.0,,No,1,71,-84.5,FB-10297
FB-10298,TRX-17703,2.0,5.0,,Sí,1,74,17.6,FB-10298
FB-10299,TRX-16742,2.0,5.0,No volvería,No,0,25,-61.4,FB-10299
FB-10300,TRX-15526,3.0,3.0,No volvería,,1,59,78.9,FB-10300
FB-10301,TRX-17274,2.0,5.0,,Sí,0,61,-68.3,FB-10301
FB-10302,TRX-10216,3.0,1.0,Precio justo,Maybe,1,48,21.4,FB-10302
FB-10303,TRX-14698,2.0,4.0,,No,1,24,39.4,FB-10303
FB-10304,TRX-11822,1.0,1.0,,,1,43,-99.5,FB-10304
FB-10305,TRX-12554,4.0,5.0,,Maybe,1,45,73.9,FB-10305
FB-10306,TRX-10983,2.0,5.0,,No,0,19,45.3,FB-10306
FB-10307,TRX-10526,4.0,1.0,No volvería,Maybe,0,61,53.9,FB-10307
FB-10308,TRX-19898,5.0,3.0,Excelente,,1,34,-88.7,FB-10308
FB-10309,TRX-12843,4.0,3.0,Excelente,,1,32,-29.6,FB-10309
FB-10310,TRX-18245,5.0,1.0,Precio justo,No,1,49,28.5,FB-10310
FB-10311,TRX-12627,2.0,1.0,,No,1,40,-54.2,FB-10311
FB-10312,TRX-10178,1.0,4.0,Excelente,,0,43,66.4,FB-10312
FB-10313,TRX-16494,1.0,3.0,Excelente,Maybe,0,81,-18.3,FB-10313
FB-10314,TRX-16940,4.0,2.0,No volvería,No,1,73,60.2,FB-10314
FB-10315,TRX-17443,1.0,5.0,,,1,38,75.2,FB-10315
FB-10316,TRX-19079,5.0,5.0,Dañado,Sí,1,54,-4.9,FB-10316
FB-10317,TRX-14227,1.0,1.0,No volvería,Maybe,0,60,-54.6,FB-10317
FB-10318,TRX-19372,1.0,2.0,Lento,Sí,0,25,-23.8,FB-10318
FB-10319,TRX-18222,1.0,3.0,Precio justo,Sí,1,31,-0.1,FB-10319
FB-10320,TRX-15014,3.0,3.0,,Maybe,1,83,-8.9,FB-10320
FB-10321,TRX-13724,3.0,3.0,Excelente,Sí,0,44,-99.1,FB-10321
FB-10322,TRX-16941,4.0,1.0,,Sí,1,25,-83.1,FB-10322
FB-10323,TRX-12569,2.0,1.0,No volvería,Sí,0,76,-8.7,FB-10323
FB-10324,TRX-14453,2.0,5.0,No volvería,,0,27,-12.6,FB-10324
FB-10325,TRX-11506,5.0,5.0,,Sí,1,64,78.0,FB-10325
FB-10326,TRX-18544,5.0,3.0,,Sí,0,27,-44.7,FB-10326
FB-10327,TRX-16185,4.0,5.0,Excelente,Maybe,0,33,95.5,FB-10327
FB-10328,TRX-12050,3.0,5.0,Precio justo,Maybe,1,20,94.5,FB-10328
FB-10329,TRX-13471,1.0,3.0,No volvería,Sí,0,40,-62.3,FB-10329
FB-10330,TRX-16560,3.0,1.0,Dañado,Sí,1,19,-95.1,FB-10330
FB-10331,TRX-10917,3.0,5.0,,Sí,0,82,-60.4,FB-10331
FB-10332,TRX-13586,4.0,1.0,Excelente,,0,80,-16.1,FB-10332
FB-10333,TRX-16427,3.0,2.0,Precio justo,Sí,1,75,-26.5,FB-10333
FB-10334,TRX-13009,2.0,1.0,Lento,Maybe,1,54,-5.3,FB-10334
FB-10335,TRX-19163,3.0,4.0,,Maybe,0,78,38.4,FB-10335
FB-10336,TRX-19913,2.0,4.0,Excelente,Sí,0,37,3.6,FB-10336
FB-10337,TRX-11264,5.0,3.0,Lento,Sí,1,77,-31.0,FB-10337
FB-10338,TRX-17674,5.0,4.0,Excelente,Maybe,1,38,35.1,FB-10338
FB-10339,TRX-17821,4.0,2.0,No volvería,Sí,1,42,-33.2,FB-10339
FB-10340,TRX-15131,1.0,1.0,Precio justo,Sí,1,64,-29.5,FB-10340
FB-10341,TRX-16637,3.0,1.0,Dañado,,1,57,-31.4,FB-10341
FB-10342,TRX-16233,1.0,5.0,Lento,Sí,1,68,-39.2,FB-10342
FB-10343,TRX-12700,2.0,5.0,,,1,38,40.1,FB-10343
FB-10344,TRX-10895,1.0,5.0,Lento,No,1,24,-65.0,FB-10344
FB-10345,TRX-16086,3.0,1.0,,,1,23,54.9,FB-10345
FB-10346,TRX-16950,1.0,1.0,Excelente,Sí,0,83,84.5,FB-10346
FB-10347,TRX-13190,1.0,5.0,Lento,Sí,1,20,-44.7,FB-10347
FB-10348,TRX-14422,1.0,1.0,,Maybe,1,58,40.8,FB-10348
FB-10349,TRX-11776,4.0,2.0,Excelente,Sí,1,28,20.8,FB-10349
FB-10350,TRX-11710,1.0,5.0,Excelente,Sí,0,77,-40.1,FB-10350
FB-10351,TRX-11274,3.0,4.0,Lento,Sí,1,39,-52.7,FB-10351
FB-10352,TRX-15942,3.0,5.0,Lento,,0,67,88.8,FB-10352
FB-10353,TRX-19882,1.0,4.0,,,0,65,39.4,FB-10353
FB-10354,TRX-15496,4.0,3.0,No volvería,No,1,70,28.9,FB-10354
FB-10355,TRX-10459,2.0,4.0,No volvería,,1,59,99.4,FB-10355
FB-10356,TRX-13924,1.0,2.0,,Maybe,0,26,-29.3,FB-10356
FB-10357,TRX-14623,4.0,1.0,No volvería,,0,19,-54.2,FB-10357
FB-10358,TRX-12666,5.0,2.0,Precio justo,Sí,0,80,-34.0,FB-10358
FB-10359,TRX-18873,3.0,3.0,Dañado,,1,40,-66.0,FB-10359
FB-10360,TRX-11744,5.0,2.0,No volvería,Sí,1,21,85.0,FB-10360
FB-10361,TRX-11070,3.0,2.0,No volvería,Maybe,1,69,39.4,FB-10361
FB-10362,TRX-13471,2.0,3.0,Excelente,No,0,70,21.0,FB-10362
FB-10363,TRX-19783,4.0,2.0,Dañado,No,0,71,61.3,FB-10363
FB-10364,TRX-10179,2.0,3.0,Lento,No,0,69,3.2,FB-10364
FB-10365,TRX-15064,5.0,1.0,Precio justo,No,1,56,-61.8,FB-10365
FB-10366,TRX-13075,4.0,5.0,Lento,Sí,0,53,-69.1,FB-10366
FB-10367,TRX-19038,5.0,1.0,Excelente,Sí,1,48,4.5,FB-10367
FB-10368,TRX-13305,1.0,1.0,Precio justo,,1,50,61.1,FB-10368
FB-10369,TRX-10530,5.0,1.0,No volvería,Sí,0,26,-55.7,FB-10369
FB-10370,TRX-13937,2.0,2.0,,No,1,39,41.0,FB-10370
FB-10371,TRX-14410,2.0,1.0,Dañado,Sí,1,53,-50.0,FB-10371
FB-10372,TRX-11393,1.0,3.0,Dañado,Maybe,1,69,-13.4,FB-10372
FB-10373,TRX-19340,4.0,3.0,No volvería,Maybe,1,26,-87.8,FB-10373
FB-10374,TRX-19253,5.0,3.0,Lento,Maybe,0,81,0.6,FB-10374
FB-10375,TRX-10735,5.0,3.0,Lento,No,1,29,-66.1,FB-10375
FB-10376,TRX-19236,5.0,1.0,No volvería,,1,33,68.9,FB-10376
FB-10377,TRX-17926,4.0,4.0,No volvería,Sí,0,26,91.5,FB-10377
FB-10378,TRX-10748,2.0,5.0,Dañado,,1,51,-83.2,FB-10378
FB-10379,TRX-10787,1.0,4.0,Lento,Sí,0,24,6.8,FB-10379
FB-10380,TRX-15154,4.0,2.0,,No,0,49,40.8,FB-10380
FB-10381,TRX-11527,1.0,1.0,Precio justo,Maybe,0,66,-86.9,FB-10381
FB-10382,TRX-15056,3.0,4.0,Precio justo,No,1,71,10.7,FB-10382
FB-10383,TRX-10138,1.0,1.0,Excelente,Maybe,0,59,87.3,FB-10383
FB-10384,TRX-15843,3.0,3.0,Excelente,,1,18,5.3,FB-10384
FB-10385,TRX-14626,1.0,2.0,Excelente,,0,37,24.2,FB-10385
FB-10386,TRX-16523,3.0,4.0,,No,1,55,-34.5,FB-10386
FB-10387,TRX-18195,5.0,5.0,Lento,No,0,29,23.0,FB-10387
FB-10388,TRX-13192,4.0,3.0,Precio justo,Sí,0,76,77.6,FB-10388
FB-10389,TRX-15152,5.0,3.0,Lento,,1,67,-34.1,FB-10389
FB-10390,TRX-16400,2.0,2.0,No volvería,Maybe,0,24,54.4,FB-10390
FB-10391,TRX-15830,4.0,3.0,Dañado,,1,44,14.1,FB-10391
FB-10392,TRX-12122,5.0,3.0,,Sí,1,30,-48.6,FB-10392
FB-10393,TRX-11595,1.0,4.0,Excelente,No,0,37,-21.7,FB-10393
FB-10394,TRX-15428,4.0,3.0,No volvería,Maybe,1,35,-28.4,FB-10394
FB-10395,TRX-16672,1.0,2.0,No volvería,Sí,0,75,-6.3,FB-10395
FB-10396,TRX-18250,5.0,1.0,,No,1,40,-77.4,FB-10396
FB-10397,TRX-11654,4.0,2.0,Dañado,Maybe,0,19,-69.8,FB-10397
FB-10398,TRX-18227,5.0,2.0,Precio justo,Sí,1,61,-24.3,FB-10398
FB-10399,TRX-12460,2.0,1.0,Precio justo,No,0,67,12.4,FB-10399
FB-10400,TRX-10388,3.0,4.0,,,0,50,23.6,FB-10400
FB-10401,TRX-19620,5.0,5.0,No volvería,No,1,76,82.1,FB-10401
FB-10402,TRX-16260,2.0,5.0,Dañado,No,1,61,13.8,FB-10402
FB-10403,TRX-17814,5.0,2.0,Precio justo,Sí,1,82,46.0,FB-10403
FB-10404,TRX-19606,4.0,4.0,,Sí,0,51,-3.7,FB-10404
FB-10405,TRX-10612,1.0,4.0,Excelente,Sí,0,48,4.7,FB-10405
FB-10406,TRX-14753,4.0,4.0,Lento,No,0,31,18.0,FB-10406
FB-10407,TRX-12641,5.0,4.0,Dañado,No,1,69,4.4,FB-10407
FB-10408,TRX-12482,5.0,2.0,,,1,36,-38.1,FB-10408
FB-10409,TRX-17587,5.0,3.0,,Sí,0,46,95.5,FB-10409
FB-10410,TRX-11290,3.0,5.0,No volvería,,0,72,23.7,FB-10410
FB-10411,TRX-11528,2.0,5.0,Lento,Maybe,0,47,-30.8,FB-10411
FB-10412,TRX-13794,1.0,1.0,Precio justo,,1,76,59.7,FB-10412
FB-10413,TRX-13533,2.0,2.0,Precio justo,Sí,0,70,-67.2,FB-10413
FB-10414,TRX-12307,5.0,5.0,,Maybe,1,83,98.5,FB-10414
FB-10415,TRX-12638,5.0,2.0,Dañado,No,1,56,57.8,FB-10415
FB-10416,TRX-18218,2.0,2.0,Lento,No,0,42,-80.5,FB-10416
FB-10417,TRX-18459,2.0,4.0,Precio justo,Maybe,1,62,69.7,FB-10417
FB-10418,TRX-19973,2.0,1.0,Dañado,Sí,1,25,-48.3,FB-10418
FB-10419,TRX-18573,3.0,2.0,Lento,,1,76,27.6,FB-10419
FB-10420,TRX-15593,2.0,5.0,,No,1,19,-67.0,FB-10420
FB-10421,TRX-17331,5.0,5.0,,Maybe,1,32,42.2,FB-10421
FB-10422,TRX-12149,1.0,1.0,No volvería,,1,37,51.5,FB-10422
FB-10423,TRX-15554,4.0,2.0,No volvería,,1,28,70.3,FB-10423
FB-10424,TRX-14765,2.0,4.0,,No,0,58,-2.4,FB-10424
FB-10425,TRX-15903,2.0,1.0,Precio justo,Sí,0,21,10.7,FB-10425
FB-10426,TRX-17059,2.0,2.0,,Sí,0,65,-57.0,FB-10426
FB-10427,TRX-10655,1.0,1.0,Dañado,Maybe,0,18,3.1,FB-10427
FB-10428,TRX-16350,2.0,4.0,Excelente,Maybe,1,78,6.4,FB-10428
FB-10429,TRX-13917,2.0,3.0,Precio justo,Sí,1,44,61.8,FB-10429
FB-10430,TRX-13421,2.0,3.0,Excelente,Maybe,1,51,42.2,FB-10430
FB-10431,TRX-19943,1.0,3.0,Lento,Sí,1,19,39.7,FB-10431
FB-10432,TRX-11228,4.0,4.0,Dañado,No,0,40,-94.1,FB-10432
FB-10433,TRX-12496,5.0,4.0,,,1,53,9.3,FB-10433
FB-10434,TRX-19288,1.0,1.0,Precio justo,Maybe,0,27,98.5,FB-10434
FB-10435,TRX-18151,2.0,5.0,No volvería,No,0,80,50.4,FB-10435
FB-10436,TRX-11595,3.0,4.0,,Sí,0,68,67.0,FB-10436
FB-10437,TRX-10244,1.0,4.0,Lento,Maybe,1,38,-1.3,FB-10437
FB-10438,TRX-12336,2.0,3.0,,No,1,35,66.4,FB-10438
FB-10439,TRX-15071,2.0,3.0,,Maybe,1,40,63.4,FB-10439
FB-10440,TRX-18964,5.0,3.0,Lento,No,0,73,6.0,FB-10440
FB-10441,TRX-11428,1.0,5.0,Lento,Sí,0,61,13.7,FB-10441
FB-10442,TRX-18174,1.0,3.0,Excelente,,1,69,-89.6,FB-10442
FB-10443,TRX-11541,5.0,3.0,Excelente,No,0,38,70.6,FB-10443
FB-10444,TRX-17451,3.0,5.0,,Sí,1,39,-73.2,FB-10444
FB-10445,TRX-15139,3.0,3.0,Lento,Maybe,1,30,-39.8,FB-10445
FB-10446,TRX-12780,4.0,1.0,,,0,79,48.9,FB-10446
FB-10447,TRX-14843,4.0,1.0,Precio justo,,0,79,-39.8,FB-10447
FB-10448,TRX-12645,5.0,2.0,Excelente,Maybe,1,37,1.1,FB-10448
FB-10449,TRX-11116,1.0,1.0,Dañado,,0,78,-69.2,FB-10449
FB-10450,TRX-14589,2.0,5.0,,Maybe,1,41,-41.7,FB-10450
FB-10451,TRX-19445,3.0,3.0,No volvería,Maybe,0,59,46.9,FB-10451
FB-10452,TRX-15952,1.0,2.0,Precio justo,Sí,1,52,-16.3,FB-10452
FB-10453,TRX-15789,4.0,4.0,,Maybe,1,56,12.6,FB-10453
FB-10454,TRX-11461,3.0,4.0,,Sí,1,59,-28.6,FB-10454
FB-10455,TRX-11165,2.0,1.0,,No,0,82,86.1,FB-10455
FB-10456,TRX-12935,4.0,2.0,Dañado,No,0,29,71.2,FB-10456
FB-10457,TRX-17548,2.0,4.0,,Maybe,0,18,-77.5,FB-10457
FB-10458,TRX-14226,4.0,4.0,,Sí,1,56,95.5,FB-10458
FB-10459,TRX-17753,2.0,4.0,,No,0,57,61.9,FB-10459
FB-10460,TRX-14194,3.0,1.0,Excelente,Sí,0,23,-68.3,FB-10460
FB-10461,TRX-17242,5.0,1.0,No volvería,No,0,46,-91.7,FB-10461
FB-10462,TRX-12301,2.0,2.0,Lento,Maybe,0,64,78.6,FB-10462
FB-10463,TRX-12031,3.0,1.0,,No,0,67,51.6,FB-10463
FB-10464,TRX-19318,1.0,1.0,No volvería,Maybe,1,40,-44.9,FB-10464
FB-10465,TRX-17999,1.0,5.0,Lento,Maybe,0,25,90.4,FB-10465
FB-10466,TRX-10648,4.0,1.0,,No,0,19,81.2,FB-10466
FB-10467,TRX-15955,5.0,2.0,Dañado,Maybe,1,21,-57.4,FB-10467
FB-10468,TRX-14696,4.0,1.0,Dañado,Sí,0,68,-20.2,FB-10468
FB-10469,TRX-16568,2.0,1.0,Precio justo,Sí,0,38,-90.5,FB-10469
FB-10470,TRX-16701,5.0,5.0,Dañado,Sí,0,70,-38.3,FB-10470
FB-10471,TRX-12113,2.0,2.0,Excelente,,0,43,-0.8,FB-10471
FB-10472,TRX-17222,3.0,4.0,Excelente,No,0,47,-87.3,FB-10472
FB-10473,TRX-16008,5.0,5.0,No volvería,No,0,50,-32.6,FB-10473
FB-10474,TRX-18396,1.0,1.0,,,0,39,-69.8,FB-10474
FB-10475,TRX-15138,3.0,3.0,Lento,No,1,23,84.7,FB-10475
FB-10476,TRX-16122,3.0,5.0,,Sí,1,47,65.9,FB-10476
FB-10477,TRX-11367,2.0,5.0,No volvería,,1,74,53.3,FB-10477
FB-10478,TRX-16769,4.0,2.0,Precio justo,,0,25,54.9,FB-10478
FB-10479,TRX-18289,2.0,4.0,,Sí,0,34,-97.1,FB-10479
FB-10480,TRX-17374,3.0,4.0,Precio justo,No,0,49,20.5,FB-10480
FB-10481,TRX-14306,5.0,4.0,,Maybe,0,65,18.2,FB-10481
FB-10482,TRX-10699,1.0,5.0,Excelente,Maybe,0,26,98.5,FB-10482
FB-10483,TRX-10934,3.0,3.0,Precio justo,No,0,61,26.5,FB-10483
FB-10484,TRX-14011,4.0,2.0,,Maybe,1,20,30.1,FB-10484
FB-10485,TRX-19188,4.0,3.0,Excelente,,1,61,-23.8,FB-10485
FB-10486,TRX-10130,5.0,4.0,Lento,Maybe,0,67,0.1,FB-10486
FB-10487,TRX-12532,4.0,5.0,,No,0,65,-20.9,FB-10487
FB-10488,TRX-11725,5.0,4.0,No volvería,No,1,24,82.3,FB-10488
FB-10489,TRX-14762,4.0,3.0,,No,0,27,-59.4,FB-10489
FB-10490,TRX-16157,2.0,4.0,Precio justo,,0,35,-69.9,FB-10490
FB-10491,TRX-12592,1.0,1.0,Lento,No,0,50,99.4,FB-10491
FB-10492,TRX-19341,1.0,2.0,Precio justo,Maybe,1,81,86.2,FB-10492
FB-10493,TRX-16541,3.0,3.0,Dañado,No,0,56,18.6,FB-10493
FB-10494,TRX-11195,3.0,1.0,,No,1,73,54.6,FB-10494
FB-10495,TRX-13654,2.0,4.0,Precio justo,No,0,67,-77.8,FB-10495
FB-10496,TRX-16360,2.0,2.0,Lento,,0,45,53.7,FB-10496
FB-10497,TRX-17573,1.0,2.0,Precio justo,,0,83,-7.0,FB-10497
FB-10498,TRX-11531,3.0,2.0,Dañado,,1,48,65.4,FB-10498
FB-10499,TRX-15716,3.0,5.0,,,0,28,3.1,FB-10499
FB-10500,TRX-17632,1.0,2.0,,Sí,1,40,45.4,FB-10500
FB-10501,TRX-17675,5.0,1.0,Precio justo,Sí,0,64,-32.1,FB-10501
FB-10502,TRX-18767,2.0,3.0,,Maybe,1,81,46.4,FB-10502
FB-10503,TRX-17616,3.0,1.0,Lento,No,1,77,-45.6,FB-10503
FB-10504,TRX-11787,1.0,4.0,,,1,40,90.9,FB-10504
FB-10505,TRX-11406,2.0,5.0,,,1,52,34.1,FB-10505
FB-10506,TRX-12953,1.0,5.0,Excelente,No,1,69,-4.3,FB-10506
FB-10507,TRX-11775,5.0,4.0,,No,0,66,21.2,FB-10507
FB-10508,TRX-16503,4.0,3.0,Lento,Sí,0,49,23.3,FB-10508
FB-10509,TRX-17096,3.0,5.0,Excelente,No,1,55,70.9,FB-10509
FB-10510,TRX-13268,2.0,4.0,,Sí,0,63,11.7,FB-10510
FB-10511,TRX-16578,1.0,4.0,Excelente,No,0,79,12.7,FB-10511
FB-10512,TRX-15385,1.0,4.0,No volvería,No,0,49,17.3,FB-10512
FB-10513,TRX-11056,2.0,4.0,,,1,43,54.6,FB-10513
FB-10514,TRX-15198,3.0,2.0,Lento,,0,32,-1.8,FB-10514
FB-10515,TRX-15610,3.0,3.0,,Sí,1,38,-57.4,FB-10515
FB-10516,TRX-19901,1.0,4.0,No volvería,No,1,84,-16.4,FB-10516
FB-10517,TRX-17967,3.0,2.0,Excelente,,0,47,-24.9,FB-10517
FB-10518,TRX-13483,4.0,2.0,Precio justo,Sí,1,22,-88.3,FB-10518
FB-10519,TRX-17802,5.0,1.0,Excelente,,1,69,60.0,FB-10519
FB-10520,TRX-11873,5.0,4.0,Lento,Maybe,0,33,67.3,FB-10520
FB-10521,TRX-14560,4.0,2.0,Lento,Sí,1,23,-46.6,FB-10521
FB-10522,TRX-17447,3.0,1.0,Lento,Maybe,0,57,-35.2,FB-10522
FB-10523,TRX-10627,1.0,1.0,Lento,No,0,43,-35.8,FB-10523
FB-10524,TRX-18930,3.0,4.0,,Sí,1,73,3.5,FB-10524
FB-10525,TRX-12551,2.0,5.0,Precio justo,Maybe,1,18,-6.2,FB-10525
FB-10526,TRX-17699,2.0,2.0,,No,0,75,77.4,FB-10526
FB-10527,TRX-12384,3.0,5.0,No volvería,Sí,1,71,-1.3,FB-10527
FB-10528,TRX-13497,4.0,1.0,Dañado,No,0,37,-64.4,FB-10528
FB-10529,TRX-15245,2.0,5.0,No volvería,Maybe,0,56,49.5,FB-10529
FB-10530,TRX-19309,5.0,5.0,Excelente,Sí,0,21,73.6,FB-10530
FB-10531,TRX-10513,1.0,4.0,Lento,No,0,55,21.9,FB-10531
FB-10532,TRX-19848,4.0,1.0,Lento,No,1,63,52.9,FB-10532
FB-10533,TRX-16230,2.0,3.0,Dañado,,1,59,-55.1,FB-10533
FB-10534,TRX-11022,1.0,2.0,,Maybe,0,47,80.0,FB-10534
FB-10535,TRX-15922,5.0,4.0,,Sí,1,53,-84.9,FB-10535
FB-10536,TRX-17046,2.0,4.0,No volvería,Sí,1,39,79.8,FB-10536
FB-10537,TRX-17756,2.0,3.0,Excelente,No,0,57,-27.2,FB-10537
FB-10538,TRX-13496,1.0,4.0,Lento,Maybe,0,35,-82.0,FB-10538
FB-10539,TRX-10886,1.0,1.0,,No,1,22,-63.7,FB-10539
FB-10540,TRX-13465,3.0,4.0,,No,0,61,97.8,FB-10540
FB-10541,TRX-10375,2.0,4.0,Dañado,Sí,0,22,-25.4,FB-10541
FB-10542,TRX-16929,5.0,3.0,Dañado,No,1,56,54.8,FB-10542
FB-10543,TRX-14421,1.0,2.0,,Sí,0,38,-4.6,FB-10543
FB-10544,TRX-14129,4.0,2.0,Excelente,Sí,1,77,15.3,FB-10544
FB-10545,TRX-12885,2.0,5.0,Dañado,,1,49,27.3,FB-10545
FB-10546,TRX-11369,4.0,1.0,,Sí,0,84,20.6,FB-10546
FB-10547,TRX-12322,2.0,3.0,Dañado,,1,30,99.7,FB-10547
FB-10548,TRX-11134,1.0,2.0,No volvería,No,1,23,10.3,FB-10548
FB-10549,TRX-14487,3.0,3.0,Lento,Sí,0,65,24.3,FB-10549
FB-10550,TRX-16636,3.0,5.0,No volvería,Sí,0,40,-30.1,FB-10550
FB-10551,TRX-11338,2.0,2.0,Dañado,,1,39,-51.9,FB-10551
FB-10552,TRX-14887,1.0,3.0,Precio justo,,1,62,-10.2,FB-10552
FB-10553,TRX-17396,1.0,1.0,Excelente,Sí,0,75,22.8,FB-10553
FB-10554,TRX-16876,1.0,1.0,,Maybe,0,57,-37.1,FB-10554
FB-10555,TRX-18597,4.0,5.0,Dañado,Maybe,1,66,-0.1,FB-10555
FB-10556,TRX-13507,1.0,2.0,Dañado,,1,51,63.0,FB-10556
FB-10557,TRX-14250,4.0,2.0,,Sí,1,18,-15.2,FB-10557
FB-10558,TRX-13015,5.0,1.0,No volvería,No,1,39,15.6,FB-10558
FB-10559,TRX-10880,3.0,5.0,Excelente,No,1,84,85.0,FB-10559
FB-10560,TRX-11514,1.0,4.0,,Maybe,0,74,24.6,FB-10560
FB-10561,TRX-17021,5.0,1.0,Lento,Maybe,1,83,-37.8,FB-10561
FB-10562,TRX-15603,1.0,1.0,Excelente,No,1,67,14.0,FB-10562
FB-10563,TRX-14864,5.0,3.0,Dañado,,1,41,72.2,FB-10563
FB-10564,TRX-12695,1.0,5.0,No volvería,Sí,0,83,-69.4,FB-10564
FB-10565,TRX-13253,3.0,4.0,,Maybe,0,29,64.7,FB-10565
FB-10566,TRX-15722,1.0,5.0,Precio justo,Sí,1,22,-79.9,FB-10566
FB-10567,TRX-16866,4.0,5.0,Dañado,,0,27,91.4,FB-10567
FB-10568,TRX-17890,1.0,1.0,Excelente,,0,39,-68.1,FB-10568
FB-10569,TRX-17790,2.0,1.0,,Maybe,1,24,-6.8,FB-10569
FB-10570,TRX-18773,4.0,1.0,,,1,21,90.2,FB-10570
FB-10571,TRX-12632,5.0,3.0,,No,1,83,-58.2,FB-10571
FB-10572,TRX-17156,1.0,4.0,Excelente,,1,74,28.4,FB-10572
FB-10573,TRX-15811,1.0,4.0,Precio justo,Maybe,0,43,47.5,FB-10573
FB-10574,TRX-19344,1.0,5.0,Excelente,,0,39,-92.4,FB-10574
FB-10575,TRX-16375,2.0,1.0,,,0,79,18.8,FB-10575
FB-10576,TRX-10162,3.0,5.0,Excelente,Maybe,0,36,52.0,FB-10576
FB-10577,TRX-19189,3.0,1.0,,Maybe,0,58,93.9,FB-10577
FB-10578,TRX-19783,4.0,5.0,,Sí,0,39,-72.2,FB-10578
FB-10579,TRX-13253,4.0,5.0,No volvería,No,0,44,72.7,FB-10579
FB-10580,TRX-11274,2.0,3.0,Excelente,Maybe,1,19,25.9,FB-10580
FB-10581,TRX-19477,2.0,3.0,Lento,,1,38,45.5,FB-10581
FB-10582,TRX-12369,2.0,5.0,Precio justo,Sí,0,39,48.1,FB-10582
FB-10583,TRX-15304,5.0,1.0,Dañado,,1,26,44.8,FB-10583
FB-10584,TRX-15185,2.0,5.0,,No,0,48,84.6,FB-10584
FB-10585,TRX-10232,2.0,1.0,Precio justo,,1,62,-75.4,FB-10585
FB-10586,TRX-12465,2.0,2.0,,Sí,1,18,-43.3,FB-10586
FB-10587,TRX-17514,2.0,4.0,Dañado,No,0,32,80.7,FB-10587
FB-10588,TRX-12416,3.0,5.0,No volvería,,0,47,-8.7,FB-10588
FB-10589,TRX-18182,1.0,2.0,Excelente,Sí,1,30,-18.8,FB-10589
FB-10590,TRX-15184,1.0,5.0,,,1,51,7.8,FB-10590
FB-10591,TRX-11861,3.0,3.0,Dañado,No,0,42,-37.9,FB-10591
FB-10592,TRX-16658,2.0,4.0,Dañado,,0,74,19.5,FB-10592
FB-10593,TRX-14305,5.0,5.0,No volvería,,1,50,75.9,FB-10593
FB-10594,TRX-18531,5.0,3.0,,Sí,1,33,-20.9,FB-10594
FB-10595,TRX-10060,4.0,3.0,Precio justo,,1,44,-58.4,FB-10595
FB-10596,TRX-17381,1.0,2.0,,Maybe,0,43,-68.8,FB-10596
FB-10597,TRX-12059,4.0,3.0,Precio justo,No,1,79,39.5,FB-10597
FB-10598,TRX-17361,2.0,2.0,Precio justo,Sí,0,36,-85.3,FB-10598
FB-10599,TRX-19476,4.0,1.0,Excelente,Maybe,1,39,-85.0,FB-10599
FB-10600,TRX-11596,2.0,1.0,No volvería,Maybe,0,50,92.3,FB-10600
FB-10601,TRX-10597,4.0,1.0,Dañado,No,1,74,33.4,FB-10601
FB-10602,TRX-13581,3.0,1.0,Precio justo,Sí,1,52,-62.2,FB-10602
FB-10603,TRX-13074,2.0,5.0,Precio justo,Maybe,0,31,26.5,FB-10603
FB-10604,TRX-16884,5.0,2.0,Precio justo,,1,24,15.8,FB-10604
FB-10605,TRX-18947,2.0,1.0,Lento,Maybe,0,27,55.8,FB-10605
FB-10606,TRX-12721,5.0,3.0,Excelente,No,1,65,-15.3,FB-10606
FB-10607,TRX-19845,5.0,2.0,Precio justo,Maybe,0,63,-96.6,FB-10607
FB-10608,TRX-16185,4.0,5.0,,Sí,1,43,-12.0,FB-10608
FB-10609,TRX-13541,1.0,1.0,Lento,Maybe,0,35,38.3,FB-10609
FB-10610,TRX-15703,1.0,2.0,,Maybe,1,82,91.5,FB-10610
FB-10611,TRX-13436,1.0,4.0,No volvería,No,0,20,68.0,FB-10611
FB-10612,TRX-13131,5.0,1.0,Dañado,Maybe,0,46,-95.4,FB-10612
FB-10613,TRX-19450,1.0,2.0,Precio justo,Maybe,0,22,-51.1,FB-10613
FB-10614,TRX-10235,2.0,1.0,Excelente,Sí,1,32,10.0,FB-10614
FB-10615,TRX-16066,2.0,4.0,Precio justo,No,0,43,-88.9,FB-10615
FB-10616,TRX-15960,2.0,3.0,Excelente,No,1,53,19.1,FB-10616
FB-10617,TRX-10265,5.0,3.0,Lento,No,1,21,-14.2,FB-10617
FB-10618,TRX-14947,5.0,4.0,Excelente,No,0,46,33.7,FB-10618
FB-10619,TRX-15029,1.0,2.0,,,1,56,-55.9,FB-10619
FB-10620,TRX-18226,4.0,5.0,No volvería,,1,39,-62.6,FB-10620
FB-10621,TRX-12043,5.0,1.0,Excelente,,0,79,83.0,FB-10621
FB-10622,TRX-18177,3.0,5.0,,No,0,82,-31.3,FB-10622
FB-10623,TRX-17471,2.0,1.0,Dañado,No,0,63,94.2,FB-10623
FB-10624,TRX-16783,2.0,5.0,Lento,,1,71,-68.1,FB-10624
FB-10625,TRX-16723,1.0,1.0,Excelente,No,0,23,50.7,FB-10625
FB-10626,TRX-15762,4.0,3.0,Precio justo,Maybe,0,28,-59.7,FB-10626
FB-10627,TRX-15770,2.0,1.0,,Sí,0,18,43.2,FB-10627
FB-10628,TRX-18887,5.0,1.0,No volvería,No,1,82,-47.5,FB-10628
FB-10629,TRX-16977,4.0,4.0,,Maybe,0,24,-33.7,FB-10629
FB-10630,TRX-18571,2.0,4.0,Dañado,Maybe,1,60,28.3,FB-10630
FB-10631,TRX-15502,1.0,1.0,Excelente,,1,59,-93.3,FB-10631
FB-10632,TRX-11857,1.0,1.0,Excelente,Sí,1,51,-50.7,FB-10632
FB-10633,TRX-12880,1.0,2.0,Dañado,No,0,24,71.5,FB-10633
FB-10634,TRX-17517,5.0,3.0,Dañado,No,1,48,-37.7,FB-10634
FB-10635,TRX-17018,1.0,1.0,Excelente,Sí,1,73,91.2,FB-10635
FB-10636,TRX-16113,3.0,1.0,Precio justo,Maybe,1,18,-71.4,FB-10636
FB-10637,TRX-12898,5.0,3.0,Precio justo,No,0,43,44.3,FB-10637
FB-10638,TRX-19056,3.0,2.0,Precio justo,No,0,46,-67.4,FB-10638
FB-10639,TRX-19746,1.0,4.0,Excelente,Sí,1,52,52.8,FB-10639
FB-10640,TRX-12664,4.0,4.0,Lento,Maybe,0,54,-57.4,FB-10640
FB-10641,TRX-18892,5.0,3.0,Excelente,Maybe,0,27,73.2,FB-10641
FB-10642,TRX-17141,3.0,1.0,Lento,Maybe,1,21,24.8,FB-10642
FB-10643,TRX-16251,5.0,4.0,Precio justo,No,0,78,76.2,FB-10643
FB-10644,TRX-14669,3.0,1.0,Excelente,Maybe,1,24,25.6,FB-10644
FB-10645,TRX-17167,5.0,5.0,,Sí,0,66,61.3,FB-10645
FB-10646,TRX-14640,2.0,1.0,Precio justo,,1,78,74.0,FB-10646
FB-10647,TRX-11625,3.0,4.0,Excelente,,1,31,-6.2,FB-10647
FB-10648,TRX-11435,3.0,1.0,Precio justo,Sí,1,41,34.7,FB-10648
FB-10649,TRX-11700,5.0,1.0,Dañado,Sí,1,68,-94.7,FB-10649
FB-10650,TRX-11468,4.0,2.0,,Sí,0,48,-0.7,FB-10650
FB-10651,TRX-10269,2.0,2.0,Excelente,Maybe,0,19,-57.5,FB-10651
FB-10652,TRX-16738,3.0,1.0,Lento,Sí,0,60,-77.1,FB-10652
FB-10653,TRX-11698,1.0,3.0,Precio justo,No,0,68,99.3,FB-10653
FB-10654,TRX-18133,1.0,3.0,,,0,28,99.4,FB-10654
FB-10655,TRX-18924,5.0,3.0,,No,1,66,-57.4,FB-10655
FB-10656,TRX-11633,4.0,3.0,,No,0,33,79.5,FB-10656
FB-10657,TRX-17276,2.0,4.0,No volvería,Maybe,1,58,79.4,FB-10657
FB-10658,TRX-18247,3.0,3.0,Lento,Maybe,0,47,95.3,FB-10658
FB-10659,TRX-19522,1.0,4.0,No volvería,,0,62,-21.5,FB-10659
FB-10660,TRX-10534,3.0,3.0,Precio justo,Maybe,1,33,86.4,FB-10660
FB-10661,TRX-14749,1.0,1.0,,Maybe,1,48,56.4,FB-10661
FB-10662,TRX-16891,5.0,3.0,,,1,28,47.0,FB-10662
FB-10663,TRX-13471,5.0,1.0,Excelente,Sí,0,25,-50.4,FB-10663
FB-10664,TRX-13651,3.0,1.0,Excelente,,0,29,-1.9,FB-10664
FB-10665,TRX-17448,5.0,2.0,Excelente,,0,78,57.6,FB-10665
FB-10666,TRX-19037,2.0,5.0,No volvería,Sí,1,55,69.4,FB-10666
FB-10667,TRX-16243,5.0,5.0,,Sí,1,72,-60.4,FB-10667
FB-10668,TRX-11875,2.0,1.0,,,0,30,-37.8,FB-10668
FB-10669,TRX-13204,5.0,5.0,,Sí,0,52,-67.5,FB-10669
FB-10670,TRX-17693,3.0,5.0,Precio justo,Sí,0,79,-69.7,FB-10670
FB-10671,TRX-12038,2.0,3.0,Dañado,,0,37,-57.3,FB-10671
FB-10672,TRX-15744,4.0,5.0,,Sí,0,71,81.9,FB-10672
FB-10673,TRX-17601,3.0,5.0,Excelente,No,1,84,-27.5,FB-10673
FB-10674,TRX-16765,2.0,5.0,Precio justo,Maybe,0,80,-0.5,FB-10674
FB-10675,TRX-16484,1.0,2.0,Dañado,Maybe,0,26,-97.7,FB-10675
FB-10676,TRX-10124,1.0,5.0,Dañado,,0,78,50.6,FB-10676
FB-10677,TRX-16138,4.0,3.0,,Sí,1,67,-42.3,FB-10677
FB-10678,TRX-13668,1.0,4.0,Precio justo,No,1,76,40.8,FB-10678
FB-10679,TRX-18315,3.0,2.0,Excelente,Sí,1,65,-60.2,FB-10679
FB-10680,TRX-14646,2.0,3.0,Excelente,Sí,1,34,-24.6,FB-10680
FB-10681,TRX-14384,3.0,1.0,Lento,Sí,0,69,3.5,FB-10681
FB-10682,TRX-14333,5.0,3.0,Precio justo,,0,68,26.3,FB-10682
FB-10683,TRX-15036,5.0,4.0,,Maybe,1,83,-67.0,FB-10683
FB-10684,TRX-16794,1.0,2.0,Dañado,Maybe,0,74,-13.5,FB-10684
FB-10685,TRX-13957,4.0,4.0,No volvería,No,0,32,-97.6,FB-10685
FB-10686,TRX-10068,4.0,1.0,No volvería,No,0,19,-73.5,FB-10686
FB-10687,TRX-16792,5.0,1.0,,Sí,1,44,-34.4,FB-10687
FB-10688,TRX-10535,4.0,1.0,,No,0,69,87.4,FB-10688
FB-10689,TRX-10254,4.0,3.0,Excelente,No,0,68,76.7,FB-10689
FB-10690,TRX-10430,1.0,3.0,Lento,No,0,55,4.8,FB-10690
FB-10691,TRX-12512,3.0,5.0,,Sí,1,36,20.9,FB-10691
FB-10692,TRX-16134,3.0,1.0,,Sí,0,47,-42.3,FB-10692
FB-10693,TRX-18502,2.0,4.0,,Maybe,0,30,34.0,FB-10693
FB-10694,TRX-19829,3.0,1.0,No volvería,,1,44,-52.6,FB-10694
FB-10695,TRX-15201,3.0,2.0,Excelente,Sí,1,63,-99.5,FB-10695
FB-10696,TRX-15490,1.0,3.0,Lento,Maybe,1,36,92.6,FB-10696
FB-10697,TRX-12792,1.0,1.0,No volvería,No,1,36,-23.7,FB-10697
FB-10698,TRX-19374,3.0,5.0,Dañado,No,0,58,4.5,FB-10698
FB-10699,TRX-17045,2.0,1.0,No volvería,,0,32,-80.0,FB-10699
FB-10700,TRX-13962,3.0,5.0,No volvería,Sí,1,45,5.5,FB-10700
FB-10701,TRX-19105,3.0,3.0,No volvería,,1,45,80.5,FB-10701
FB-10702,TRX-16412,3.0,3.0,,Maybe,1,67,75.5,FB-10702
FB-10703,TRX-13156,5.0,5.0,No volvería,,0,50,15.6,FB-10703
FB-10704,TRX-16444,2.0,2.0,Excelente,,0,61,71.3,FB-10704
FB-10705,TRX-10845,3.0,3.0,Precio justo,No,1,72,-27.2,FB-10705
FB-10706,TRX-19467,1.0,5.0,Dañado,No,1,26,-61.5,FB-10706
FB-10707,TRX-17030,3.0,3.0,,No,0,53,-15.7,FB-10707
FB-10708,TRX-12111,4.0,1.0,Precio justo,Maybe,0,19,61.9,FB-10708
FB-10709,TRX-16396,5.0,4.0,Excelente,Maybe,1,60,41.4,FB-10709
FB-10710,TRX-12846,5.0,2.0,No volvería,Sí,1,43,-23.1,FB-10710
FB-10711,TRX-16604,5.0,4.0,,Sí,1,40,-31.7,FB-10711
FB-10712,TRX-15212,2.0,2.0,Lento,No,0,77,92.9,FB-10712
FB-10713,TRX-18475,5.0,1.0,Lento,No,1,23,-47.3,FB-10713
FB-10714,TRX-12595,3.0,5.0,Precio justo,,1,78,-38.4,FB-10714
FB-10715,TRX-17166,2.0,5.0,,Sí,1,82,-30.5,FB-10715
FB-10716,TRX-13784,4.0,5.0,,,0,58,56.6,FB-10716
FB-10717,TRX-11631,1.0,1.0,Lento,Maybe,0,43,70.0,FB-10717
FB-10718,TRX-12069,5.0,4.0,Precio justo,Maybe,0,30,-56.6,FB-10718
FB-10719,TRX-18261,3.0,3.0,Dañado,Maybe,1,33,-18.5,FB-10719
FB-10720,TRX-11939,2.0,5.0,Lento,Sí,0,61,73.1,FB-10720
FB-10721,TRX-19452,3.0,3.0,,Maybe,1,47,-37.3,FB-10721
FB-10722,TRX-16422,5.0,4.0,,Sí,1,19,-19.2,FB-10722
FB-10723,TRX-14263,1.0,3.0,No volvería,No,1,55,10.7,FB-10723
FB-10724,TRX-19058,2.0,3.0,Excelente,,0,40,28.3,FB-10724
FB-10725,TRX-12605,3.0,3.0,Dañado,,0,46,-39.3,FB-10725
FB-10726,TRX-15282,2.0,1.0,,Maybe,1,74,15.2,FB-10726
FB-10727,TRX-13338,5.0,4.0,Lento,,0,74,44.9,FB-10727
FB-10728,TRX-11527,5.0,3.0,,Maybe,1,32,-82.0,FB-10728
FB-10729,TRX-11528,4.0,5.0,Lento,Sí,1,83,99.9,FB-10729
FB-10730,TRX-10420,4.0,5.0,,Maybe,0,84,86.5,FB-10730
FB-10731,TRX-17166,5.0,4.0,,Maybe,1,35,-69.4,FB-10731
FB-10732,TRX-10189,2.0,1.0,Precio justo,,1,78,-33.6,FB-10732
FB-10733,TRX-19720,3.0,3.0,Dañado,,1,56,-43.7,FB-10733
FB-10734,TRX-12507,3.0,1.0,Excelente,Sí,0,24,-95.6,FB-10734
FB-10735,TRX-10455,2.0,4.0,Excelente,,0,43,0.4,FB-10735
FB-10736,TRX-18907,1.0,2.0,Precio justo,Sí,0,41,-68.4,FB-10736
FB-10737,TRX-11290,2.0,5.0,Precio justo,,1,54,-72.7,FB-10737
FB-10738,TRX-19368,5.0,3.0,Precio justo,Maybe,0,40,-57.9,FB-10738
FB-10739,TRX-16265,5.0,3.0,Lento,No,1,50,51.9,FB-10739
FB-10740,TRX-10414,4.0,4.0,,,1,19,-74.2,FB-10740
FB-10741,TRX-12138,3.0,4.0,Dañado,,1,47,25.7,FB-10741
FB-10742,TRX-17433,4.0,1.0,Excelente,,1,78,-41.8,FB-10742
FB-10743,TRX-15867,3.0,5.0,No volvería,Sí,0,29,-86.3,FB-10743
FB-10744,TRX-13056,2.0,1.0,Excelente,Sí,1,66,95.6,FB-10744
FB-10745,TRX-13927,1.0,4.0,,,0,23,29.5,FB-10745
FB-10746,TRX-13633,3.0,5.0,Dañado,Sí,1,27,-59.3,FB-10746
FB-10747,TRX-14864,1.0,4.0,Precio justo,Sí,1,78,1.2,FB-10747
FB-10748,TRX-13175,1.0,1.0,Lento,Sí,0,67,-22.3,FB-10748
FB-10749,TRX-18772,1.0,1.0,Excelente,Sí,0,80,-64.9,FB-10749
FB-10750,TRX-14018,2.0,1.0,No volvería,Sí,0,21,92.2,FB-10750
FB-10751,TRX-16194,1.0,2.0,Lento,Maybe,0,21,71.9,FB-10751
FB-10752,TRX-14267,1.0,1.0,Excelente,,0,54,-26.2,FB-10752
FB-10753,TRX-10847,5.0,3.0,,No,1,72,62.2,FB-10753
FB-10754,TRX-14505,5.0,1.0,Dañado,,1,50,-62.1,FB-10754
FB-10755,TRX-11359,3.0,4.0,,No,0,69,-85.0,FB-10755
FB-10756,TRX-12355,5.0,1.0,Excelente,No,1,80,5.3,FB-10756
FB-10757,TRX-10379,3.0,4.0,No volvería,Sí,0,39,-21.5,FB-10757
FB-10758,TRX-19492,1.0,4.0,Lento,,0,73,-86.0,FB-10758
FB-10759,TRX-11694,5.0,5.0,Excelente,,0,75,26.1,FB-10759
FB-10760,TRX-11817,4.0,2.0,No volvería,Sí,1,42,63.9,FB-10760
FB-10761,TRX-17522,2.0,4.0,,No,0,18,5.5,FB-10761
FB-10762,TRX-19763,5.0,4.0,Excelente,Maybe,0,45,-89.2,FB-10762
FB-10763,TRX-12010,2.0,3.0,Excelente,Sí,1,65,-24.5,FB-10763
FB-10764,TRX-11754,5.0,1.0,,No,1,83,-49.8,FB-10764
FB-10765,TRX-12323,5.0,2.0,,No,1,72,-70.3,FB-10765
FB-10766,TRX-14627,4.0,2.0,Precio justo,No,0,19,-0.2,FB-10766
FB-10767,TRX-14292,1.0,5.0,,No,0,50,-86.9,FB-10767
FB-10768,TRX-12959,3.0,4.0,No volvería,Maybe,1,66,-87.4,FB-10768
FB-10769,TRX-11520,5.0,4.0,Excelente,Sí,0,53,55.3,FB-10769
FB-10770,TRX-11267,5.0,3.0,,Maybe,1,47,-14.5,FB-10770
FB-10771,TRX-18097,2.0,2.0,Lento,,1,35,48.9,FB-10771
FB-10772,TRX-15921,1.0,1.0,Dañado,Maybe,0,53,-34.7,FB-10772
FB-10773,TRX-13407,5.0,5.0,,,1,41,-30.0,FB-10773
FB-10774,TRX-16402,5.0,5.0,Precio justo,Sí,0,18,-14.3,FB-10774
FB-10775,TRX-11649,3.0,5.0,,Maybe,1,63,-39.1,FB-10775
FB-10776,TRX-18045,1.0,5.0,Precio justo,,0,41,11.8,FB-10776
FB-10777,TRX-10359,1.0,2.0,Precio justo,Sí,1,38,-85.4,FB-10777
FB-10778,TRX-16778,5.0,4.0,Dañado,Sí,1,46,11.5,FB-10778
FB-10779,TRX-11205,1.0,2.0,,No,0,81,42.7,FB-10779
FB-10780,TRX-17971,1.0,1.0,No volvería,,0,27,98.4,FB-10780
FB-10781,TRX-11250,3.0,5.0,Lento,Maybe,0,30,27.5,FB-10781
FB-10782,TRX-13445,4.0,2.0,Dañado,Maybe,0,28,41.8,FB-10782
FB-10783,TRX-16879,3.0,1.0,Lento,Sí,1,75,19.0,FB-10783
FB-10784,TRX-16148,4.0,3.0,Lento,No,0,23,90.2,FB-10784
FB-10785,TRX-15137,3.0,5.0,Precio justo,No,0,68,62.0,FB-10785
FB-10786,TRX-17387,5.0,4.0,Excelente,No,0,27,23.0,FB-10786
FB-10787,TRX-12639,3.0,4.0,Lento,Sí,1,81,-33.5,FB-10787
FB-10788,TRX-12945,1.0,4.0,Lento,Sí,1,52,-35.1,FB-10788
FB-10789,TRX-14894,1.0,1.0,Lento,,1,34,50.7,FB-10789
FB-10790,TRX-10166,2.0,2.0,Lento,Maybe,0,20,85.7,FB-10790
FB-10791,TRX-12927,5.0,5.0,Precio justo,Maybe,1,47,97.1,FB-10791
FB-10792,TRX-19294,1.0,5.0,Lento,,0,44,-47.5,FB-10792
FB-10793,TRX-19939,5.0,5.0,Excelente,,1,62,18.4,FB-10793
FB-10794,TRX-10515,3.0,5.0,,Sí,0,21,40.4,FB-10794
FB-10795,TRX-11920,1.0,3.0,No volvería,Maybe,1,50,-17.4,FB-10795
FB-10796,TRX-15616,5.0,5.0,No volvería,Maybe,1,60,-78.2,FB-10796
FB-10797,TRX-15681,3.0,3.0,Lento,Maybe,1,48,-42.8,FB-10797
FB-10798,TRX-17928,4.0,2.0,Precio justo,Sí,1,36,3.1,FB-10798
FB-10799,TRX-19830,2.0,4.0,Excelente,Sí,0,28,-77.0,FB-10799
FB-10800,TRX-18953,3.0,3.0,,,0,50,-37.4,FB-10800
FB-10801,TRX-10082,4.0,4.0,Excelente,Sí,1,54,-48.5,FB-10801
FB-10802,TRX-12595,5.0,4.0,Lento,Sí,1,78,-29.1,FB-10802
FB-10803,TRX-18548,4.0,1.0,Precio justo,Maybe,0,19,37.4,FB-10803
FB-10804,TRX-14169,1.0,3.0,,Maybe,0,67,-4.8,FB-10804
FB-10805,TRX-11992,5.0,5.0,No volvería,,1,44,-24.8,FB-10805
FB-10806,TRX-13159,2.0,1.0,,Sí,0,67,-45.0,FB-10806
FB-10807,TRX-19930,2.0,5.0,Dañado,Maybe,1,41,37.7,FB-10807
FB-10808,TRX-10484,5.0,4.0,Lento,Maybe,0,45,34.9,FB-10808
FB-10809,TRX-18781,1.0,1.0,Lento,,0,73,-10.7,FB-10809
FB-10810,TRX-10377,5.0,5.0,Lento,Maybe,0,51,-44.2,FB-10810
FB-10811,TRX-18486,5.0,5.0,Precio justo,,1,50,61.8,FB-10811
FB-10812,TRX-18384,5.0,2.0,,Maybe,1,40,70.4,FB-10812
FB-10813,TRX-12496,3.0,1.0,,,1,25,69.2,FB-10813
FB-10814,TRX-13543,2.0,1.0,Dañado,,1,50,-21.5,FB-10814
FB-10815,TRX-15978,2.0,4.0,Precio justo,,1,81,-49.2,FB-10815
FB-10816,TRX-11880,1.0,4.0,Lento,No,1,36,69.2,FB-10816
FB-10817,TRX-13554,2.0,1.0,Dañado,No,0,29,95.9,FB-10817
FB-10818,TRX-10483,1.0,2.0,Excelente,Sí,0,21,-61.3,FB-10818
FB-10819,TRX-15366,1.0,2.0,Excelente,Sí,0,80,27.3,FB-10819
FB-10820,TRX-12270,2.0,4.0,,Maybe,0,61,-34.1,FB-10820
FB-10821,TRX-13600,5.0,3.0,Dañado,No,0,38,-2.8,FB-10821
FB-10822,TRX-11367,5.0,5.0,Lento,,0,29,14.4,FB-10822
FB-10823,TRX-12073,3.0,4.0,Precio justo,Sí,0,35,7.7,FB-10823
FB-10824,TRX-14384,1.0,2.0,Lento,Sí,0,56,52.3,FB-10824
FB-10825,TRX-14483,4.0,1.0,Dañado,,0,50,94.3,FB-10825
FB-10826,TRX-17890,4.0,2.0,,,1,56,-82.8,FB-10826
FB-10827,TRX-13264,2.0,1.0,,No,1,48,36.7,FB-10827
FB-10828,TRX-11506,2.0,4.0,Lento,,1,44,4.7,FB-10828
FB-10829,TRX-15710,4.0,5.0,,Sí,0,58,-20.7,FB-10829
FB-10830,TRX-19035,3.0,5.0,Lento,Sí,1,44,32.4,FB-10830
FB-10831,TRX-14822,1.0,4.0,Excelente,No,1,27,77.2,FB-10831
FB-10832,TRX-17652,1.0,5.0,No volvería,Maybe,0,40,22.1,FB-10832
FB-10833,TRX-18123,2.0,5.0,Precio justo,No,1,50,64.1,FB-10833
FB-10834,TRX-17144,2.0,3.0,,Sí,1,43,-40.9,FB-10834
FB-10835,TRX-18399,5.0,3.0,Lento,No,1,48,-12.5,FB-10835
FB-10836,TRX-16552,3.0,3.0,Excelente,Maybe,1,44,-65.1,FB-10836
FB-10837,TRX-13163,1.0,1.0,No volvería,Sí,0,30,14.5,FB-10837
FB-10838,TRX-14097,5.0,3.0,Excelente,,0,65,47.9,FB-10838
FB-10839,TRX-12833,4.0,4.0,Lento,Sí,1,72,15.9,FB-10839
FB-10840,TRX-13242,5.0,3.0,Precio justo,,0,75,82.4,FB-10840
FB-10841,TRX-14605,4.0,4.0,No volvería,Sí,0,64,71.9,FB-10841
FB-10842,TRX-16436,4.0,3.0,Lento,Maybe,0,64,-15.1,FB-10842
FB-10843,TRX-11685,1.0,5.0,Dañado,,1,61,14.5,FB-10843
FB-10844,TRX-19562,5.0,3.0,,Sí,1,22,29.4,FB-10844
FB-10845,TRX-19626,1.0,4.0,,,0,23,61.5,FB-10845
FB-10846,TRX-15105,3.0,4.0,Lento,Sí,1,36,-85.1,FB-10846
FB-10847,TRX-12714,3.0,4.0,Excelente,Maybe,0,26,61.5,FB-10847
FB-10848,TRX-13372,3.0,3.0,Lento,No,0,52,-86.7,FB-10848
FB-10849,TRX-17992,3.0,1.0,Dañado,Maybe,0,51,43.9,FB-10849
FB-10850,TRX-17101,3.0,4.0,,No,1,80,-6.9,FB-10850
FB-10851,TRX-17309,4.0,1.0,Dañado,Sí,0,44,-52.6,FB-10851
FB-10852,TRX-16942,3.0,3.0,Lento,Maybe,1,63,41.4,FB-10852
FB-10853,TRX-19770,1.0,1.0,,Maybe,1,62,74.1,FB-10853
FB-10854,TRX-14451,5.0,1.0,Dañado,No,0,29,65.7,FB-10854
FB-10855,TRX-15222,5.0,4.0,Excelente,Maybe,0,56,-61.2,FB-10855
FB-10856,TRX-11762,1.0,3.0,Dañado,No,1,19,20.8,FB-10856
FB-10857,TRX-19949,2.0,4.0,,No,0,64,32.6,FB-10857
FB-10858,TRX-16275,2.0,5.0,Dañado,No,1,70,-89.5,FB-10858
FB-10859,TRX-17033,2.0,2.0,,Maybe,0,23,-34.4,FB-10859
FB-10860,TRX-13272,2.0,1.0,,,0,73,-79.1,FB-10860
FB-10861,TRX-19292,4.0,3.0,Precio justo,Sí,0,39,-16.6,FB-10861
FB-10862,TRX-15782,4.0,1.0,Excelente,Maybe,0,28,45.5,FB-10862
FB-10863,TRX-16126,5.0,3.0,,,1,57,61.1,FB-10863
FB-10864,TRX-11052,5.0,4.0,Dañado,No,1,59,52.6,FB-10864
FB-10865,TRX-17363,4.0,2.0,,,0,24,-45.7,FB-10865
FB-10866,TRX-12740,4.0,2.0,Lento,,1,48,-70.3,FB-10866
FB-10867,TRX-10553,5.0,2.0,Dañado,Sí,0,73,74.5,FB-10867
FB-10868,TRX-18378,1.0,2.0,No volvería,,1,53,48.5,FB-10868
FB-10869,TRX-14146,4.0,1.0,No volvería,Maybe,1,53,51.1,FB-10869
FB-10870,TRX-19615,1.0,3.0,,Sí,1,20,-45.8,FB-10870
FB-10871,TRX-16714,3.0,5.0,Excelente,Sí,1,74,14.4,FB-10871
FB-10872,TRX-14808,1.0,3.0,No volvería,Sí,1,48,79.6,FB-10872
FB-10873,TRX-19894,1.0,1.0,,No,1,81,66.8,FB-10873
FB-10874,TRX-18691,4.0,4.0,No volvería,No,0,47,-46.5,FB-10874
FB-10875,TRX-15771,3.0,5.0,Dañado,Sí,1,60,90.2,FB-10875
FB-10876,TRX-16525,2.0,5.0,Excelente,Sí,0,57,-24.3,FB-10876
FB-10877,TRX-10490,1.0,5.0,Precio justo,No,1,23,14.5,FB-10877
FB-10878,TRX-11878,3.0,1.0,Dañado,No,0,42,46.3,FB-10878
FB-10879,TRX-12947,3.0,2.0,Precio justo,No,0,43,-49.8,FB-10879
FB-10880,TRX-15286,4.0,2.0,Lento,No,1,84,-21.3,FB-10880
FB-10881,TRX-17035,3.0,2.0,,No,1,39,85.9,FB-10881
FB-10882,TRX-13046,2.0,3.0,,No,0,59,-84.8,FB-10882
FB-10883,TRX-15861,4.0,2.0,No volvería,Maybe,0,62,-95.9,FB-10883
FB-10884,TRX-14019,1.0,5.0,Dañado,No,1,24,92.9,FB-10884
FB-10885,TRX-11190,4.0,2.0,Excelente,,0,54,75.0,FB-10885
FB-10886,TRX-13525,1.0,5.0,No volvería,,1,45,60.1,FB-10886
FB-10887,TRX-16089,4.0,5.0,Lento,Sí,1,80,-33.3,FB-10887
FB-10888,TRX-16094,3.0,3.0,,,1,78,-24.7,FB-10888
FB-10889,TRX-12376,2.0,2.0,No volvería,,1,67,79.5,FB-10889
FB-10890,TRX-15151,4.0,4.0,,Maybe,1,23,95.0,FB-10890
FB-10891,TRX-12003,5.0,2.0,,No,0,81,-87.7,FB-10891
FB-10892,TRX-10157,3.0,4.0,No volvería,No,1,46,-6.4,FB-10892
FB-10893,TRX-15219,4.0,3.0,Precio justo,,1,48,-19.9,FB-10893
FB-10894,TRX-10178,3.0,1.0,,No,0,23,47.4,FB-10894
FB-10895,TRX-15388,5.0,3.0,Lento,No,1,80,-1.3,FB-10895
FB-10896,TRX-13502,3.0,3.0,Excelente,Sí,0,51,-84.3,FB-10896
FB-10897,TRX-17624,3.0,4.0,,Sí,0,41,-66.5,FB-10897
FB-10898,TRX-19297,4.0,3.0,No volvería,Maybe,0,75,-38.5,FB-10898
FB-10899,TRX-15268,3.0,5.0,No volvería,Sí,0,76,57.5,FB-10899
FB-10900,TRX-13811,4.0,3.0,,No,1,41,54.7,FB-10900
FB-10901,TRX-19201,2.0,3.0,,No,0,79,54.3,FB-10901
FB-10902,TRX-11085,5.0,4.0,Excelente,Maybe,1,19,55.4,FB-10902
FB-10903,TRX-16317,1.0,3.0,Excelente,,1,67,-16.7,FB-10903
FB-10904,TRX-14646,5.0,3.0,,Maybe,0,52,22.9,FB-10904
FB-10905,TRX-19859,3.0,2.0,Dañado,No,1,60,-71.0,FB-10905
FB-10906,TRX-13476,4.0,5.0,Dañado,,1,52,-55.1,FB-10906
FB-10907,TRX-18638,1.0,5.0,,Sí,1,23,-35.3,FB-10907
FB-10908,TRX-13562,1.0,5.0,No volvería,Maybe,1,73,2.7,FB-10908
FB-10909,TRX-11686,3.0,3.0,Dañado,,0,40,-63.2,FB-10909
FB-10910,TRX-19190,1.0,5.0,No volvería,Maybe,1,47,74.9,FB-10910
FB-10911,TRX-14555,4.0,2.0,Excelente,Sí,0,59,24.3,FB-10911
FB-10912,TRX-19959,3.0,1.0,Dañado,,0,37,7.4,FB-10912
FB-10913,TRX-11225,5.0,1.0,,Maybe,0,28,-96.8,FB-10913
FB-10914,TRX-19403,3.0,2.0,Lento,Sí,0,74,12.5,FB-10914
FB-10915,TRX-16909,3.0,1.0,Lento,No,1,44,83.2,FB-10915
FB-10916,TRX-17130,1.0,1.0,Excelente,,0,70,-55.2,FB-10916
FB-10917,TRX-15206,2.0,4.0,No volvería,Sí,0,24,-55.9,FB-10917
FB-10918,TRX-15244,1.0,3.0,Lento,Maybe,1,65,82.9,FB-10918
FB-10919,TRX-13246,2.0,4.0,Dañado,No,1,54,66.5,FB-10919
FB-10920,TRX-13229,3.0,4.0,Precio justo,Maybe,0,58,36.1,FB-10920
FB-10921,TRX-10813,3.0,2.0,No volvería,,1,43,46.6,FB-10921
FB-10922,TRX-18092,5.0,1.0,Dañado,Sí,1,80,-88.2,FB-10922
FB-10923,TRX-18169,1.0,2.0,No volvería,Maybe,0,20,52.3,FB-10923
FB-10924,TRX-10766,5.0,5.0,,Maybe,1,74,48.9,FB-10924
FB-10925,TRX-14496,4.0,4.0,,Sí,1,71,-90.0,FB-10925
FB-10926,TRX-16901,3.0,1.0,Dañado,,1,75,57.9,FB-10926
FB-10927,TRX-11953,5.0,3.0,,,1,37,28.2,FB-10927
FB-10928,TRX-12033,4.0,4.0,Excelente,,1,68,14.3,FB-10928
FB-10929,TRX-17418,2.0,1.0,Excelente,No,1,57,2.9,FB-10929
FB-10930,TRX-12803,1.0,5.0,Excelente,No,1,34,2.7,FB-10930
FB-10931,TRX-19853,4.0,2.0,Excelente,,1,58,-53.1,FB-10931
FB-10932,TRX-15355,1.0,1.0,Dañado,Maybe,0,82,-99.4,FB-10932
FB-10933,TRX-19685,3.0,1.0,Lento,Sí,0,30,92.0,FB-10933
FB-10934,TRX-16272,2.0,4.0,Dañado,Maybe,0,81,-7.7,FB-10934
FB-10935,TRX-13873,3.0,1.0,Dañado,No,0,69,-91.3,FB-10935
FB-10936,TRX-19443,4.0,5.0,Precio justo,Sí,1,29,-33.8,FB-10936
FB-10937,TRX-10348,2.0,3.0,Precio justo,Maybe,0,81,-25.4,FB-10937
FB-10938,TRX-14670,4.0,5.0,,,0,61,74.2,FB-10938
FB-10939,TRX-10292,1.0,1.0,,Maybe,0,29,-31.5,FB-10939
FB-10940,TRX-19433,3.0,3.0,Dañado,Sí,1,43,75.9,FB-10940
FB-10941,TRX-10076,1.0,5.0,Excelente,Maybe,0,59,-11.5,FB-10941
FB-10942,TRX-17565,2.0,3.0,,No,1,45,-66.6,FB-10942
FB-10943,TRX-14659,5.0,4.0,Precio justo,Sí,1,61,-42.8,FB-10943
FB-10944,TRX-12147,1.0,1.0,Precio justo,Maybe,0,65,69.6,FB-10944
FB-10945,TRX-16599,2.0,3.0,,No,1,67,-67.9,FB-10945
FB-10946,TRX-10606,2.0,2.0,,No,0,28,23.0,FB-10946
FB-10947,TRX-18740,4.0,4.0,,No,0,53,45.1,FB-10947
FB-10948,TRX-18642,1.0,1.0,Dañado,Maybe,1,46,-37.6,FB-10948
FB-10949,TRX-10640,3.0,4.0,No volvería,Maybe,0,57,60.7,FB-10949
FB-10950,TRX-15527,1.0,2.0,Precio justo,Sí,0,34,-37.4,FB-10950
FB-10951,TRX-10266,4.0,1.0,Excelente,,1,54,-45.6,FB-10951
FB-10952,TRX-11137,2.0,4.0,,,0,66,-85.0,FB-10952
FB-10953,TRX-17698,3.0,4.0,,Sí,0,70,17.1,FB-10953
FB-10954,TRX-11558,5.0,3.0,Dañado,,1,40,6.5,FB-10954
FB-10955,TRX-16800,3.0,3.0,No volvería,,1,71,32.5,FB-10955
FB-10956,TRX-14931,1.0,4.0,Lento,Sí,1,27,-6.4,FB-10956
FB-10957,TRX-14500,3.0,3.0,,Sí,0,64,-58.9,FB-10957
FB-10958,TRX-15196,1.0,1.0,Excelente,Sí,1,44,-79.3,FB-10958
FB-10959,TRX-15665,3.0,3.0,Excelente,No,1,49,-0.2,FB-10959
FB-10960,TRX-16559,1.0,1.0,Dañado,Sí,1,73,7.5,FB-10960
FB-10961,TRX-11306,2.0,1.0,,No,1,68,86.5,FB-10961
FB-10962,TRX-19116,2.0,1.0,Lento,Maybe,1,63,-1.1,FB-10962
FB-10963,TRX-15131,1.0,1.0,Excelente,Sí,1,52,86.5,FB-10963
FB-10964,TRX-18090,1.0,4.0,Excelente,,1,48,27.1,FB-10964
FB-10965,TRX-10771,5.0,5.0,,,0,52,-69.9,FB-10965
FB-10966,TRX-16444,1.0,5.0,Dañado,,1,79,-82.8,FB-10966
FB-10967,TRX-14889,4.0,1.0,Excelente,,0,53,92.3,FB-10967
FB-10968,TRX-17447,1.0,5.0,,No,0,77,-59.2,FB-10968
FB-10969,TRX-18082,2.0,1.0,No volvería,Maybe,1,66,-30.5,FB-10969
FB-10970,TRX-11989,3.0,5.0,Lento,Sí,0,37,-92.9,FB-10970
FB-10971,TRX-16126,2.0,2.0,Precio justo,Sí,1,65,-45.0,FB-10971
FB-10972,TRX-11683,4.0,3.0,Precio justo,Maybe,0,55,91.3,FB-10972
FB-10973,TRX-10479,3.0,5.0,Lento,,1,72,-81.7,FB-10973
FB-10974,TRX-13670,2.0,1.0,,Sí,1,28,79.7,FB-10974
FB-10975,TRX-10783,1.0,3.0,No volvería,Maybe,1,66,-86.9,FB-10975
FB-10976,TRX-10170,1.0,3.0,Dañado,,0,29,30.2,FB-10976
FB-10977,TRX-12273,3.0,4.0,Dañado,Sí,1,63,-0.9,FB-10977
FB-10978,TRX-11722,5.0,4.0,Precio justo,,0,48,46.1,FB-10978
FB-10979,TRX-15289,4.0,5.0,Excelente,Maybe,0,57,55.5,FB-10979
FB-10980,TRX-17138,2.0,4.0,Lento,No,0,44,35.6,FB-10980
FB-10981,TRX-13708,2.0,1.0,No volvería,,1,42,-60.7,FB-10981
FB-10982,TRX-12788,4.0,4.0,Dañado,,1,67,26.9,FB-10982
FB-10983,TRX-11442,2.0,2.0,Lento,No,1,52,23.6,FB-10983
FB-10984,TRX-13131,3.0,5.0,Excelente,Maybe,1,60,70.1,FB-10984
FB-10985,TRX-16043,5.0,3.0,Precio justo,Maybe,1,69,-77.2,FB-10985
FB-10986,TRX-18807,3.0,3.0,Excelente,No,1,22,20.7,FB-10986
FB-10987,TRX-10080,5.0,2.0,No volvería,,0,56,-58.8,FB-10987
FB-10988,TRX-10860,1.0,1.0,,No,0,80,32.7,FB-10988
FB-10989,TRX-14254,5.0,3.0,,No,0,36,3.7,FB-10989
FB-10990,TRX-10705,5.0,2.0,Precio justo,No,1,35,-62.0,FB-10990
FB-10991,TRX-11815,5.0,4.0,Excelente,Sí,1,46,-75.4,FB-10991
FB-10992,TRX-10786,2.0,5.0,,No,1,34,39.7,FB-10992
FB-10993,TRX-14985,5.0,2.0,,,1,32,63.6,FB-10993
FB-10994,TRX-11229,4.0,2.0,,,1,57,-26.0,FB-10994
FB-10995,TRX-14320,1.0,4.0,,,1,20,24.4,FB-10995
FB-10996,TRX-15395,1.0,1.0,No volvería,No,0,55,61.2,FB-10996
FB-10997,TRX-16218,2.0,4.0,,Sí,1,26,44.7,FB-10997
FB-10998,TRX-14422,3.0,4.0,No volvería,Sí,1,65,45.9,FB-10998
FB-10999,TRX-12790,4.0,3.0,No volvería,Sí,1,74,11.6,FB-10999
FB-11000,TRX-12257,3.0,2.0,Lento,No,1,50,-72.6,FB-11000
FB-11001,TRX-19559,3.0,2.0,No volvería,Maybe,0,66,89.4,FB-11001
FB-11002,TRX-17548,5.0,4.0,Dañado,No,0,19,-38.6,FB-11002
FB-11003,TRX-11964,3.0,4.0,No volvería,Maybe,1,50,-77.1,FB-11003
FB-11004,TRX-12069,4.0,2.0,Excelente,Sí,0,33,72.7,FB-11004
FB-11005,TRX-15231,2.0,2.0,Dañado,,1,22,76.5,FB-11005
FB-11006,TRX-12424,2.0,2.0,Precio justo,Sí,1,70,75.2,FB-11006
FB-11007,TRX-19570,5.0,1.0,,,0,80,3.3,FB-11007
FB-11008,TRX-16771,4.0,4.0,,,0,73,-38.2,FB-11008
FB-11009,TRX-17320,2.0,4.0,Dañado,Sí,0,49,62.4,FB-11009
FB-11010,TRX-12004,5.0,3.0,Excelente,No,1,32,85.5,FB-11010
FB-11011,TRX-18548,3.0,3.0,,Maybe,0,78,-97.9,FB-11011
FB-11012,TRX-18644,4.0,5.0,,,1,29,81.1,FB-11012
FB-11013,TRX-13940,2.0,2.0,,No,1,34,-52.7,FB-11013
FB-11014,TRX-19468,4.0,2.0,Precio justo,No,1,27,58.9,FB-11014
FB-11015,TRX-17830,2.0,5.0,Excelente,Sí,0,61,62.1,FB-11015
FB-11016,TRX-18029,2.0,4.0,,Sí,0,45,12.4,FB-11016
FB-11017,TRX-14596,4.0,2.0,Excelente,Sí,0,37,-12.5,FB-11017
FB-11018,TRX-15274,2.0,3.0,Lento,Sí,1,69,-55.1,FB-11018
FB-11019,TRX-17908,3.0,1.0,Lento,,1,25,-52.0,FB-11019
FB-11020,TRX-13700,5.0,4.0,Excelente,Sí,1,44,-0.5,FB-11020
FB-11021,TRX-11504,1.0,1.0,No volvería,Sí,0,56,-71.5,FB-11021
FB-11022,TRX-14322,4.0,1.0,Lento,No,1,80,35.3,FB-11022
FB-11023,TRX-14853,4.0,5.0,,No,1,55,-93.7,FB-11023
FB-11024,TRX-11356,5.0,1.0,,Maybe,1,68,-94.6,FB-11024
FB-11025,TRX-15783,3.0,2.0,Excelente,No,1,24,2.0,FB-11025
FB-11026,TRX-19150,1.0,5.0,Dañado,Sí,0,50,-46.8,FB-11026
FB-11027,TRX-13971,3.0,3.0,Excelente,Sí,0,64,-4.5,FB-11027
FB-11028,TRX-13373,4.0,1.0,Excelente,Maybe,0,52,11.5,FB-11028
FB-11029,TRX-11278,1.0,2.0,Precio justo,Sí,1,80,-37.7,FB-11029
FB-11030,TRX-11231,2.0,2.0,,Maybe,1,20,75.8,FB-11030
FB-11031,TRX-18103,4.0,3.0,Lento,Maybe,1,58,-0.8,FB-11031
FB-11032,TRX-10987,3.0,5.0,Precio justo,Sí,1,49,64.5,FB-11032
FB-11033,TRX-13481,5.0,5.0,No volvería,No,1,64,78.6,FB-11033
FB-11034,TRX-10215,2.0,5.0,Excelente,No,0,55,77.9,FB-11034
FB-11035,TRX-13541,1.0,3.0,Lento,No,0,23,-86.9,FB-11035
FB-11036,TRX-17670,4.0,3.0,Lento,Maybe,1,79,-91.0,FB-11036
FB-11037,TRX-16308,5.0,3.0,,No,1,25,18.4,FB-11037
FB-11038,TRX-13078,5.0,5.0,,Maybe,1,71,-18.0,FB-11038
FB-11039,TRX-17989,3.0,1.0,Lento,,1,42,54.3,FB-11039
FB-11040,TRX-11712,5.0,3.0,Excelente,Maybe,0,44,90.7,FB-11040
FB-11041,TRX-15577,3.0,3.0,Excelente,Sí,0,30,-86.5,FB-11041
FB-11042,TRX-13418,1.0,5.0,,Sí,0,22,26.1,FB-11042
FB-11043,TRX-19675,4.0,3.0,Dañado,No,0,75,20.9,FB-11043
FB-11044,TRX-18644,1.0,1.0,Precio justo,Sí,0,45,73.8,FB-11044
FB-11045,TRX-18420,3.0,5.0,Precio justo,No,0,54,-37.3,FB-11045
FB-11046,TRX-15134,1.0,3.0,,,0,54,3.1,FB-11046
FB-11047,TRX-15108,4.0,3.0,Excelente,Maybe,0,24,88.1,FB-11047
FB-11048,TRX-17438,4.0,4.0,,Sí,1,63,99.1,FB-11048
FB-11049,TRX-12523,5.0,4.0,,No,0,75,13.5,FB-11049
FB-11050,TRX-18265,3.0,2.0,No volvería,,1,73,-58.4,FB-11050
FB-11051,TRX-11731,1.0,2.0,,Sí,0,23,58.7,FB-11051
FB-11052,TRX-12130,5.0,3.0,Lento,Sí,0,47,-25.0,FB-11052
FB-11053,TRX-13584,5.0,4.0,Excelente,,1,26,82.5,FB-11053
FB-11054,TRX-15957,1.0,2.0,Excelente,Maybe,0,82,59.1,FB-11054
FB-11055,TRX-16317,3.0,5.0,Excelente,Sí,1,67,88.0,FB-11055
FB-11056,TRX-17412,3.0,4.0,Lento,,1,32,-57.0,FB-11056
FB-11057,TRX-18412,4.0,1.0,,No,1,75,-16.9,FB-11057
FB-11058,TRX-13326,3.0,1.0,Lento,Sí,0,23,-50.1,FB-11058
FB-11059,TRX-16556,5.0,1.0,,Maybe,1,63,88.1,FB-11059
FB-11060,TRX-13079,4.0,1.0,Excelente,Maybe,0,27,46.9,FB-11060
FB-11061,TRX-11124,2.0,4.0,Dañado,,0,61,-95.1,FB-11061
FB-11062,TRX-14552,4.0,5.0,Precio justo,Maybe,0,54,-44.1,FB-11062
FB-11063,TRX-16931,5.0,1.0,,No,0,71,47.5,FB-11063
FB-11064,TRX-12690,1.0,5.0,Dañado,,1,56,36.2,FB-11064
FB-11065,TRX-15032,1.0,2.0,Dañado,,1,77,-92.4,FB-11065
FB-11066,TRX-19457,1.0,2.0,Excelente,Maybe,0,58,-22.9,FB-11066
FB-11067,TRX-11672,5.0,3.0,,Maybe,1,65,58.7,FB-11067
FB-11068,TRX-12413,4.0,4.0,Lento,,0,19,-32.2,FB-11068
FB-11069,TRX-17552,1.0,1.0,Precio justo,No,1,41,-52.0,FB-11069
FB-11070,TRX-11755,3.0,5.0,Dañado,No,1,27,42.0,FB-11070
FB-11071,TRX-11805,2.0,5.0,No volvería,No,0,59,30.6,FB-11071
FB-11072,TRX-13941,1.0,4.0,Lento,No,1,23,-94.9,FB-11072
FB-11073,TRX-10271,1.0,2.0,,No,0,20,81.2,FB-11073
FB-11074,TRX-17550,2.0,4.0,,,0,79,-2.7,FB-11074
FB-11075,TRX-13064,3.0,5.0,Lento,,0,51,71.5,FB-11075
FB-11076,TRX-14370,2.0,4.0,Precio justo,Sí,1,55,-21.9,FB-11076
FB-11077,TRX-10468,1.0,2.0,Precio justo,Maybe,1,71,-24.9,FB-11077
FB-11078,TRX-17802,1.0,2.0,Precio justo,No,0,42,-75.6,FB-11078
FB-11079,TRX-18698,4.0,1.0,Excelente,Maybe,1,83,59.6,FB-11079
FB-11080,TRX-17416,5.0,1.0,Lento,,0,53,-99.2,FB-11080
FB-11081,TRX-15766,4.0,1.0,Excelente,Sí,0,82,-42.1,FB-11081
FB-11082,TRX-14351,4.0,2.0,Excelente,,0,61,-85.5,FB-11082
FB-11083,TRX-11938,4.0,5.0,,Sí,0,53,42.4,FB-11083
FB-11084,TRX-19016,4.0,1.0,Excelente,,1,61,43.3,FB-11084
FB-11085,TRX-11377,4.0,4.0,,No,0,52,-37.3,FB-11085
FB-11086,TRX-15806,3.0,5.0,Lento,Maybe,0,77,40.4,FB-11086
FB-11087,TRX-17069,5.0,3.0,,Maybe,1,64,-50.3,FB-11087
FB-11088,TRX-13474,5.0,1.0,No volvería,Sí,0,33,-37.2,FB-11088
FB-11089,TRX-12467,5.0,3.0,Dañado,Sí,0,53,61.4,FB-11089
FB-11090,TRX-16503,3.0,1.0,Lento,,0,76,47.8,FB-11090
FB-11091,TRX-18227,3.0,5.0,,Sí,1,78,54.8,FB-11091
FB-11092,TRX-17059,3.0,3.0,Lento,No,1,63,-77.5,FB-11092
FB-11093,TRX-18321,1.0,2.0,Precio justo,,0,31,-73.5,FB-11093
FB-11094,TRX-15467,5.0,1.0,Dañado,No,1,37,-39.4,FB-11094
FB-11095,TRX-10870,2.0,4.0,Precio justo,Sí,0,45,-79.3,FB-11095
FB-11096,TRX-17230,4.0,3.0,No volvería,Maybe,1,23,4.3,FB-11096
FB-11097,TRX-14466,1.0,4.0,,No,1,39,6.2,FB-11097
FB-11098,TRX-16058,1.0,3.0,Excelente,,1,25,-30.5,FB-11098
FB-11099,TRX-11602,4.0,5.0,Precio justo,Maybe,0,18,-17.1,FB-11099
FB-11100,TRX-10805,1.0,4.0,No volvería,Sí,1,78,-80.1,FB-11100
FB-11101,TRX-16267,3.0,1.0,Dañado,No,0,78,35.8,FB-11101
FB-11102,TRX-16923,1.0,2.0,Excelente,Sí,0,56,-47.0,FB-11102
FB-11103,TRX-13177,5.0,5.0,No volvería,No,0,67,55.4,FB-11103
FB-11104,TRX-14816,5.0,3.0,Precio justo,Maybe,1,26,54.2,FB-11104
FB-11105,TRX-13103,2.0,1.0,No volvería,,1,26,18.2,FB-11105
FB-11106,TRX-16597,5.0,3.0,No volvería,Sí,0,51,-12.2,FB-11106
FB-11107,TRX-12894,4.0,4.0,,Maybe,0,40,-58.6,FB-11107
FB-11108,TRX-19732,4.0,4.0,,Maybe,1,26,87.5,FB-11108
FB-11109,TRX-14520,5.0,2.0,Excelente,,0,67,79.2,FB-11109
FB-11110,TRX-18676,3.0,4.0,Lento,,0,75,50.4,FB-11110
FB-11111,TRX-19952,5.0,5.0,No volvería,Maybe,0,60,83.6,FB-11111
FB-11112,TRX-18087,3.0,3.0,Excelente,No,1,19,79.8,FB-11112
FB-11113,TRX-18497,4.0,3.0,,Maybe,0,83,4.4,FB-11113
FB-11114,TRX-17103,5.0,5.0,,Maybe,1,46,-58.0,FB-11114
FB-11115,TRX-11788,2.0,4.0,Excelente,No,1,62,-59.2,FB-11115
FB-11116,TRX-10817,4.0,4.0,Dañado,Sí,0,74,-0.6,FB-11116
FB-11117,TRX-14078,2.0,5.0,Dañado,Maybe,0,39,45.0,FB-11117
FB-11118,TRX-11819,4.0,2.0,Lento,No,1,60,-19.1,FB-11118
FB-11119,TRX-13597,1.0,1.0,Precio justo,Sí,1,76,-19.2,FB-11119
FB-11120,TRX-11887,1.0,1.0,No volvería,No,0,23,-85.4,FB-11120
FB-11121,TRX-10870,1.0,4.0,No volvería,No,1,74,55.8,FB-11121
FB-11122,TRX-10584,2.0,1.0,Excelente,No,0,45,-65.7,FB-11122
FB-11123,TRX-19424,3.0,1.0,Excelente,Sí,1,18,79.7,FB-11123
FB-11124,TRX-14361,4.0,1.0,Excelente,Sí,1,40,-65.2,FB-11124
FB-11125,TRX-13911,1.0,4.0,,Maybe,1,25,48.5,FB-11125
FB-11126,TRX-11078,2.0,3.0,Dañado,Maybe,1,78,49.1,FB-11126
FB-11127,TRX-18718,4.0,4.0,,Maybe,0,18,72.3,FB-11127
FB-11128,TRX-11655,1.0,4.0,,Maybe,0,28,4.3,FB-11128
FB-11129,TRX-14513,1.0,2.0,Excelente,Maybe,0,25,-19.5,FB-11129
FB-11130,TRX-13710,1.0,2.0,Lento,Sí,1,68,-80.6,FB-11130
FB-11131,TRX-16628,2.0,4.0,Excelente,,1,48,67.0,FB-11131
FB-11132,TRX-16421,3.0,5.0,Precio justo,No,0,53,-16.6,FB-11132
FB-11133,TRX-16437,1.0,5.0,,Maybe,0,46,97.8,FB-11133
FB-11134,TRX-11659,1.0,2.0,Excelente,No,1,53,-40.2,FB-11134
FB-11135,TRX-13602,3.0,2.0,,No,0,55,-12.4,FB-11135
FB-11136,TRX-14395,3.0,3.0,No volvería,Maybe,1,30,-16.7,FB-11136
FB-11137,TRX-18112,5.0,2.0,No volvería,No,0,57,-4.5,FB-11137
FB-11138,TRX-13370,1.0,1.0,,No,0,69,-55.5,FB-11138
FB-11139,TRX-12802,4.0,4.0,Excelente,,1,41,-45.2,FB-11139
FB-11140,TRX-13335,5.0,4.0,No volvería,No,0,78,-7.9,FB-11140
FB-11141,TRX-15695,4.0,4.0,,No,0,29,54.2,FB-11141
FB-11142,TRX-14718,3.0,3.0,Excelente,,1,69,48.9,FB-11142
FB-11143,TRX-19769,5.0,3.0,,No,1,21,-63.1,FB-11143
FB-11144,TRX-14718,2.0,1.0,Excelente,No,0,28,6.3,FB-11144
FB-11145,TRX-10050,5.0,4.0,,No,1,73,4.5,FB-11145
FB-11146,TRX-11544,5.0,1.0,Dañado,No,1,24,14.2,FB-11146
FB-11147,TRX-13032,3.0,2.0,,No,0,72,-37.1,FB-11147
FB-11148,TRX-18245,1.0,4.0,Dañado,No,1,80,43.6,FB-11148
FB-11149,TRX-17811,3.0,1.0,No volvería,Sí,0,22,-43.9,FB-11149
FB-11150,TRX-15002,3.0,3.0,No volvería,,1,20,-34.2,FB-11150
FB-11151,TRX-13909,3.0,3.0,,Sí,0,81,-61.7,FB-11151
FB-11152,TRX-12789,3.0,3.0,Lento,Sí,1,29,-67.9,FB-11152
FB-11153,TRX-15162,4.0,1.0,,,1,50,76.3,FB-11153
FB-11154,TRX-11137,2.0,1.0,,,0,57,-21.2,FB-11154
FB-11155,TRX-12730,4.0,1.0,Lento,No,0,58,51.1,FB-11155
FB-11156,TRX-13069,5.0,5.0,Excelente,Maybe,0,20,51.7,FB-11156
FB-11157,TRX-15442,3.0,4.0,Lento,Maybe,1,43,14.2,FB-11157
FB-11158,TRX-17458,1.0,5.0,Precio justo,Sí,0,55,65.2,FB-11158
FB-11159,TRX-12323,3.0,5.0,Dañado,No,1,51,-99.8,FB-11159
FB-11160,TRX-10208,4.0,2.0,,Maybe,1,84,-67.7,FB-11160
FB-11161,TRX-17775,2.0,2.0,,,0,31,70.8,FB-11161
FB-11162,TRX-17011,4.0,3.0,,,0,29,87.4,FB-11162
FB-11163,TRX-15473,3.0,5.0,No volvería,Maybe,0,56,2.2,FB-11163
FB-11164,TRX-10341,2.0,2.0,,No,0,79,38.7,FB-11164
FB-11165,TRX-12908,1.0,5.0,Lento,No,0,66,-68.8,FB-11165
FB-11166,TRX-14322,4.0,4.0,Precio justo,Sí,0,76,34.3,FB-11166
FB-11167,TRX-11261,4.0,5.0,Lento,,0,68,29.9,FB-11167
FB-11168,TRX-12797,5.0,3.0,No volvería,No,1,52,-78.1,FB-11168
FB-11169,TRX-10159,2.0,1.0,Lento,,0,68,56.6,FB-11169
FB-11170,TRX-19732,4.0,3.0,Dañado,Sí,1,48,-93.3,FB-11170
FB-11171,TRX-15769,5.0,5.0,,No,1,57,96.0,FB-11171
FB-11172,TRX-17763,1.0,5.0,,No,1,54,93.2,FB-11172
FB-11173,TRX-19554,4.0,1.0,Lento,Maybe,0,31,57.4,FB-11173
FB-11174,TRX-10016,4.0,3.0,Precio justo,,1,75,-2.6,FB-11174
FB-11175,TRX-18000,3.0,3.0,,No,1,45,-40.4,FB-11175
FB-11176,TRX-14055,4.0,5.0,Lento,Sí,0,29,-32.2,FB-11176
FB-11177,TRX-17742,1.0,4.0,,,1,73,-79.4,FB-11177
FB-11178,TRX-11792,5.0,2.0,,No,1,22,45.0,FB-11178
FB-11179,TRX-10740,2.0,5.0,No volvería,,1,26,92.2,FB-11179
FB-11180,TRX-10284,1.0,5.0,,Sí,1,79,-52.2,FB-11180
FB-11181,TRX-19294,2.0,2.0,,Maybe,1,51,95.6,FB-11181
FB-11182,TRX-14762,1.0,1.0,Lento,Maybe,1,57,-9.4,FB-11182
FB-11183,TRX-13740,5.0,5.0,Precio justo,Sí,1,56,-72.0,FB-11183
FB-11184,TRX-18606,3.0,4.0,Lento,,0,30,54.4,FB-11184
FB-11185,TRX-18243,5.0,1.0,Excelente,Sí,1,21,66.0,FB-11185
FB-11186,TRX-12741,2.0,1.0,No volvería,Maybe,1,26,-32.4,FB-11186
FB-11187,TRX-12401,2.0,1.0,Excelente,,0,23,93.4,FB-11187
FB-11188,TRX-11538,4.0,5.0,,,0,50,7.3,FB-11188
FB-11189,TRX-11638,3.0,1.0,Excelente,No,0,65,-93.6,FB-11189
FB-11190,TRX-14990,5.0,3.0,,No,0,54,-31.1,FB-11190
FB-11191,TRX-15499,5.0,5.0,,No,1,39,53.2,FB-11191
FB-11192,TRX-17415,2.0,5.0,No volvería,No,0,67,-60.2,FB-11192
FB-11193,TRX-18039,3.0,2.0,,No,1,36,-73.7,FB-11193
FB-11194,TRX-15747,5.0,1.0,No volvería,Sí,1,45,22.8,FB-11194
FB-11195,TRX-18940,3.0,5.0,Precio justo,Sí,1,81,-40.2,FB-11195
FB-11196,TRX-14216,3.0,4.0,Precio justo,,0,75,22.7,FB-11196
FB-11197,TRX-17970,5.0,4.0,Precio justo,,1,42,-36.9,FB-11197
FB-11198,TRX-14153,3.0,5.0,Excelente,No,0,75,54.3,FB-11198
FB-11199,TRX-15968,1.0,5.0,,Maybe,1,49,-15.7,FB-11199
FB-11200,TRX-17516,2.0,4.0,Lento,Maybe,0,50,97.2,FB-11200
FB-11201,TRX-10222,3.0,4.0,Dañado,,0,64,-25.1,FB-11201
FB-11202,TRX-15777,3.0,3.0,Lento,,0,55,-70.7,FB-11202
FB-11203,TRX-14933,1.0,4.0,Dañado,,1,35,27.0,FB-11203
FB-11204,TRX-15467,4.0,3.0,Dañado,No,1,44,45.7,FB-11204
FB-11205,TRX-18484,3.0,5.0,Dañado,,1,54,-31.1,FB-11205
FB-11206,TRX-19760,5.0,1.0,Dañado,No,1,59,49.2,FB-11206
FB-11207,TRX-17935,4.0,1.0,No volvería,Sí,0,53,-31.7,FB-11207
FB-11208,TRX-11847,4.0,2.0,Precio justo,,0,51,-80.6,FB-11208
FB-11209,TRX-14422,1.0,3.0,No volvería,Maybe,1,32,-83.4,FB-11209
FB-11210,TRX-18508,5.0,4.0,Excelente,No,1,78,-4.7,FB-11210
FB-11211,TRX-10339,4.0,3.0,No volvería,Sí,0,44,96.7,FB-11211
FB-11212,TRX-12423,3.0,2.0,Precio justo,Sí,0,36,6.4,FB-11212
FB-11213,TRX-16722,1.0,2.0,Lento,No,1,24,6.4,FB-11213
FB-11214,TRX-13608,1.0,3.0,,No,1,78,72.6,FB-11214
FB-11215,TRX-12320,1.0,4.0,Precio justo,Sí,0,18,89.5,FB-11215
FB-11216,TRX-15852,2.0,5.0,Lento,Sí,1,38,-64.8,FB-11216
FB-11217,TRX-18156,4.0,5.0,Excelente,Sí,1,33,-73.6,FB-11217
FB-11218,TRX-10506,5.0,5.0,,No,1,66,36.5,FB-11218
FB-11219,TRX-14003,5.0,2.0,Dañado,,0,46,22.4,FB-11219
FB-11220,TRX-19463,2.0,3.0,,Sí,1,64,-30.9,FB-11220
FB-11221,TRX-17056,3.0,2.0,No volvería,Sí,0,18,79.1,FB-11221
FB-11222,TRX-15888,4.0,4.0,,Maybe,1,31,8.5,FB-11222
FB-11223,TRX-13380,1.0,1.0,Dañado,,0,64,-65.4,FB-11223
FB-11224,TRX-11462,2.0,2.0,Excelente,No,1,77,-22.1,FB-11224
FB-11225,TRX-13175,2.0,4.0,Excelente,Sí,0,43,75.6,FB-11225
FB-11226,TRX-16189,4.0,4.0,Lento,No,0,35,-96.3,FB-11226
FB-11227,TRX-11768,5.0,4.0,Lento,,1,53,67.6,FB-11227
FB-11228,TRX-14487,4.0,1.0,,,1,70,90.3,FB-11228
FB-11229,TRX-18927,5.0,5.0,Excelente,,0,79,-26.7,FB-11229
FB-11230,TRX-17360,4.0,3.0,Precio justo,Maybe,0,83,-43.0,FB-11230
FB-11231,TRX-18632,5.0,2.0,Dañado,Sí,0,27,-66.8,FB-11231
FB-11232,TRX-12866,2.0,1.0,No volvería,,0,75,-92.0,FB-11232
FB-11233,TRX-14346,5.0,4.0,Excelente,No,0,66,35.3,FB-11233
FB-11234,TRX-15715,4.0,1.0,No volvería,Maybe,1,72,-65.8,FB-11234
FB-11235,TRX-15426,3.0,2.0,Excelente,,0,60,79.0,FB-11235
FB-11236,TRX-16406,4.0,3.0,Lento,,0,68,-8.8,FB-11236
FB-11237,TRX-19652,2.0,2.0,Lento,No,1,39,94.6,FB-11237
FB-11238,TRX-16836,5.0,1.0,,Maybe,0,60,96.0,FB-11238
FB-11239,TRX-14526,5.0,4.0,Excelente,No,1,25,60.1,FB-11239
FB-11240,TRX-15067,5.0,4.0,No volvería,Sí,1,20,-12.0,FB-11240
FB-11241,TRX-13122,2.0,5.0,Dañado,,1,58,-7.5,FB-11241
FB-11242,TRX-10673,4.0,5.0,Excelente,No,1,70,90.1,FB-11242
FB-11243,TRX-19494,5.0,3.0,Excelente,Maybe,1,57,45.5,FB-11243
FB-11244,TRX-18520,3.0,3.0,,Sí,1,75,-19.9,FB-11244
FB-11245,TRX-15624,3.0,5.0,,,0,35,72.5,FB-11245
FB-11246,TRX-12014,1.0,5.0,Precio justo,,1,67,-45.6,FB-11246
FB-11247,TRX-17101,3.0,2.0,,Maybe,0,28,87.4,FB-11247
FB-11248,TRX-17455,1.0,2.0,,No,0,83,-51.5,FB-11248
FB-11249,TRX-19284,5.0,4.0,Excelente,No,0,39,46.6,FB-11249
FB-11250,TRX-15685,2.0,4.0,,,0,80,29.5,FB-11250
FB-11251,TRX-14725,2.0,5.0,,Sí,1,25,17.3,FB-11251
FB-11252,TRX-11805,2.0,2.0,,No,0,32,-6.4,FB-11252
FB-11253,TRX-10136,5.0,5.0,Lento,Maybe,1,32,11.5,FB-11253
FB-11254,TRX-18174,5.0,5.0,,,1,24,38.5,FB-11254
FB-11255,TRX-12410,4.0,3.0,Precio justo,Sí,1,43,26.7,FB-11255
FB-11256,TRX-17640,3.0,5.0,,Maybe,0,82,-44.7,FB-11256
FB-11257,TRX-12461,5.0,4.0,Precio justo,Sí,1,68,-45.7,FB-11257
FB-11258,TRX-18571,3.0,3.0,Lento,Sí,1,43,29.8,FB-11258
FB-11259,TRX-14747,2.0,2.0,,,0,26,-69.5,FB-11259
FB-11260,TRX-19144,3.0,4.0,Lento,Sí,1,43,95.0,FB-11260
FB-11261,TRX-12664,4.0,1.0,,No,0,22,69.4,FB-11261
FB-11262,TRX-14974,2.0,2.0,Lento,No,1,35,-9.4,FB-11262
FB-11263,TRX-17976,3.0,1.0,No volvería,Sí,0,70,5.0,FB-11263
FB-11264,TRX-14722,4.0,4.0,,,0,40,-29.1,FB-11264
FB-11265,TRX-11058,3.0,2.0,Precio justo,,1,78,-69.5,FB-11265
FB-11266,TRX-14828,4.0,1.0,Dañado,Sí,0,51,18.3,FB-11266
FB-11267,TRX-10255,3.0,1.0,Dañado,No,1,64,97.8,FB-11267
FB-11268,TRX-17436,2.0,2.0,,No,0,44,-67.4,FB-11268
FB-11269,TRX-10670,2.0,5.0,No volvería,,0,19,7.2,FB-11269
FB-11270,TRX-13560,1.0,4.0,Dañado,,1,26,92.0,FB-11270
FB-11271,TRX-14636,4.0,4.0,Precio justo,Maybe,0,71,96.5,FB-11271
FB-11272,TRX-19716,3.0,3.0,Lento,Maybe,1,22,-2.8,FB-11272
FB-11273,TRX-12022,3.0,2.0,,Sí,0,20,-85.4,FB-11273
FB-11274,TRX-10871,3.0,4.0,Precio justo,Sí,0,31,-50.0,FB-11274
FB-11275,TRX-18001,5.0,1.0,,,1,26,40.8,FB-11275
FB-11276,TRX-15010,4.0,2.0,,,0,66,-86.1,FB-11276
FB-11277,TRX-10083,3.0,1.0,No volvería,Maybe,0,75,27.6,FB-11277
FB-11278,TRX-17050,1.0,2.0,No volvería,Sí,1,27,-9.9,FB-11278
FB-11279,TRX-15771,2.0,1.0,Excelente,Maybe,0,24,-63.9,FB-11279
FB-11280,TRX-10010,5.0,1.0,No volvería,Maybe,0,30,-80.1,FB-11280
FB-11281,TRX-10817,5.0,2.0,,Maybe,0,52,36.6,FB-11281
FB-11282,TRX-14119,2.0,3.0,,No,0,78,-64.8,FB-11282
FB-11283,TRX-12256,5.0,1.0,No volvería,Sí,0,55,4.5,FB-11283
FB-11284,TRX-15737,1.0,2.0,,Maybe,1,54,-1.4,FB-11284
FB-11285,TRX-14641,1.0,5.0,,No,0,25,34.7,FB-11285
FB-11286,TRX-18224,2.0,5.0,Precio justo,No,1,40,-13.7,FB-11286
FB-11287,TRX-19187,4.0,3.0,Precio justo,Sí,0,18,83.1,FB-11287
FB-11288,TRX-12540,5.0,2.0,No volvería,Maybe,0,30,70.5,FB-11288
FB-11289,TRX-11409,3.0,3.0,,,1,43,63.5,FB-11289
FB-11290,TRX-14434,3.0,1.0,Precio justo,Sí,1,77,-44.5,FB-11290
FB-11291,TRX-12337,1.0,5.0,Precio justo,Maybe,0,67,97.0,FB-11291
FB-11292,TRX-13223,4.0,3.0,,Maybe,0,68,4.8,FB-11292
FB-11293,TRX-17078,4.0,1.0,,No,1,74,95.3,FB-11293
FB-11294,TRX-19588,5.0,5.0,,Maybe,1,83,68.2,FB-11294
FB-11295,TRX-11322,5.0,3.0,No volvería,No,0,80,73.0,FB-11295
FB-11296,TRX-14764,2.0,1.0,Lento,Maybe,1,58,41.2,FB-11296
FB-11297,TRX-13585,1.0,4.0,No volvería,,1,52,-65.2,FB-11297
FB-11298,TRX-10526,2.0,5.0,,Sí,0,70,91.6,FB-11298
FB-11299,TRX-17752,2.0,1.0,Dañado,Maybe,0,82,-20.0,FB-11299
FB-11300,TRX-15810,3.0,4.0,Precio justo,No,1,50,88.7,FB-11300
FB-11301,TRX-14075,4.0,3.0,,No,0,70,75.5,FB-11301
FB-11302,TRX-16328,5.0,4.0,Excelente,No,0,21,64.5,FB-11302
FB-11303,TRX-16923,3.0,5.0,No volvería,No,1,19,-98.4,FB-11303
FB-11304,TRX-16539,2.0,2.0,Lento,No,0,25,15.3,FB-11304
FB-11305,TRX-11607,1.0,3.0,Lento,No,0,39,-51.2,FB-11305
FB-11306,TRX-14280,2.0,4.0,Precio justo,Sí,0,47,76.1,FB-11306
FB-11307,TRX-14948,3.0,1.0,No volvería,Maybe,0,60,40.3,FB-11307
FB-11308,TRX-19781,3.0,2.0,,Sí,0,72,29.7,FB-11308
FB-11309,TRX-15091,1.0,2.0,No volvería,Sí,1,32,80.9,FB-11309
FB-11310,TRX-12839,3.0,3.0,,Sí,0,78,-40.9,FB-11310
FB-11311,TRX-19239,3.0,4.0,Dañado,,0,84,-78.4,FB-11311
FB-11312,TRX-17140,3.0,5.0,,Maybe,0,40,-38.9,FB-11312
FB-11313,TRX-15283,2.0,4.0,,Sí,1,44,-63.3,FB-11313
FB-11314,TRX-19472,1.0,4.0,No volvería,No,0,65,-49.5,FB-11314
FB-11315,TRX-12280,2.0,3.0,,Maybe,1,78,13.3,FB-11315
FB-11316,TRX-13268,1.0,3.0,Dañado,Sí,1,33,-8.9,FB-11316
FB-11317,TRX-14096,3.0,1.0,Lento,Sí,1,31,96.2,FB-11317
FB-11318,TRX-12223,3.0,5.0,No volvería,,1,69,-16.3,FB-11318
FB-11319,TRX-16820,5.0,3.0,,Maybe,1,37,-69.6,FB-11319
FB-11320,TRX-19081,3.0,1.0,,Maybe,0,27,75.0,FB-11320
FB-11321,TRX-13268,1.0,2.0,Precio justo,No,0,75,-44.7,FB-11321
FB-11322,TRX-14932,4.0,1.0,Dañado,No,0,46,-78.4,FB-11322
FB-11323,TRX-14997,1.0,5.0,Dañado,Maybe,0,21,31.8,FB-11323
FB-11324,TRX-11402,3.0,1.0,Precio justo,No,1,22,-48.7,FB-11324
FB-11325,TRX-14871,3.0,1.0,Excelente,No,0,55,-96.8,FB-11325
FB-11326,TRX-19284,4.0,3.0,Precio justo,Sí,0,29,32.7,FB-11326
FB-11327,TRX-17555,3.0,5.0,Dañado,No,1,69,-85.5,FB-11327
FB-11328,TRX-18942,5.0,1.0,Precio justo,,0,83,-99.5,FB-11328
FB-11329,TRX-13004,4.0,4.0,Dañado,Sí,1,82,36.4,FB-11329
FB-11330,TRX-16159,2.0,1.0,,No,1,63,-9.4,FB-11330
FB-11331,TRX-17158,5.0,2.0,Excelente,Sí,0,27,60.9,FB-11331
FB-11332,TRX-11573,1.0,2.0,No volvería,No,1,36,-67.1,FB-11332
FB-11333,TRX-12270,5.0,1.0,,No,1,37,2.1,FB-11333
FB-11334,TRX-18627,5.0,1.0,Lento,No,0,46,-76.8,FB-11334
FB-11335,TRX-17240,3.0,4.0,Excelente,Sí,1,84,-18.1,FB-11335
FB-11336,TRX-15132,2.0,1.0,No volvería,Maybe,0,39,-28.7,FB-11336
FB-11337,TRX-18254,4.0,3.0,,No,0,73,27.6,FB-11337
FB-11338,TRX-15858,5.0,5.0,Precio justo,,0,40,24.7,FB-11338
FB-11339,TRX-17673,3.0,4.0,,No,1,57,-48.4,FB-11339
FB-11340,TRX-15803,5.0,1.0,Dañado,Maybe,1,64,-89.9,FB-11340
FB-11341,TRX-17006,2.0,3.0,,Sí,1,80,-79.0,FB-11341
FB-11342,TRX-17643,4.0,1.0,,No,0,55,82.6,FB-11342
FB-11343,TRX-16889,3.0,4.0,,,1,26,45.3,FB-11343
FB-11344,TRX-16721,5.0,4.0,Excelente,Sí,1,67,88.5,FB-11344
FB-11345,TRX-17557,2.0,2.0,Precio justo,No,0,78,23.5,FB-11345
FB-11346,TRX-10453,1.0,2.0,,Sí,1,78,75.9,FB-11346
FB-11347,TRX-19157,1.0,1.0,,Sí,1,40,54.6,FB-11347
FB-11348,TRX-10432,2.0,5.0,No volvería,Maybe,1,43,-51.0,FB-11348
FB-11349,TRX-16896,4.0,3.0,,Sí,0,20,50.0,FB-11349
FB-11350,TRX-11448,5.0,2.0,Lento,No,1,83,21.9,FB-11350
FB-11351,TRX-12303,5.0,2.0,Excelente,Maybe,0,53,-66.0,FB-11351
FB-11352,TRX-14954,2.0,5.0,,Maybe,1,62,-81.2,FB-11352
FB-11353,TRX-13975,5.0,4.0,,Sí,0,63,-26.7,FB-11353
FB-11354,TRX-19508,4.0,1.0,Lento,Sí,1,82,17.1,FB-11354
FB-11355,TRX-18391,2.0,1.0,Precio justo,No,1,52,11.3,FB-11355
FB-11356,TRX-16113,1.0,3.0,No volvería,,1,33,-3.8,FB-11356
FB-11357,TRX-12085,1.0,5.0,,Maybe,0,64,-4.2,FB-11357
FB-11358,TRX-18900,3.0,5.0,Excelente,Maybe,0,38,-96.7,FB-11358
FB-11359,TRX-19266,1.0,5.0,,Maybe,0,26,-95.7,FB-11359
FB-11360,TRX-14806,5.0,4.0,,Sí,1,25,-18.4,FB-11360
FB-11361,TRX-10877,4.0,5.0,No volvería,,0,64,3.0,FB-11361
FB-11362,TRX-16433,4.0,4.0,Dañado,No,0,59,35.1,FB-11362
FB-11363,TRX-12063,3.0,1.0,,No,1,28,33.0,FB-11363
FB-11364,TRX-16601,5.0,4.0,No volvería,Maybe,0,74,97.0,FB-11364
FB-11365,TRX-10097,2.0,1.0,No volvería,Sí,1,57,-21.6,FB-11365
FB-11366,TRX-17582,3.0,3.0,,,0,51,-74.7,FB-11366
FB-11367,TRX-18487,5.0,5.0,No volvería,No,0,21,-39.8,FB-11367
FB-11368,TRX-17540,2.0,3.0,,No,0,67,53.3,FB-11368
FB-11369,TRX-10890,1.0,5.0,Excelente,Sí,1,65,-51.2,FB-11369
FB-11370,TRX-11387,1.0,3.0,,No,1,24,63.5,FB-11370
FB-11371,TRX-10896,2.0,2.0,Excelente,Maybe,0,59,61.2,FB-11371
FB-11372,TRX-14426,3.0,2.0,Excelente,Sí,1,82,-6.2,FB-11372
FB-11373,TRX-11753,2.0,4.0,Lento,Maybe,0,67,46.0,FB-11373
FB-11374,TRX-15463,5.0,3.0,,Maybe,1,63,60.2,FB-11374
FB-11375,TRX-19737,2.0,5.0,Precio justo,,1,59,45.3,FB-11375
FB-11376,TRX-11595,5.0,1.0,,Sí,0,41,-37.5,FB-11376
FB-11377,TRX-14760,5.0,4.0,Precio justo,No,1,27,-66.0,FB-11377
FB-11378,TRX-19264,1.0,4.0,No volvería,Maybe,0,43,-76.2,FB-11378
FB-11379,TRX-17888,5.0,2.0,Lento,,0,19,92.7,FB-11379
FB-11380,TRX-15428,4.0,3.0,Precio justo,No,1,78,-81.1,FB-11380
FB-11381,TRX-10997,1.0,3.0,Excelente,No,0,75,-11.8,FB-11381
FB-11382,TRX-11989,1.0,4.0,Dañado,No,0,68,-79.7,FB-11382
FB-11383,TRX-19578,2.0,2.0,,No,1,63,59.0,FB-11383
FB-11384,TRX-18369,5.0,1.0,Dañado,,1,20,10.6,FB-11384
FB-11385,TRX-10868,2.0,2.0,Precio justo,,0,67,-64.9,FB-11385
FB-11386,TRX-13359,5.0,3.0,Lento,No,1,53,91.9,FB-11386
FB-11387,TRX-18458,1.0,1.0,Precio justo,Sí,0,69,69.7,FB-11387
FB-11388,TRX-12361,4.0,4.0,Excelente,,0,61,-74.6,FB-11388
FB-11389,TRX-19208,1.0,1.0,Lento,No,0,31,62.7,FB-11389
FB-11390,TRX-18115,3.0,4.0,Dañado,,1,83,68.9,FB-11390
FB-11391,TRX-12234,2.0,2.0,,,0,66,54.4,FB-11391
FB-11392,TRX-13662,4.0,1.0,No volvería,No,0,44,-29.8,FB-11392
FB-11393,TRX-12535,2.0,5.0,Excelente,Maybe,1,19,-48.7,FB-11393
FB-11394,TRX-14929,5.0,3.0,,Sí,0,64,5.0,FB-11394
FB-11395,TRX-15093,2.0,4.0,,,1,77,-5.2,FB-11395
FB-11396,TRX-10105,1.0,1.0,Lento,No,1,27,16.7,FB-11396
FB-11397,TRX-17945,1.0,1.0,No volvería,No,1,78,-16.4,FB-11397
FB-11398,TRX-13288,2.0,5.0,Excelente,Maybe,1,57,-57.9,FB-11398
FB-11399,TRX-11879,5.0,2.0,,,1,22,14.0,FB-11399
FB-11400,TRX-11100,5.0,5.0,,Sí,1,50,7.5,FB-11400
FB-11401,TRX-10000,4.0,1.0,Dañado,Sí,1,31,81.7,FB-11401
FB-11402,TRX-12507,1.0,3.0,,Maybe,0,84,27.0,FB-11402
FB-11403,TRX-19892,2.0,1.0,Lento,Sí,0,40,53.9,FB-11403
FB-11404,TRX-11983,4.0,1.0,Precio justo,Sí,0,82,-14.6,FB-11404
FB-11405,TRX-18516,3.0,1.0,Lento,No,0,55,64.5,FB-11405
FB-11406,TRX-11587,4.0,5.0,Lento,Maybe,0,31,-38.1,FB-11406
FB-11407,TRX-14050,3.0,5.0,Excelente,,0,36,95.6,FB-11407
FB-11408,TRX-13347,3.0,4.0,Precio justo,Maybe,0,26,63.1,FB-11408
FB-11409,TRX-11697,4.0,4.0,Dañado,Sí,0,50,-99.1,FB-11409
FB-11410,TRX-17761,1.0,4.0,,No,0,50,63.6,FB-11410
FB-11411,TRX-10403,4.0,1.0,No volvería,,0,62,7.6,FB-11411
FB-11412,TRX-18287,4.0,4.0,Dañado,Sí,1,56,16.0,FB-11412
FB-11413,TRX-17271,1.0,4.0,Precio justo,No,1,50,99.7,FB-11413
FB-11414,TRX-16401,1.0,2.0,,Sí,1,21,43.5,FB-11414
FB-11415,TRX-10911,1.0,5.0,No volvería,Sí,1,43,-73.9,FB-11415
FB-11416,TRX-11995,1.0,4.0,Lento,Maybe,0,42,50.8,FB-11416
FB-11417,TRX-14913,1.0,5.0,,Sí,1,50,-60.1,FB-11417
FB-11418,TRX-16628,1.0,3.0,No volvería,,1,35,87.0,FB-11418
FB-11419,TRX-17925,4.0,2.0,,Sí,1,46,-47.3,FB-11419
FB-11420,TRX-13015,2.0,3.0,Lento,Maybe,1,25,-7.7,FB-11420
FB-11421,TRX-13849,2.0,5.0,,No,1,66,62.6,FB-11421
FB-11422,TRX-18957,2.0,5.0,Precio justo,Sí,0,83,92.8,FB-11422
FB-11423,TRX-14264,4.0,3.0,Dañado,Sí,0,64,-68.6,FB-11423
FB-11424,TRX-17194,1.0,4.0,Excelente,Maybe,1,56,-86.2,FB-11424
FB-11425,TRX-12018,3.0,2.0,No volvería,No,1,81,58.0,FB-11425
FB-11426,TRX-17083,1.0,5.0,Excelente,Sí,0,29,72.5,FB-11426
FB-11427,TRX-12396,5.0,1.0,,Sí,1,53,20.4,FB-11427
FB-11428,TRX-10354,1.0,2.0,,,0,31,-65.8,FB-11428
FB-11429,TRX-13027,2.0,3.0,Excelente,Maybe,1,68,-68.6,FB-11429
FB-11430,TRX-12321,1.0,5.0,No volvería,No,0,72,-7.9,FB-11430
FB-11431,TRX-13943,1.0,5.0,Excelente,Sí,1,45,-61.2,FB-11431
FB-11432,TRX-12797,5.0,3.0,Excelente,Maybe,0,60,-30.6,FB-11432
FB-11433,TRX-18380,3.0,1.0,Excelente,Maybe,0,37,58.9,FB-11433
FB-11434,TRX-18956,3.0,1.0,Dañado,Maybe,1,30,-78.8,FB-11434
FB-11435,TRX-13282,2.0,5.0,Lento,No,1,63,-39.3,FB-11435
FB-11436,TRX-17801,3.0,4.0,Dañado,Maybe,1,62,-20.7,FB-11436
FB-11437,TRX-17871,2.0,1.0,,Sí,0,47,-54.5,FB-11437
FB-11438,TRX-14751,4.0,1.0,,Sí,1,65,41.7,FB-11438
FB-11439,TRX-14742,5.0,4.0,Dañado,No,1,34,-6.2,FB-11439
FB-11440,TRX-11638,1.0,1.0,,Sí,1,61,89.3,FB-11440
FB-11441,TRX-19646,5.0,4.0,Lento,No,1,60,-32.0,FB-11441
FB-11442,TRX-18076,3.0,3.0,Lento,Sí,0,81,85.1,FB-11442
FB-11443,TRX-16018,1.0,2.0,,Maybe,0,18,13.7,FB-11443
FB-11444,TRX-14508,5.0,2.0,Excelente,Sí,1,66,7.7,FB-11444
FB-11445,TRX-16409,5.0,3.0,,Maybe,1,36,-53.0,FB-11445
FB-11446,TRX-16321,2.0,1.0,Dañado,No,1,29,89.6,FB-11446
FB-11447,TRX-11758,4.0,2.0,No volvería,,0,45,-36.3,FB-11447
FB-11448,TRX-17601,5.0,3.0,No volvería,Maybe,1,48,9.3,FB-11448
FB-11449,TRX-16830,1.0,2.0,Excelente,Maybe,1,77,87.9,FB-11449
FB-11450,TRX-16960,3.0,1.0,Dañado,,0,70,70.1,FB-11450
FB-11451,TRX-12427,4.0,4.0,Excelente,,0,70,-38.2,FB-11451
FB-11452,TRX-10458,4.0,3.0,Dañado,Sí,1,28,61.0,FB-11452
FB-11453,TRX-14643,1.0,2.0,Excelente,No,0,29,36.2,FB-11453
FB-11454,TRX-17488,4.0,1.0,,Sí,1,75,-93.3,FB-11454
FB-11455,TRX-11968,3.0,2.0,Lento,No,1,64,-1.4,FB-11455
FB-11456,TRX-19244,4.0,1.0,No volvería,,1,80,-15.5,FB-11456
FB-11457,TRX-16380,2.0,1.0,,Maybe,1,26,31.8,FB-11457
FB-11458,TRX-10180,4.0,1.0,Excelente,No,0,31,40.6,FB-11458
FB-11459,TRX-19511,5.0,1.0,Dañado,No,1,84,40.9,FB-11459
FB-11460,TRX-14960,4.0,3.0,,No,0,24,-8.0,FB-11460
FB-11461,TRX-10558,2.0,4.0,,,1,23,89.5,FB-11461
FB-11462,TRX-17282,2.0,3.0,,,1,52,-85.8,FB-11462
FB-11463,TRX-10698,4.0,2.0,No volvería,Sí,1,72,29.8,FB-11463
FB-11464,TRX-15811,3.0,3.0,Excelente,Maybe,1,45,-12.2,FB-11464
FB-11465,TRX-12282,4.0,3.0,Precio justo,Maybe,0,40,-53.5,FB-11465
FB-11466,TRX-17666,1.0,2.0,No volvería,Sí,0,27,-72.7,FB-11466
FB-11467,TRX-17509,2.0,4.0,,No,0,71,-7.5,FB-11467
FB-11468,TRX-14536,4.0,3.0,Precio justo,,1,79,-38.9,FB-11468
FB-11469,TRX-10149,3.0,1.0,Dañado,Maybe,1,32,-56.2,FB-11469
FB-11470,TRX-12593,3.0,3.0,Lento,Maybe,1,31,-92.7,FB-11470
FB-11471,TRX-15861,3.0,2.0,Lento,Maybe,1,28,-37.4,FB-11471
FB-11472,TRX-18202,5.0,4.0,,No,0,72,86.4,FB-11472
FB-11473,TRX-18244,5.0,3.0,Dañado,Sí,1,35,7.7,FB-11473
FB-11474,TRX-13453,5.0,3.0,Precio justo,Sí,0,43,-51.7,FB-11474
FB-11475,TRX-15715,1.0,2.0,,Maybe,0,64,95.1,FB-11475
FB-11476,TRX-18602,1.0,5.0,Lento,No,1,57,30.2,FB-11476
FB-11477,TRX-16399,4.0,5.0,,,1,60,1.4,FB-11477
FB-11478,TRX-18405,5.0,3.0,,Maybe,1,82,86.7,FB-11478
FB-11479,TRX-11028,5.0,1.0,Lento,Sí,1,20,56.2,FB-11479
FB-11480,TRX-12858,1.0,3.0,Precio justo,No,1,36,6.5,FB-11480
FB-11481,TRX-12480,3.0,5.0,,Sí,1,28,-98.6,FB-11481
FB-11482,TRX-15764,3.0,3.0,Excelente,Maybe,1,70,-17.2,FB-11482
FB-11483,TRX-19226,2.0,1.0,Lento,,0,31,59.9,FB-11483
FB-11484,TRX-15558,4.0,4.0,Lento,Sí,1,61,-43.0,FB-11484
FB-11485,TRX-17528,4.0,3.0,Excelente,No,0,68,-89.1,FB-11485
FB-11486,TRX-12294,5.0,2.0,Precio justo,,0,49,21.6,FB-11486
FB-11487,TRX-14560,1.0,1.0,,No,0,60,79.9,FB-11487
FB-11488,TRX-14963,4.0,3.0,Precio justo,No,1,50,97.8,FB-11488
FB-11489,TRX-16454,3.0,5.0,Excelente,Sí,1,23,-77.1,FB-11489
FB-11490,TRX-11117,1.0,3.0,Lento,No,1,47,92.4,FB-11490
FB-11491,TRX-17925,5.0,5.0,Excelente,Sí,0,47,-23.3,FB-11491
FB-11492,TRX-16168,5.0,2.0,Dañado,No,1,23,49.1,FB-11492
FB-11493,TRX-17729,4.0,4.0,,Sí,1,19,-59.2,FB-11493
FB-11494,TRX-19926,4.0,5.0,Excelente,Sí,0,19,34.5,FB-11494
FB-11495,TRX-12955,2.0,3.0,,,0,27,34.3,FB-11495
FB-11496,TRX-19437,4.0,2.0,,Sí,0,78,-43.6,FB-11496
FB-11497,TRX-18306,4.0,1.0,No volvería,No,1,18,-10.9,FB-11497
FB-11498,TRX-18608,3.0,3.0,,Sí,0,51,-17.1,FB-11498
FB-11499,TRX-14247,3.0,1.0,Precio justo,,0,53,31.0,FB-11499
FB-11500,TRX-12120,1.0,5.0,Lento,No,0,57,95.4,FB-11500
FB-11501,TRX-15309,4.0,2.0,Lento,,1,37,14.0,FB-11501
FB-11502,TRX-19647,4.0,4.0,Dañado,Maybe,1,73,8.9,FB-11502
FB-11503,TRX-19514,5.0,3.0,Lento,No,1,34,-32.4,FB-11503
FB-11504,TRX-15703,3.0,2.0,Dañado,Maybe,1,77,35.6,FB-11504
FB-11505,TRX-19576,5.0,2.0,Dañado,No,1,56,69.2,FB-11505
FB-11506,TRX-16615,4.0,4.0,Precio justo,Maybe,0,22,-80.3,FB-11506
FB-11507,TRX-11107,3.0,5.0,Dañado,Sí,0,82,-51.7,FB-11507
FB-11508,TRX-10736,4.0,4.0,Precio justo,Maybe,0,35,18.6,FB-11508
FB-11509,TRX-10483,2.0,4.0,,,1,79,-83.2,FB-11509
FB-11510,TRX-12607,5.0,4.0,,,0,31,-30.5,FB-11510
FB-11511,TRX-13796,3.0,1.0,,Maybe,0,24,-4.1,FB-11511
FB-11512,TRX-11581,3.0,3.0,Dañado,Sí,1,34,61.2,FB-11512
FB-11513,TRX-11740,4.0,4.0,,Maybe,1,30,5.3,FB-11513
FB-11514,TRX-18182,4.0,3.0,Excelente,No,0,41,-24.0,FB-11514
FB-11515,TRX-17805,1.0,4.0,,No,0,80,-70.5,FB-11515
FB-11516,TRX-15302,1.0,5.0,Precio justo,Maybe,0,29,-59.5,FB-11516
FB-11517,TRX-13793,5.0,5.0,No volvería,Maybe,0,35,3.6,FB-11517
FB-11518,TRX-13876,3.0,4.0,Excelente,No,0,40,60.9,FB-11518
FB-11519,TRX-11727,4.0,2.0,Dañado,No,0,39,-20.2,FB-11519
FB-11520,TRX-12850,5.0,3.0,No volvería,Maybe,0,42,-54.4,FB-11520
FB-11521,TRX-16292,3.0,5.0,Precio justo,Sí,1,61,-24.2,FB-11521
FB-11522,TRX-16882,4.0,1.0,No volvería,Sí,0,42,-88.9,FB-11522
FB-11523,TRX-11054,1.0,2.0,,No,0,38,6.2,FB-11523
FB-11524,TRX-11014,3.0,5.0,No volvería,,0,46,-85.1,FB-11524
FB-11525,TRX-14103,4.0,2.0,Dañado,Sí,0,77,70.0,FB-11525
FB-11526,TRX-11875,5.0,3.0,,Maybe,1,25,52.6,FB-11526
FB-11527,TRX-10613,5.0,2.0,Excelente,No,1,22,40.7,FB-11527
FB-11528,TRX-11194,2.0,1.0,,Sí,1,83,89.0,FB-11528
FB-11529,TRX-17234,3.0,2.0,No volvería,Sí,1,69,77.8,FB-11529
FB-11530,TRX-16132,5.0,5.0,,Sí,1,40,-99.5,FB-11530
FB-11531,TRX-19937,3.0,1.0,,,0,19,55.8,FB-11531
FB-11532,TRX-10482,5.0,3.0,,No,1,66,17.1,FB-11532
FB-11533,TRX-12851,3.0,5.0,Excelente,Maybe,1,57,-12.9,FB-11533
FB-11534,TRX-15261,3.0,3.0,,Maybe,1,78,-42.6,FB-11534
FB-11535,TRX-11763,3.0,4.0,No volvería,No,1,48,-60.8,FB-11535
FB-11536,TRX-17364,2.0,5.0,Precio justo,,0,24,76.5,FB-11536
FB-11537,TRX-16187,1.0,2.0,Dañado,Sí,0,42,-27.4,FB-11537
FB-11538,TRX-12182,3.0,3.0,No volvería,,0,75,-10.4,FB-11538
FB-11539,TRX-19400,1.0,2.0,Dañado,Maybe,1,78,42.6,FB-11539
FB-11540,TRX-19117,1.0,1.0,,Sí,0,31,57.2,FB-11540
FB-11541,TRX-13272,1.0,3.0,,Maybe,0,23,25.1,FB-11541
FB-11542,TRX-13206,5.0,3.0,Excelente,Maybe,0,40,-16.1,FB-11542
FB-11543,TRX-14136,4.0,1.0,No volvería,Maybe,1,53,-87.2,FB-11543
FB-11544,TRX-18046,1.0,1.0,Precio justo,,0,84,22.3,FB-11544
FB-11545,TRX-17168,3.0,1.0,Lento,Sí,1,62,69.3,FB-11545
FB-11546,TRX-14687,4.0,1.0,Excelente,Sí,0,61,-90.9,FB-11546
FB-11547,TRX-13694,5.0,4.0,,,1,26,-29.4,FB-11547
FB-11548,TRX-13296,2.0,3.0,Dañado,Sí,0,29,-50.5,FB-11548
FB-11549,TRX-12655,1.0,4.0,Excelente,Sí,0,82,8.1,FB-11549
FB-11550,TRX-17111,1.0,4.0,Precio justo,Sí,1,73,-97.8,FB-11550
FB-11551,TRX-18659,5.0,2.0,,,1,38,76.5,FB-11551
FB-11552,TRX-13150,3.0,3.0,Dañado,No,1,79,58.3,FB-11552
FB-11553,TRX-11409,3.0,3.0,Dañado,Maybe,1,38,-79.2,FB-11553
FB-11554,TRX-19537,4.0,3.0,,Maybe,1,19,78.5,FB-11554
FB-11555,TRX-10397,4.0,3.0,Dañado,,1,25,53.5,FB-11555
FB-11556,TRX-11576,3.0,1.0,Lento,No,1,29,91.3,FB-11556
FB-11557,TRX-13334,2.0,5.0,,Maybe,0,39,-48.3,FB-11557
FB-11558,TRX-10544,3.0,2.0,,No,0,66,71.0,FB-11558
FB-11559,TRX-12302,2.0,2.0,,No,0,26,-70.9,FB-11559
FB-11560,TRX-10085,5.0,1.0,Lento,,1,61,39.3,FB-11560
FB-11561,TRX-15891,2.0,4.0,Dañado,No,1,55,-85.6,FB-11561
FB-11562,TRX-16685,5.0,5.0,,Maybe,0,20,42.8,FB-11562
FB-11563,TRX-19310,1.0,2.0,Lento,No,1,19,-69.6,FB-11563
FB-11564,TRX-18955,3.0,4.0,Dañado,Maybe,0,20,47.0,FB-11564
FB-11565,TRX-11179,4.0,3.0,Precio justo,Sí,1,32,-12.1,FB-11565
FB-11566,TRX-15582,1.0,5.0,Dañado,,1,67,-73.1,FB-11566
FB-11567,TRX-13036,4.0,5.0,,Sí,0,43,14.3,FB-11567
FB-11568,TRX-18653,2.0,3.0,Lento,No,0,25,-95.1,FB-11568
FB-11569,TRX-18129,3.0,2.0,Precio justo,No,0,70,-52.6,FB-11569
FB-11570,TRX-13115,3.0,5.0,Precio justo,,1,22,-41.5,FB-11570
FB-11571,TRX-13399,3.0,1.0,Lento,Sí,1,63,98.4,FB-11571
FB-11572,TRX-19344,1.0,1.0,,Sí,1,56,58.9,FB-11572
FB-11573,TRX-17761,5.0,1.0,Dañado,Sí,1,49,-37.6,FB-11573
FB-11574,TRX-18205,2.0,5.0,Lento,,0,77,-27.0,FB-11574
FB-11575,TRX-15768,1.0,2.0,Excelente,No,1,34,-12.3,FB-11575
FB-11576,TRX-15840,1.0,4.0,Lento,Sí,0,40,57.8,FB-11576
FB-11577,TRX-19153,5.0,2.0,Precio justo,No,1,74,36.2,FB-11577
FB-11578,TRX-12258,4.0,4.0,Dañado,No,0,61,8.3,FB-11578
FB-11579,TRX-11100,4.0,5.0,No volvería,No,1,62,-10.6,FB-11579
FB-11580,TRX-17190,3.0,3.0,Dañado,,1,65,-49.1,FB-11580
FB-11581,TRX-17004,1.0,4.0,Precio justo,Maybe,1,32,-9.3,FB-11581
FB-11582,TRX-16162,5.0,4.0,,,0,55,55.3,FB-11582
FB-11583,TRX-11161,5.0,2.0,Dañado,No,0,25,-10.5,FB-11583
FB-11584,TRX-19324,4.0,5.0,Precio justo,,1,63,4.8,FB-11584
FB-11585,TRX-11280,5.0,2.0,No volvería,Sí,1,56,-32.3,FB-11585
FB-11586,TRX-12083,4.0,5.0,,Sí,0,68,-2.9,FB-11586
FB-11587,TRX-18474,4.0,4.0,,,0,51,52.0,FB-11587
FB-11588,TRX-14886,1.0,3.0,,No,1,53,84.4,FB-11588
FB-11589,TRX-11653,2.0,5.0,Lento,Maybe,0,37,-0.8,FB-11589
FB-11590,TRX-11932,3.0,4.0,,Maybe,0,30,-70.4,FB-11590
FB-11591,TRX-18170,2.0,3.0,Excelente,No,1,61,54.9,FB-11591
FB-11592,TRX-13777,5.0,2.0,,Maybe,0,62,51.8,FB-11592
FB-11593,TRX-10843,2.0,2.0,Dañado,No,0,64,35.2,FB-11593
FB-11594,TRX-19854,2.0,5.0,No volvería,,0,38,16.7,FB-11594
FB-11595,TRX-18856,4.0,5.0,Dañado,Sí,1,40,-35.9,FB-11595
FB-11596,TRX-15421,1.0,5.0,Excelente,,1,63,49.6,FB-11596
FB-11597,TRX-10369,5.0,2.0,Excelente,Maybe,1,20,96.8,FB-11597
FB-11598,TRX-13670,3.0,5.0,Excelente,No,0,57,-6.2,FB-11598
FB-11599,TRX-14749,4.0,4.0,No volvería,Maybe,0,81,-67.4,FB-11599
FB-11600,TRX-14118,3.0,1.0,,Maybe,0,50,-55.0,FB-11600
FB-11601,TRX-16396,3.0,1.0,Excelente,Maybe,0,67,-48.6,FB-11601
FB-11602,TRX-15863,1.0,5.0,Excelente,,0,37,27.2,FB-11602
FB-11603,TRX-11113,2.0,4.0,,,1,56,53.4,FB-11603
FB-11604,TRX-12586,2.0,4.0,Excelente,Sí,1,39,-30.1,FB-11604
FB-11605,TRX-14719,1.0,4.0,Excelente,,0,63,46.3,FB-11605
FB-11606,TRX-11225,5.0,3.0,,Sí,1,49,-82.4,FB-11606
FB-11607,TRX-18755,4.0,4.0,No volvería,Maybe,1,43,79.4,FB-11607
FB-11608,TRX-19426,2.0,2.0,Dañado,Sí,1,61,-86.5,FB-11608
FB-11609,TRX-13955,1.0,2.0,No volvería,Sí,0,25,60.5,FB-11609
FB-11610,TRX-18482,4.0,4.0,,,0,78,42.1,FB-11610
FB-11611,TRX-18192,4.0,1.0,No volvería,,0,28,29.1,FB-11611
FB-11612,TRX-15115,1.0,3.0,Excelente,Maybe,1,76,-87.8,FB-11612
FB-11613,TRX-16540,2.0,2.0,Lento,,1,33,3.9,FB-11613
FB-11614,TRX-10928,5.0,2.0,,,1,27,-75.5,FB-11614
FB-11615,TRX-18944,2.0,2.0,Dañado,,0,76,-12.1,FB-11615
FB-11616,TRX-11816,2.0,3.0,,Maybe,0,70,-66.1,FB-11616
FB-11617,TRX-19548,2.0,4.0,Dañado,,1,58,-69.1,FB-11617
FB-11618,TRX-17716,2.0,3.0,,Maybe,0,22,14.5,FB-11618
FB-11619,TRX-14309,3.0,4.0,Lento,No,1,20,-43.2,FB-11619
FB-11620,TRX-10491,1.0,5.0,,Sí,1,45,54.2,FB-11620
FB-11621,TRX-10528,5.0,2.0,Dañado,No,0,41,-49.4,FB-11621
FB-11622,TRX-15538,5.0,1.0,,No,0,55,-32.8,FB-11622
FB-11623,TRX-16904,3.0,3.0,Excelente,No,0,83,18.3,FB-11623
FB-11624,TRX-14274,5.0,3.0,Excelente,Sí,0,79,-98.3,FB-11624
FB-11625,TRX-13285,3.0,2.0,Excelente,,1,23,68.3,FB-11625
FB-11626,TRX-15481,3.0,2.0,Excelente,Maybe,0,36,-81.7,FB-11626
FB-11627,TRX-10973,5.0,1.0,Precio justo,,1,35,-94.6,FB-11627
FB-11628,TRX-12282,5.0,1.0,Excelente,Sí,1,79,54.6,FB-11628
FB-11629,TRX-13346,2.0,2.0,Precio justo,Maybe,0,55,59.9,FB-11629
FB-11630,TRX-18963,3.0,4.0,,No,0,56,27.4,FB-11630
FB-11631,TRX-15400,4.0,2.0,Dañado,No,0,37,66.3,FB-11631
FB-11632,TRX-11021,1.0,1.0,Dañado,No,0,73,83.5,FB-11632
FB-11633,TRX-13860,2.0,2.0,Precio justo,,1,72,-55.1,FB-11633
FB-11634,TRX-18086,3.0,1.0,Dañado,,1,19,-10.1,FB-11634
FB-11635,TRX-11194,2.0,5.0,No volvería,No,1,33,-19.0,FB-11635
FB-11636,TRX-19238,2.0,4.0,Lento,No,1,24,-66.3,FB-11636
FB-11637,TRX-19994,1.0,1.0,No volvería,Maybe,0,77,-46.9,FB-11637
FB-11638,TRX-10579,5.0,3.0,Precio justo,No,0,47,-18.2,FB-11638
FB-11639,TRX-15666,5.0,3.0,Lento,No,1,52,-79.7,FB-11639
FB-11640,TRX-11159,1.0,4.0,,Maybe,0,56,51.4,FB-11640
FB-11641,TRX-16819,2.0,4.0,Precio justo,Sí,0,60,21.8,FB-11641
FB-11642,TRX-19800,3.0,3.0,Excelente,,1,33,84.6,FB-11642
FB-11643,TRX-11320,5.0,5.0,Lento,No,1,33,-93.8,FB-11643
FB-11644,TRX-19034,4.0,5.0,Precio justo,Maybe,1,41,30.1,FB-11644
FB-11645,TRX-17844,3.0,1.0,Excelente,,0,31,57.0,FB-11645
FB-11646,TRX-12121,2.0,4.0,Dañado,No,0,33,2.1,FB-11646
FB-11647,TRX-14432,4.0,3.0,Precio justo,Maybe,0,49,93.2,FB-11647
FB-11648,TRX-10683,3.0,4.0,,Sí,1,69,-92.3,FB-11648
FB-11649,TRX-11704,1.0,3.0,Lento,,1,19,4.9,FB-11649
FB-11650,TRX-10583,4.0,3.0,Dañado,No,1,49,-37.4,FB-11650
FB-11651,TRX-18136,2.0,1.0,Precio justo,No,1,60,94.7,FB-11651
FB-11652,TRX-18316,4.0,4.0,Precio justo,Sí,1,35,91.4,FB-11652
FB-11653,TRX-13690,1.0,5.0,Dañado,,1,59,-80.6,FB-11653
FB-11654,TRX-15738,5.0,4.0,,,0,80,-21.4,FB-11654
FB-11655,TRX-17069,5.0,3.0,,Sí,1,26,-55.9,FB-11655
FB-11656,TRX-17824,5.0,5.0,,Sí,0,26,66.0,FB-11656
FB-11657,TRX-14971,1.0,3.0,,,1,34,82.4,FB-11657
FB-11658,TRX-13731,3.0,4.0,Excelente,Maybe,1,22,77.1,FB-11658
FB-11659,TRX-10351,1.0,3.0,Lento,No,1,31,-28.6,FB-11659
FB-11660,TRX-10906,4.0,2.0,,,1,41,-39.6,FB-11660
FB-11661,TRX-10431,3.0,5.0,Excelente,Maybe,1,48,35.3,FB-11661
FB-11662,TRX-13214,5.0,1.0,,Sí,0,80,86.2,FB-11662
FB-11663,TRX-18752,1.0,2.0,Lento,No,1,43,-87.7,FB-11663
FB-11664,TRX-19963,2.0,3.0,,Sí,0,34,-88.5,FB-11664
FB-11665,TRX-16215,5.0,4.0,Dañado,Sí,1,21,-19.3,FB-11665
FB-11666,TRX-10296,2.0,3.0,Excelente,Maybe,0,24,-16.3,FB-11666
FB-11667,TRX-19052,3.0,1.0,,Maybe,1,20,-1.4,FB-11667
FB-11668,TRX-17899,5.0,4.0,No volvería,,1,58,-0.1,FB-11668
FB-11669,TRX-10854,1.0,5.0,No volvería,,0,38,-7.2,FB-11669
FB-11670,TRX-16342,2.0,5.0,Precio justo,No,0,77,56.5,FB-11670
FB-11671,TRX-16180,1.0,3.0,Excelente,Maybe,0,61,53.0,FB-11671
FB-11672,TRX-12051,5.0,2.0,,No,1,55,50.1,FB-11672
FB-11673,TRX-17040,1.0,4.0,Precio justo,,0,40,-34.7,FB-11673
FB-11674,TRX-16993,5.0,2.0,,Sí,1,78,-96.3,FB-11674
FB-11675,TRX-19003,4.0,3.0,Excelente,No,0,38,64.5,FB-11675
FB-11676,TRX-12257,1.0,4.0,Lento,,1,20,85.4,FB-11676
FB-11677,TRX-11893,4.0,5.0,Lento,Sí,0,65,14.8,FB-11677
FB-11678,TRX-17175,2.0,5.0,Dañado,,0,28,-75.9,FB-11678
FB-11679,TRX-11933,1.0,3.0,,,0,30,-68.4,FB-11679
FB-11680,TRX-16024,1.0,4.0,No volvería,Maybe,0,26,71.4,FB-11680
FB-11681,TRX-15763,2.0,3.0,No volvería,Sí,0,68,32.6,FB-11681
FB-11682,TRX-13172,1.0,5.0,Dañado,Maybe,1,83,-50.8,FB-11682
FB-11683,TRX-15621,5.0,1.0,Dañado,,1,40,-62.7,FB-11683
FB-11684,TRX-17152,4.0,2.0,Dañado,,1,51,-41.6,FB-11684
FB-11685,TRX-10949,3.0,3.0,,No,0,84,-38.4,FB-11685
FB-11686,TRX-13902,5.0,1.0,Dañado,,1,43,63.5,FB-11686
FB-11687,TRX-13801,3.0,5.0,Excelente,No,1,78,79.4,FB-11687
FB-11688,TRX-11507,2.0,3.0,Dañado,No,0,82,-49.7,FB-11688
FB-11689,TRX-19643,2.0,5.0,Precio justo,Sí,0,29,-61.6,FB-11689
FB-11690,TRX-10164,1.0,5.0,,Maybe,0,22,10.6,FB-11690
FB-11691,TRX-13721,5.0,3.0,Dañado,No,1,77,13.5,FB-11691
FB-11692,TRX-16767,3.0,1.0,Excelente,,0,68,-54.6,FB-11692
FB-11693,TRX-18785,4.0,3.0,No volvería,,0,69,63.6,FB-11693
FB-11694,TRX-19306,5.0,5.0,No volvería,Sí,0,72,84.0,FB-11694
FB-11695,TRX-10750,2.0,4.0,No volvería,Sí,1,64,-83.7,FB-11695
FB-11696,TRX-10244,5.0,5.0,,Sí,0,45,51.9,FB-11696
FB-11697,TRX-14094,4.0,3.0,Excelente,No,0,60,0.3,FB-11697
FB-11698,TRX-10931,5.0,1.0,,Sí,1,74,-60.9,FB-11698
FB-11699,TRX-11255,1.0,5.0,Dañado,,0,52,-14.2,FB-11699
FB-11700,TRX-10928,4.0,1.0,Lento,Maybe,0,35,1.2,FB-11700
FB-11701,TRX-12076,3.0,1.0,No volvería,,1,66,17.2,FB-11701
FB-11702,TRX-17185,2.0,2.0,No volvería,Maybe,0,21,-93.2,FB-11702
FB-11703,TRX-12958,5.0,1.0,Lento,,1,45,39.3,FB-11703
FB-11704,TRX-14630,4.0,5.0,Dañado,No,1,81,1.7,FB-11704
FB-11705,TRX-10716,1.0,5.0,No volvería,Sí,1,24,28.0,FB-11705
FB-11706,TRX-15146,1.0,3.0,Dañado,,0,29,70.0,FB-11706
FB-11707,TRX-15728,3.0,3.0,Precio justo,,1,59,13.1,FB-11707
FB-11708,TRX-19869,2.0,1.0,Lento,,0,55,79.1,FB-11708
FB-11709,TRX-14001,1.0,4.0,Excelente,No,0,35,58.6,FB-11709
FB-11710,TRX-14790,2.0,5.0,,Sí,0,45,25.9,FB-11710
FB-11711,TRX-12125,4.0,1.0,Dañado,No,0,81,16.3,FB-11711
FB-11712,TRX-19930,5.0,3.0,Lento,,0,55,-13.6,FB-11712
FB-11713,TRX-16517,3.0,5.0,,No,0,76,75.9,FB-11713
FB-11714,TRX-17843,1.0,2.0,Lento,Maybe,1,49,-17.3,FB-11714
FB-11715,TRX-12005,5.0,3.0,Lento,Sí,0,67,-95.8,FB-11715
FB-11716,TRX-11258,1.0,2.0,,Maybe,1,20,-93.2,FB-11716
FB-11717,TRX-11251,3.0,5.0,Excelente,,1,72,85.1,FB-11717
FB-11718,TRX-14099,1.0,4.0,,Maybe,0,36,-76.2,FB-11718
FB-11719,TRX-18907,3.0,1.0,No volvería,,0,35,57.4,FB-11719
FB-11720,TRX-13372,5.0,1.0,,Sí,1,47,70.0,FB-11720
FB-11721,TRX-18108,4.0,4.0,Precio justo,No,1,69,10.3,FB-11721
FB-11722,TRX-15848,3.0,1.0,No volvería,Sí,0,46,68.0,FB-11722
FB-11723,TRX-13609,4.0,1.0,Dañado,Sí,0,34,-78.7,FB-11723
FB-11724,TRX-17266,2.0,2.0,Lento,Maybe,0,36,99.8,FB-11724
FB-11725,TRX-14959,5.0,1.0,No volvería,Maybe,1,73,19.4,FB-11725
FB-11726,TRX-16011,3.0,2.0,Excelente,,1,31,70.6,FB-11726
FB-11727,TRX-19034,5.0,1.0,Excelente,Sí,0,33,-45.4,FB-11727
FB-11728,TRX-14795,4.0,1.0,,,1,80,-37.7,FB-11728
FB-11729,TRX-14001,4.0,3.0,,Sí,1,35,-69.3,FB-11729
FB-11730,TRX-18631,5.0,4.0,Precio justo,No,1,57,43.3,FB-11730
FB-11731,TRX-14383,5.0,3.0,No volvería,Maybe,1,30,-95.3,FB-11731
FB-11732,TRX-15224,4.0,1.0,,Maybe,0,81,-78.4,FB-11732
FB-11733,TRX-18870,5.0,2.0,,,1,66,-65.4,FB-11733
FB-11734,TRX-18248,4.0,1.0,Excelente,Maybe,0,41,38.2,FB-11734
FB-11735,TRX-11710,2.0,5.0,,Sí,1,44,30.9,FB-11735
FB-11736,TRX-10884,4.0,5.0,,Sí,1,60,24.3,FB-11736
FB-11737,TRX-15679,1.0,5.0,Excelente,No,1,27,-17.5,FB-11737
FB-11738,TRX-16731,4.0,5.0,,Maybe,1,30,86.9,FB-11738
FB-11739,TRX-17966,2.0,1.0,Precio justo,Maybe,1,78,92.6,FB-11739
FB-11740,TRX-14583,4.0,5.0,Dañado,No,1,39,-26.1,FB-11740
FB-11741,TRX-11285,5.0,4.0,No volvería,No,0,71,5.2,FB-11741
FB-11742,TRX-13335,2.0,1.0,Dañado,,1,23,38.9,FB-11742
FB-11743,TRX-12246,3.0,3.0,Lento,,1,67,-46.4,FB-11743
FB-11744,TRX-18535,4.0,1.0,,No,1,38,52.6,FB-11744
FB-11745,TRX-13777,5.0,2.0,Dañado,Maybe,1,61,53.9,FB-11745
FB-11746,TRX-14996,3.0,4.0,Excelente,Maybe,0,24,0.2,FB-11746
FB-11747,TRX-19059,3.0,1.0,Excelente,Maybe,0,52,-16.9,FB-11747
FB-11748,TRX-13453,3.0,3.0,,Maybe,0,81,28.2,FB-11748
FB-11749,TRX-12011,1.0,2.0,Dañado,No,1,47,-96.7,FB-11749
FB-11750,TRX-16101,3.0,2.0,Dañado,No,1,75,71.2,FB-11750
FB-11751,TRX-12325,5.0,3.0,Lento,,0,75,72.9,FB-11751
FB-11752,TRX-10587,1.0,3.0,,No,0,38,1.0,FB-11752
FB-11753,TRX-13851,5.0,3.0,Lento,Maybe,1,58,-96.7,FB-11753
FB-11754,TRX-17213,5.0,3.0,No volvería,No,0,28,-25.7,FB-11754
FB-11755,TRX-17434,2.0,5.0,Excelente,,1,64,-9.0,FB-11755
FB-11756,TRX-11871,3.0,4.0,No volvería,Maybe,0,42,68.1,FB-11756
FB-11757,TRX-10348,4.0,3.0,No volvería,No,0,49,-93.1,FB-11757
FB-11758,TRX-18174,2.0,5.0,Dañado,No,0,44,1.6,FB-11758
FB-11759,TRX-10553,4.0,1.0,Excelente,Sí,0,63,-8.1,FB-11759
FB-11760,TRX-14428,3.0,2.0,No volvería,Maybe,0,29,-55.7,FB-11760
FB-11761,TRX-14554,5.0,1.0,Dañado,Maybe,1,30,-51.3,FB-11761
FB-11762,TRX-19637,2.0,1.0,Precio justo,,1,29,16.2,FB-11762
FB-11763,TRX-16294,1.0,5.0,,,1,66,93.7,FB-11763
FB-11764,TRX-14921,5.0,5.0,Lento,,0,52,58.6,FB-11764
FB-11765,TRX-11384,1.0,3.0,Dañado,,0,35,0.0,FB-11765
FB-11766,TRX-10978,5.0,3.0,Dañado,Sí,1,84,14.8,FB-11766
FB-11767,TRX-14572,5.0,5.0,No volvería,,0,60,14.8,FB-11767
FB-11768,TRX-19990,3.0,4.0,Dañado,Sí,1,65,40.3,FB-11768
FB-11769,TRX-16290,2.0,3.0,,,1,43,-32.5,FB-11769
FB-11770,TRX-18115,4.0,1.0,Dañado,Maybe,1,82,35.2,FB-11770
FB-11771,TRX-10308,3.0,3.0,,Sí,0,68,-49.1,FB-11771
FB-11772,TRX-16268,4.0,3.0,No volvería,Maybe,0,26,60.6,FB-11772
FB-11773,TRX-16302,5.0,4.0,Dañado,,0,49,88.1,FB-11773
FB-11774,TRX-17274,1.0,5.0,,,0,74,12.2,FB-11774
FB-11775,TRX-10727,4.0,4.0,Lento,Sí,0,79,-85.7,FB-11775
FB-11776,TRX-13677,1.0,3.0,Excelente,,0,48,42.4,FB-11776
FB-11777,TRX-13370,4.0,4.0,,,0,70,85.5,FB-11777
FB-11778,TRX-16214,1.0,3.0,No volvería,Maybe,0,73,88.8,FB-11778
FB-11779,TRX-13021,3.0,4.0,Precio justo,Sí,1,61,82.2,FB-11779
FB-11780,TRX-17062,4.0,2.0,Precio justo,,1,79,12.7,FB-11780
FB-11781,TRX-18724,3.0,2.0,,,0,77,83.6,FB-11781
FB-11782,TRX-10856,3.0,3.0,Excelente,,1,56,-46.4,FB-11782
FB-11783,TRX-14999,1.0,4.0,Lento,,1,24,-71.2,FB-11783
FB-11784,TRX-10512,4.0,3.0,Dañado,,1,69,-4.7,FB-11784
FB-11785,TRX-18872,4.0,4.0,,Maybe,0,62,-93.8,FB-11785
FB-11786,TRX-15698,2.0,5.0,Precio justo,No,0,22,-84.5,FB-11786
FB-11787,TRX-10425,1.0,4.0,Dañado,Sí,0,49,20.3,FB-11787
FB-11788,TRX-19973,4.0,4.0,Lento,No,1,58,40.8,FB-11788
FB-11789,TRX-15508,5.0,3.0,No volvería,Sí,0,31,-72.3,FB-11789
FB-11790,TRX-14301,2.0,4.0,Excelente,,1,25,-31.7,FB-11790
FB-11791,TRX-19682,4.0,3.0,,,0,58,61.6,FB-11791
FB-11792,TRX-13547,1.0,3.0,Lento,,0,27,-59.8,FB-11792
FB-11793,TRX-10448,5.0,1.0,Precio justo,Sí,1,25,78.1,FB-11793
FB-11794,TRX-15586,4.0,3.0,Precio justo,Maybe,0,69,12.3,FB-11794
FB-11795,TRX-17111,3.0,4.0,Excelente,Maybe,0,69,18.7,FB-11795
FB-11796,TRX-17004,3.0,2.0,No volvería,Maybe,1,54,-70.0,FB-11796
FB-11797,TRX-10935,5.0,5.0,Lento,Maybe,0,53,-87.7,FB-11797
FB-11798,TRX-11789,5.0,4.0,Precio justo,Sí,1,38,-27.5,FB-11798
FB-11799,TRX-19065,5.0,4.0,,,1,61,-81.0,FB-11799
FB-11800,TRX-16358,5.0,4.0,Precio justo,,0,50,-80.0,FB-11800
FB-11801,TRX-14709,1.0,1.0,No volvería,Maybe,1,64,89.8,FB-11801
FB-11802,TRX-18761,3.0,2.0,,Sí,0,83,-86.4,FB-11802
FB-11803,TRX-17594,4.0,4.0,Precio justo,,1,36,-12.1,FB-11803
FB-11804,TRX-16944,4.0,3.0,,Maybe,0,41,51.2,FB-11804
FB-11805,TRX-19381,3.0,2.0,Precio justo,Sí,1,68,-43.1,FB-11805
FB-11806,TRX-19311,4.0,2.0,Dañado,No,0,18,-0.4,FB-11806
FB-11807,TRX-18501,3.0,4.0,,,1,35,-28.0,FB-11807
FB-11808,TRX-14261,2.0,3.0,Excelente,Maybe,1,68,42.7,FB-11808
FB-11809,TRX-12663,3.0,2.0,,Maybe,0,56,22.0,FB-11809
FB-11810,TRX-16247,4.0,5.0,Dañado,Maybe,0,76,-38.2,FB-11810
FB-11811,TRX-17656,2.0,3.0,Precio justo,Maybe,0,28,26.3,FB-11811
FB-11812,TRX-13903,4.0,2.0,No volvería,Maybe,0,45,-99.4,FB-11812
FB-11813,TRX-12160,1.0,2.0,,No,1,28,34.2,FB-11813
FB-11814,TRX-10248,4.0,3.0,,Sí,0,70,56.3,FB-11814
FB-11815,TRX-14598,2.0,1.0,Excelente,Sí,1,51,-98.6,FB-11815
FB-11816,TRX-14495,3.0,3.0,Lento,Maybe,1,74,32.1,FB-11816
FB-11817,TRX-11401,4.0,5.0,Lento,,0,18,10.0,FB-11817
FB-11818,TRX-14094,3.0,1.0,No volvería,No,1,32,-43.4,FB-11818
FB-11819,TRX-18893,4.0,4.0,Lento,Maybe,0,41,-60.4,FB-11819
FB-11820,TRX-14846,5.0,1.0,,Maybe,1,57,91.5,FB-11820
FB-11821,TRX-15530,4.0,5.0,Dañado,Maybe,1,74,-3.7,FB-11821
FB-11822,TRX-19356,5.0,5.0,Precio justo,Maybe,1,83,-8.4,FB-11822
FB-11823,TRX-16465,4.0,5.0,Lento,Sí,1,83,69.3,FB-11823
FB-11824,TRX-10632,4.0,2.0,,,0,84,-23.5,FB-11824
FB-11825,TRX-14493,5.0,1.0,,,1,41,61.1,FB-11825
FB-11826,TRX-15926,1.0,5.0,,Maybe,0,68,13.5,FB-11826
FB-11827,TRX-14403,3.0,1.0,,Maybe,0,73,-57.8,FB-11827
FB-11828,TRX-14104,2.0,1.0,,Maybe,1,61,-29.8,FB-11828
FB-11829,TRX-19961,4.0,4.0,,Maybe,0,78,-95.4,FB-11829
FB-11830,TRX-10202,2.0,4.0,Dañado,No,1,43,-12.0,FB-11830
FB-11831,TRX-12036,1.0,4.0,Excelente,,1,82,87.3,FB-11831
FB-11832,TRX-15028,4.0,2.0,No volvería,No,1,18,26.4,FB-11832
FB-11833,TRX-19313,5.0,2.0,,Sí,1,20,15.6,FB-11833
FB-11834,TRX-15259,5.0,4.0,,No,0,47,73.9,FB-11834
FB-11835,TRX-14333,4.0,5.0,Excelente,No,0,50,-75.6,FB-11835
FB-11836,TRX-12929,5.0,3.0,Excelente,No,0,38,59.3,FB-11836
FB-11837,TRX-17271,1.0,2.0,Dañado,Sí,1,32,39.5,FB-11837
FB-11838,TRX-17581,3.0,3.0,,,0,80,5.9,FB-11838
FB-11839,TRX-10282,3.0,2.0,,No,1,77,-23.0,FB-11839
FB-11840,TRX-17207,1.0,1.0,,,0,64,-92.9,FB-11840
FB-11841,TRX-10145,5.0,5.0,Lento,,1,82,23.6,FB-11841
FB-11842,TRX-17642,3.0,2.0,Dañado,Sí,1,68,13.9,FB-11842
FB-11843,TRX-10606,5.0,1.0,Lento,,0,50,-43.1,FB-11843
FB-11844,TRX-15877,5.0,5.0,Precio justo,Sí,0,26,-45.1,FB-11844
FB-11845,TRX-17867,2.0,2.0,No volvería,No,0,48,-28.5,FB-11845
FB-11846,TRX-19119,3.0,5.0,Precio justo,,1,46,-13.3,FB-11846
FB-11847,TRX-13569,5.0,2.0,,Maybe,1,27,47.6,FB-11847
FB-11848,TRX-16694,2.0,4.0,,Maybe,1,26,2.5,FB-11848
FB-11849,TRX-10959,1.0,2.0,Lento,Maybe,1,62,-70.0,FB-11849
FB-11850,TRX-19495,3.0,2.0,,No,1,20,78.3,FB-11850
FB-11851,TRX-11303,1.0,1.0,Lento,,0,44,-4.2,FB-11851
FB-11852,TRX-14529,1.0,4.0,Excelente,,1,49,79.5,FB-11852
FB-11853,TRX-19999,4.0,3.0,Lento,,0,25,22.6,FB-11853
FB-11854,TRX-19034,3.0,5.0,Excelente,,0,35,13.8,FB-11854
FB-11855,TRX-15145,1.0,3.0,,Maybe,0,43,-33.2,FB-11855
FB-11856,TRX-11049,1.0,3.0,Excelente,No,0,77,94.3,FB-11856
FB-11857,TRX-17216,1.0,4.0,No volvería,No,1,21,96.7,FB-11857
FB-11858,TRX-12945,5.0,4.0,Lento,No,0,50,-27.4,FB-11858
FB-11859,TRX-14227,3.0,4.0,,,1,48,57.9,FB-11859
FB-11860,TRX-14524,3.0,1.0,Precio justo,,1,50,-46.0,FB-11860
FB-11861,TRX-14252,3.0,1.0,Dañado,Sí,1,32,22.8,FB-11861
FB-11862,TRX-18108,3.0,5.0,Excelente,,1,56,34.2,FB-11862
FB-11863,TRX-12084,3.0,4.0,,,0,48,96.9,FB-11863
FB-11864,TRX-13726,1.0,3.0,,No,0,49,-42.4,FB-11864
FB-11865,TRX-12858,2.0,5.0,Dañado,Sí,0,81,41.2,FB-11865
FB-11866,TRX-12406,4.0,1.0,Excelente,Sí,0,55,-50.9,FB-11866
FB-11867,TRX-10812,3.0,2.0,Precio justo,,1,59,-92.8,FB-11867
FB-11868,TRX-13812,5.0,2.0,Excelente,No,1,70,-43.0,FB-11868
FB-11869,TRX-11875,2.0,5.0,,,1,29,57.3,FB-11869
FB-11870,TRX-10630,5.0,1.0,No volvería,Sí,1,52,87.4,FB-11870
FB-11871,TRX-13018,1.0,5.0,,Sí,0,69,-94.8,FB-11871
FB-11872,TRX-18302,4.0,1.0,Excelente,No,0,79,-77.6,FB-11872
FB-11873,TRX-17214,1.0,4.0,,No,0,40,-26.0,FB-11873
FB-11874,TRX-19500,1.0,2.0,Lento,Maybe,0,18,-9.5,FB-11874
FB-11875,TRX-15199,3.0,3.0,No volvería,,1,76,85.6,FB-11875
FB-11876,TRX-10687,5.0,4.0,Excelente,,0,64,-95.8,FB-11876
FB-11877,TRX-19067,3.0,3.0,Excelente,,0,37,69.8,FB-11877
FB-11878,TRX-13734,1.0,5.0,Dañado,Sí,0,34,2.9,FB-11878
FB-11879,TRX-10996,4.0,2.0,Excelente,No,0,42,-57.1,FB-11879
FB-11880,TRX-14244,2.0,3.0,,,0,82,-60.8,FB-11880
FB-11881,TRX-14217,1.0,5.0,,No,1,39,-90.0,FB-11881
FB-11882,TRX-10264,1.0,1.0,No volvería,No,0,32,-50.8,FB-11882
FB-11883,TRX-15789,1.0,4.0,,,1,32,94.9,FB-11883
FB-11884,TRX-18854,5.0,1.0,Excelente,No,0,80,59.6,FB-11884
FB-11885,TRX-10732,2.0,4.0,Dañado,No,0,64,92.5,FB-11885
FB-11886,TRX-19839,4.0,2.0,Precio justo,Sí,0,51,-69.0,FB-11886
FB-11887,TRX-13845,1.0,3.0,Dañado,,0,33,9.8,FB-11887
FB-11888,TRX-15729,2.0,1.0,Dañado,,0,82,86.4,FB-11888
FB-11889,TRX-11788,1.0,1.0,Excelente,,1,68,32.0,FB-11889
FB-11890,TRX-11269,2.0,3.0,Precio justo,Sí,0,24,-96.0,FB-11890
FB-11891,TRX-18305,2.0,3.0,,No,1,25,-86.1,FB-11891
FB-11892,TRX-17271,5.0,5.0,,,0,18,-15.6,FB-11892
FB-11893,TRX-11854,5.0,4.0,No volvería,Maybe,0,49,-23.1,FB-11893
FB-11894,TRX-18372,2.0,5.0,,Maybe,1,62,77.9,FB-11894
FB-11895,TRX-11268,3.0,1.0,,Sí,0,25,56.1,FB-11895
FB-11896,TRX-13882,1.0,3.0,No volvería,,1,80,-73.6,FB-11896
FB-11897,TRX-13343,5.0,2.0,,No,1,64,-82.1,FB-11897
FB-11898,TRX-15337,2.0,1.0,Lento,Sí,1,54,73.4,FB-11898
FB-11899,TRX-19344,3.0,1.0,Dañado,No,1,80,-10.0,FB-11899
FB-11900,TRX-16084,3.0,4.0,Dañado,No,0,76,-66.1,FB-11900
FB-11901,TRX-16815,2.0,5.0,Lento,Maybe,0,19,79.7,FB-11901
FB-11902,TRX-11169,4.0,4.0,,,1,49,44.1,FB-11902
FB-11903,TRX-16987,2.0,1.0,Excelente,No,1,84,-67.2,FB-11903
FB-11904,TRX-14638,4.0,3.0,No volvería,No,0,39,21.3,FB-11904
FB-11905,TRX-12344,5.0,2.0,,No,0,18,-6.1,FB-11905
FB-11906,TRX-10404,5.0,4.0,No volvería,No,0,59,-48.7,FB-11906
FB-11907,TRX-15350,2.0,1.0,Lento,Sí,0,25,18.2,FB-11907
FB-11908,TRX-19944,5.0,5.0,Lento,No,1,34,-12.0,FB-11908
FB-11909,TRX-15902,2.0,4.0,,Maybe,1,65,12.3,FB-11909
FB-11910,TRX-15488,2.0,1.0,Lento,Sí,0,33,-41.4,FB-11910
FB-11911,TRX-16686,4.0,5.0,Precio justo,Maybe,1,37,45.0,FB-11911
FB-11912,TRX-16139,1.0,5.0,Dañado,No,1,47,-14.7,FB-11912
FB-11913,TRX-17711,2.0,2.0,No volvería,,0,50,62.6,FB-11913
FB-11914,TRX-14817,1.0,3.0,Excelente,Maybe,1,63,21.6,FB-11914
FB-11915,TRX-10510,3.0,2.0,,,0,53,-51.3,FB-11915
FB-11916,TRX-12626,5.0,5.0,Precio justo,Sí,0,57,-31.8,FB-11916
FB-11917,TRX-16034,3.0,4.0,Dañado,Maybe,1,44,-42.7,FB-11917
FB-11918,TRX-10730,3.0,3.0,,No,0,62,-28.1,FB-11918
FB-11919,TRX-14765,2.0,5.0,Precio justo,No,1,41,-65.7,FB-11919
FB-11920,TRX-12458,3.0,3.0,Dañado,,1,48,-4.9,FB-11920
FB-11921,TRX-19686,2.0,4.0,Lento,,0,36,-90.2,FB-11921
FB-11922,TRX-10418,5.0,1.0,,Maybe,0,73,-30.4,FB-11922
FB-11923,TRX-11740,5.0,1.0,Excelente,,1,82,-14.6,FB-11923
FB-11924,TRX-19978,3.0,5.0,Lento,No,1,19,52.8,FB-11924
FB-11925,TRX-13464,2.0,5.0,No volvería,,1,56,72.5,FB-11925
FB-11926,TRX-15129,4.0,2.0,No volvería,Sí,0,29,54.6,FB-11926
FB-11927,TRX-18368,4.0,5.0,No volvería,Sí,0,47,-83.6,FB-11927
FB-11928,TRX-18326,1.0,1.0,,Sí,1,57,32.4,FB-11928
FB-11929,TRX-19527,1.0,1.0,No volvería,,0,30,70.5,FB-11929
FB-11930,TRX-15636,1.0,2.0,Precio justo,Maybe,1,35,5.8,FB-11930
FB-11931,TRX-13520,3.0,4.0,Excelente,Maybe,0,29,87.1,FB-11931
FB-11932,TRX-16206,2.0,3.0,Excelente,,1,71,76.7,FB-11932
FB-11933,TRX-19546,1.0,1.0,,,1,71,75.6,FB-11933
FB-11934,TRX-10534,2.0,3.0,No volvería,Sí,1,61,92.8,FB-11934
FB-11935,TRX-12458,3.0,5.0,Dañado,,0,83,53.1,FB-11935
FB-11936,TRX-16243,2.0,5.0,Lento,Maybe,1,70,37.2,FB-11936
FB-11937,TRX-11285,2.0,4.0,No volvería,Sí,1,81,50.6,FB-11937
FB-11938,TRX-11266,3.0,3.0,Dañado,,1,77,-28.4,FB-11938
FB-11939,TRX-13679,4.0,1.0,,No,0,68,-98.3,FB-11939
FB-11940,TRX-19263,2.0,2.0,Excelente,Maybe,1,18,-91.2,FB-11940
FB-11941,TRX-18249,2.0,1.0,Lento,Sí,1,38,70.5,FB-11941
FB-11942,TRX-19411,5.0,3.0,Excelente,Sí,1,72,-18.0,FB-11942
FB-11943,TRX-18982,5.0,3.0,Excelente,Sí,1,20,-27.5,FB-11943
FB-11944,TRX-16849,1.0,1.0,Precio justo,Maybe,0,80,22.5,FB-11944
FB-11945,TRX-18830,1.0,1.0,Lento,No,0,80,-72.0,FB-11945
FB-11946,TRX-11986,3.0,4.0,Precio justo,,1,46,8.8,FB-11946
FB-11947,TRX-18646,3.0,5.0,,Maybe,1,34,67.1,FB-11947
FB-11948,TRX-10842,5.0,4.0,,Sí,0,75,-14.9,FB-11948
FB-11949,TRX-19946,5.0,1.0,No volvería,,0,21,3.6,FB-11949
FB-11950,TRX-17738,1.0,1.0,Lento,Maybe,0,79,-67.1,FB-11950
FB-11951,TRX-18592,5.0,2.0,Dañado,No,0,74,47.4,FB-11951
FB-11952,TRX-18525,2.0,5.0,Excelente,No,0,83,12.4,FB-11952
FB-11953,TRX-17225,2.0,2.0,Excelente,,0,22,10.4,FB-11953
FB-11954,TRX-15192,5.0,5.0,Precio justo,,1,35,-54.9,FB-11954
FB-11955,TRX-14410,3.0,5.0,,Maybe,0,60,83.5,FB-11955
FB-11956,TRX-13195,1.0,3.0,Precio justo,No,0,58,-31.1,FB-11956
FB-11957,TRX-19424,2.0,5.0,,Maybe,1,26,92.2,FB-11957
FB-11958,TRX-14801,3.0,1.0,Precio justo,Maybe,1,84,-31.7,FB-11958
FB-11959,TRX-13998,5.0,5.0,Lento,,1,38,80.1,FB-11959
FB-11960,TRX-15385,1.0,4.0,Excelente,No,1,56,11.7,FB-11960
FB-11961,TRX-13982,1.0,3.0,,Sí,1,63,-87.2,FB-11961
FB-11962,TRX-15930,3.0,2.0,,Maybe,0,82,90.9,FB-11962
FB-11963,TRX-13782,3.0,5.0,Dañado,Sí,0,33,-33.5,FB-11963
FB-11964,TRX-17468,3.0,2.0,,No,1,45,62.8,FB-11964
FB-11965,TRX-15157,5.0,1.0,,Sí,0,51,13.1,FB-11965
FB-11966,TRX-11890,5.0,2.0,,Maybe,0,40,-51.1,FB-11966
FB-11967,TRX-13949,3.0,5.0,Lento,No,1,33,-71.9,FB-11967
FB-11968,TRX-17291,5.0,2.0,,Maybe,0,58,-53.1,FB-11968
FB-11969,TRX-16716,1.0,1.0,Excelente,No,0,52,9.0,FB-11969
FB-11970,TRX-15929,4.0,5.0,No volvería,Maybe,1,84,1.6,FB-11970
FB-11971,TRX-11305,5.0,2.0,No volvería,Sí,1,80,-46.0,FB-11971
FB-11972,TRX-15766,1.0,2.0,,Maybe,1,37,-68.6,FB-11972
FB-11973,TRX-19182,4.0,1.0,Precio justo,Sí,1,83,-29.9,FB-11973
FB-11974,TRX-18284,4.0,4.0,,Maybe,0,23,-68.2,FB-11974
FB-11975,TRX-11252,3.0,4.0,,Maybe,1,26,1.2,FB-11975
FB-11976,TRX-15935,3.0,3.0,Precio justo,Maybe,1,67,-13.3,FB-11976
FB-11977,TRX-17932,1.0,1.0,Precio justo,Maybe,0,81,-10.2,FB-11977
FB-11978,TRX-19915,3.0,4.0,Excelente,,0,68,-47.8,FB-11978
FB-11979,TRX-13774,4.0,2.0,Precio justo,Maybe,1,54,-81.3,FB-11979
FB-11980,TRX-17355,1.0,1.0,Dañado,,0,62,17.3,FB-11980
FB-11981,TRX-16862,1.0,2.0,Dañado,No,1,48,94.8,FB-11981
FB-11982,TRX-13764,1.0,2.0,No volvería,Sí,1,53,33.8,FB-11982
FB-11983,TRX-19328,3.0,3.0,Lento,Sí,0,76,77.6,FB-11983
FB-11984,TRX-12052,3.0,3.0,,,1,33,-80.7,FB-11984
FB-11985,TRX-18808,3.0,5.0,Excelente,No,1,70,-87.8,FB-11985
FB-11986,TRX-14013,5.0,1.0,Lento,Maybe,0,48,53.2,FB-11986
FB-11987,TRX-16678,5.0,4.0,Precio justo,Sí,1,52,-9.1,FB-11987
FB-11988,TRX-19580,5.0,3.0,Excelente,,0,54,65.4,FB-11988
FB-11989,TRX-12263,1.0,1.0,Precio justo,No,1,79,-3.8,FB-11989
FB-11990,TRX-19921,3.0,3.0,Lento,No,0,56,-85.1,FB-11990
FB-11991,TRX-14264,5.0,4.0,No volvería,,1,73,-9.2,FB-11991
FB-11992,TRX-14700,1.0,3.0,Dañado,No,0,82,33.2,FB-11992
FB-11993,TRX-15596,4.0,5.0,Dañado,Sí,0,80,3.3,FB-11993
FB-11994,TRX-15142,5.0,1.0,Dañado,,1,46,-56.6,FB-11994
FB-11995,TRX-11932,1.0,1.0,Excelente,,1,25,84.8,FB-11995
FB-11996,TRX-11335,2.0,2.0,Precio justo,No,1,47,33.1,FB-11996
FB-11997,TRX-16692,5.0,5.0,Dañado,,0,58,5.3,FB-11997
FB-11998,TRX-16898,4.0,3.0,Precio justo,,1,32,-5.0,FB-11998
FB-11999,TRX-18274,1.0,2.0,Dañado,No,0,72,22.5,FB-11999
FB-10332-1,TRX-12431,5.0,3.0,Lento,,1,50,-7.1,FB-10332
FB-11397-1,TRX-19437,5.0,5.0,,Sí,0,26,-38.3,FB-11397
FB-11415-1,TRX-18096,2.0,2.0,No volvería,,0,37,-22.3,FB-11415
FB-9604-1,TRX-13245,1.0,4.0,Precio justo,No,0,53,-61.5,FB-9604
FB-8208-1,TRX-12947,1.0,1.0,Excelente,,0,66,52.3,FB-8208
FB-9367-1,TRX-17439,1.0,5.0,Dañado,Sí,0,30,61.2,FB-9367
FB-8032-1,TRX-10254,3.0,5.0,Lento,Maybe,1,35,46.9,FB-8032
FB-8420-1,TRX-12732,2.0,3.0,Dañado,Sí,0,74,-7.4,FB-8420
FB-10582-1,TRX-11979,1.0,4.0,No volvería,,0,25,-57.0,FB-10582
FB-11471-1,TRX-16858,2.0,4.0,,Sí,1,59,92.5,FB-11471
FB-10920-1,TRX-14315,3.0,5.0,,Maybe,1,25,54.2,FB-10920
FB-9768-1,TRX-19086,1.0,5.0,Dañado,No,0,77,55.2,FB-9768
FB-9702-1,TRX-17698,2.0,1.0,No volvería,No,0,75,24.9,FB-9702
FB-11475-1,TRX-11654,2.0,4.0,Precio justo,No,0,41,-43.6,FB-11475
FB-10030-1,TRX-12070,3.0,5.0,No volvería,Sí,1,61,-63.4,FB-10030
FB-11019-1,TRX-10558,2.0,1.0,Lento,Maybe,1,80,-77.6,FB-11019
FB-10370-1,TRX-17068,3.0,3.0,,Maybe,1,68,24.7,FB-10370
FB-10440-1,TRX-10392,5.0,4.0,Lento,No,1,25,-64.2,FB-10440
FB-10994-1,TRX-12735,2.0,2.0,Precio justo,No,1,57,-25.0,FB-10994
FB-10270-1,TRX-11196,3.0,2.0,Excelente,No,1,50,63.9,FB-10270
FB-9191-1,TRX-12168,4.0,5.0,,,0,38,-42.0,FB-9191
FB-8151-1,TRX-18436,1.0,5.0,Lento,,1,50,-46.9,FB-8151
FB-9996-1,TRX-18672,1.0,1.0,Precio justo,Maybe,1,72,43.5,FB-9996
FB-9637-1,TRX-16358,1.0,5.0,,No,0,82,4.1,FB-9637
FB-9991-1,TRX-16919,3.0,5.0,,Maybe,0,74,12.5,FB-9991
FB-10102-1,TRX-15805,3.0,1.0,,Sí,1,31,-74.2,FB-10102
FB-10420-1,TRX-12088,1.0,2.0,Precio justo,,0,42,-42.9,FB-10420
FB-10968-1,TRX-16591,3.0,1.0,Lento,No,1,56,-26.1,FB-10968
FB-10504-1,TRX-19124,2.0,4.0,Precio justo,Sí,1,40,94.0,FB-10504
FB-11830-1,TRX-13955,2.0,4.0,Precio justo,Maybe,0,60,-91.7,FB-11830
FB-10779-1,TRX-14806,2.0,5.0,Dañado,Sí,1,73,71.1,FB-10779
FB-11707-1,TRX-11950,5.0,5.0,Precio justo,,1,34,-75.0,FB-11707
FB-11345-1,TRX-15518,1.0,2.0,Lento,Sí,1,48,97.5,FB-11345
FB-11553-1,TRX-15515,4.0,2.0,Lento,No,1,69,-61.4,FB-11553
FB-9998-1,TRX-19690,1.0,3.0,Lento,No,0,45,-42.2,FB-9998
FB-8949-1,TRX-19973,2.0,4.0,Dañado,,0,24,65.9,FB-8949
FB-10925-1,TRX-11765,1.0,4.0,Lento,Maybe,1,35,-28.4,FB-10925
FB-8248-1,TRX-10741,5.0,3.0,,Maybe,1,23,29.7,FB-8248
FB-10163-1,TRX-11208,2.0,3.0,Precio justo,Maybe,0,83,16.8,FB-10163
FB-8077-1,TRX-15815,5.0,4.0,No volvería,Maybe,0,37,37.3,FB-8077
FB-9728-1,TRX-17354,5.0,5.0,,Sí,1,19,64.7,FB-9728
FB-10360-1,TRX-16699,5.0,4.0,Dañado,Maybe,1,42,-40.1,FB-10360
FB-9293-1,TRX-17368,2.0,3.0,No volvería,,1,23,74.8,FB-9293
FB-10266-1,TRX-17138,5.0,2.0,Excelente,Sí,0,60,95.0,FB-10266
FB-8260-1,TRX-14739,5.0,1.0,,Maybe,1,46,34.5,FB-8260
FB-9097-1,TRX-17816,4.0,2.0,No volvería,No,0,26,13.2,FB-9097
FB-11657-1,TRX-12205,1.0,2.0,Precio justo,Maybe,1,31,96.7,FB-11657
FB-10655-1,TRX-13005,4.0,3.0,Dañado,Sí,1,62,-81.7,FB-10655
FB-9708-1,TRX-19659,1.0,4.0,Lento,Sí,0,32,-23.1,FB-9708
FB-11641-1,TRX-18345,2.0,3.0,Lento,Sí,1,63,-52.8,FB-11641
FB-9938-1,TRX-11372,3.0,3.0,No volvería,,1,62,-83.7,FB-9938
FB-8478-1,TRX-12494,4.0,5.0,No volvería,Sí,1,81,72.9,FB-8478
FB-10026-1,TRX-10127,3.0,5.0,No volvería,,0,61,-31.4,FB-10026
FB-10550-1,TRX-19724,2.0,1.0,Precio justo,,0,26,-72.4,FB-10550
FB-11845-1,TRX-19716,2.0,5.0,Lento,,1,29,-23.4,FB-11845
FB-10646-1,TRX-16060,1.0,1.0,,Sí,1,18,-24.0,FB-10646
FB-9420-1,TRX-17430,1.0,2.0,Excelente,,0,61,-74.8,FB-9420
FB-9836-1,TRX-16215,5.0,2.0,Precio justo,Sí,1,57,6.4,FB-9836
FB-10857-1,TRX-15250,3.0,3.0,,Sí,1,21,-79.6,FB-10857
FB-9786-1,TRX-17185,2.0,2.0,Lento,Maybe,1,59,-59.5,FB-9786
FB-8085-1,TRX-12895,2.0,5.0,Lento,Maybe,1,50,44.6,FB-8085
FB-8660-1,TRX-18334,4.0,5.0,Lento,,1,19,-39.3,FB-8660
FB-9179-1,TRX-19635,1.0,5.0,Lento,Maybe,0,27,29.0,FB-9179
FB-10974-1,TRX-14576,4.0,4.0,Dañado,No,1,31,-57.9,FB-10974
FB-8787-1,TRX-11587,1.0,5.0,Lento,Sí,0,78,5.8,FB-8787
FB-9922-1,TRX-13805,1.0,3.0,No volvería,Maybe,1,44,-79.4,FB-9922
FB-9408-1,TRX-14871,4.0,3.0,Lento,No,1,71,-91.4,FB-9408
FB-9794-1,TRX-18082,4.0,2.0,,No,0,46,10.0,FB-9794
FB-8950-1,TRX-15588,4.0,1.0,Excelente,,1,25,55.7,FB-8950
FB-10079-1,TRX-10791,1.0,4.0,Dañado,Sí,1,83,40.7,FB-10079
FB-8899-1,TRX-19242,3.0,1.0,Excelente,No,0,67,54.6,FB-8899
FB-10407-1,TRX-18481,4.0,4.0,Excelente,Maybe,0,58,-3.1,FB-10407
FB-11723-1,TRX-18604,1.0,3.0,Excelente,Sí,0,27,39.3,FB-11723
FB-10805-1,TRX-19499,4.0,3.0,Precio justo,Maybe,1,42,-83.7,FB-10805
FB-9389-1,TRX-18326,3.0,4.0,Lento,Maybe,1,43,67.0,FB-9389
FB-11775-1,TRX-16990,3.0,2.0,,No,0,43,-32.2,FB-11775
FB-10466-1,TRX-14673,5.0,5.0,Lento,,0,29,74.8,FB-10466
FB-11495-1,TRX-15288,5.0,5.0,Excelente,Sí,0,75,15.6,FB-11495
FB-11450-1,TRX-16292,3.0,1.0,Lento,,0,43,-80.0,FB-11450
FB-10929-1,TRX-15219,4.0,3.0,Precio justo,No,1,30,-16.2,FB-10929
FB-10690-1,TRX-12923,5.0,5.0,,,0,48,60.9,FB-10690
FB-9918-1,TRX-12346,1.0,3.0,Lento,No,0,34,-51.5,FB-9918
FB-8537-1,TRX-10687,3.0,3.0,Lento,Maybe,1,32,-63.6,FB-8537
FB-11617-1,TRX-13451,4.0,3.0,Excelente,Maybe,0,39,-96.5,FB-11617
FB-9201-1,TRX-17053,1.0,5.0,Dañado,No,1,33,37.7,FB-9201
FB-10961-1,TRX-18505,3.0,5.0,,Maybe,0,50,-24.9,FB-10961
FB-10913-1,TRX-14558,3.0,5.0,Dañado,No,1,58,-65.0,FB-10913
FB-9598-1,TRX-19423,4.0,4.0,Lento,Sí,1,21,20.2,FB-9598
FB-11931-1,TRX-15150,4.0,5.0,,Maybe,1,80,-71.2,FB-11931
FB-9707-1,TRX-11629,2.0,3.0,Excelente,Maybe,0,59,44.9,FB-9707
FB-11412-1,TRX-15690,4.0,3.0,Dañado,No,0,58,16.6,FB-11412
FB-11855-1,TRX-14666,1.0,1.0,,No,1,24,-50.6,FB-11855
FB-10757-1,TRX-12713,5.0,2.0,,Maybe,1,41,74.9,FB-10757
FB-10672-1,TRX-11942,4.0,4.0,Dañado,Sí,0,61,11.8,FB-10672
FB-11008-1,TRX-14716,4.0,1.0,No volvería,Maybe,1,29,-74.2,FB-11008
FB-9475-1,TRX-14486,5.0,4.0,Dañado,No,0,72,43.8,FB-9475
FB-11260-1,TRX-17973,5.0,4.0,,Sí,0,21,-37.1,FB-11260
FB-9934-1,TRX-17191,3.0,3.0,Precio justo,Sí,1,20,55.0,FB-9934
FB-11275-1,TRX-13664,3.0,3.0,,Sí,1,43,-19.7,FB-11275
FB-11976-1,TRX-12774,5.0,3.0,,,1,76,-84.9,FB-11976
FB-11459-1,TRX-14726,5.0,3.0,No volvería,,1,26,26.0,FB-11459
FB-8663-1,TRX-14250,5.0,1.0,Excelente,No,0,63,-37.9,FB-8663
FB-10547-1,TRX-19931,1.0,2.0,,Maybe,1,30,88.4,FB-10547
FB-8848-1,TRX-11738,2.0,2.0,No volvería,Maybe,1,22,66.0,FB-8848
FB-9156-1,TRX-13795,1.0,1.0,Dañado,,1,70,-29.2,FB-9156
FB-10829-1,TRX-14565,2.0,2.0,No volvería,Sí,0,78,-94.8,FB-10829
FB-11068-1,TRX-12310,3.0,5.0,Excelente,,0,22,7.5,FB-11068
FB-8353-1,TRX-11572,5.0,5.0,Lento,Maybe,1,18,29.2,FB-8353
FB-10732-1,TRX-13388,1.0,5.0,,No,0,52,36.6,FB-10732
FB-9977-1,TRX-19046,5.0,3.0,Precio justo,Maybe,1,45,-30.1,FB-9977
FB-8528-1,TRX-18334,5.0,5.0,Lento,,0,68,-71.7,FB-8528
FB-8709-1,TRX-12766,5.0,4.0,Excelente,No,0,83,11.9,FB-8709
FB-8817-1,TRX-10448,1.0,4.0,Lento,Sí,1,40,-2.5,FB-8817
FB-8640-1,TRX-19804,5.0,1.0,Precio justo,Sí,1,50,98.8,FB-8640
FB-10481-1,TRX-10651,3.0,4.0,Excelente,No,0,82,14.9,FB-10481
FB-10015-1,TRX-18844,2.0,1.0,Lento,Sí,1,41,-63.7,FB-10015
FB-8413-1,TRX-18813,4.0,2.0,Precio justo,Maybe,0,26,-27.7,FB-8413
FB-11250-1,TRX-13197,3.0,4.0,No volvería,Maybe,1,80,6.3,FB-11250
FB-9703-1,TRX-10109,2.0,4.0,Lento,Maybe,1,52,67.5,FB-9703
FB-11862-1,TRX-18001,4.0,1.0,No volvería,No,0,78,-3.8,FB-11862
FB-10022-1,TRX-10422,5.0,4.0,Dañado,,1,33,60.1,FB-10022
FB-9243-1,TRX-16054,3.0,1.0,,Maybe,0,40,-68.9,FB-9243
FB-8961-1,TRX-13328,4.0,4.0,No volvería,Sí,0,79,-23.6,FB-8961
FB-8857-1,TRX-14617,4.0,3.0,No volvería,Maybe,0,61,3.8,FB-8857
FB-10280-1,TRX-19357,4.0,2.0,Dañado,Maybe,1,76,-95.3,FB-10280
FB-8192-1,TRX-16987,5.0,4.0,Excelente,No,1,80,51.9,FB-8192
FB-8074-1,TRX-17288,2.0,2.0,,Sí,0,28,66.4,FB-8074
FB-9469-1,TRX-18534,2.0,4.0,Dañado,Maybe,1,25,-35.2,FB-9469
FB-11608-1,TRX-12067,3.0,4.0,,Sí,1,66,91.6,FB-11608
FB-9068-1,TRX-17435,5.0,3.0,,No,0,25,46.1,FB-9068
FB-9462-1,TRX-14832,2.0,5.0,No volvería,,0,51,65.9,FB-9462
FB-10772-1,TRX-11795,3.0,5.0,Excelente,No,1,49,31.0,FB-10772
FB-8649-1,TRX-11965,2.0,2.0,Lento,Maybe,1,82,63.9,FB-8649
FB-8715-1,TRX-17281,1.0,2.0,Precio justo,Maybe,1,80,96.6,FB-8715
FB-11391-1,TRX-17082,5.0,3.0,Excelente,Sí,1,70,69.9,FB-11391
FB-11520-1,TRX-18081,1.0,1.0,,Maybe,1,84,-5.3,FB-11520
FB-11663-1,TRX-14309,2.0,2.0,No volvería,No,0,47,27.2,FB-11663
FB-10062-1,TRX-11423,2.0,5.0,Lento,No,0,76,15.9,FB-10062
FB-8130-1,TRX-12241,1.0,3.0,Excelente,No,0,42,1.7,FB-8130
FB-11304-1,TRX-14562,5.0,1.0,,No,1,50,54.0,FB-11304
FB-8260-2,TRX-11908,3.0,3.0,Precio justo,No,1,33,-12.3,FB-8260
FB-9383-1,TRX-15795,4.0,5.0,,Maybe,0,66,-38.1,FB-9383
FB-9763-1,TRX-11295,1.0,3.0,No volvería,Sí,1,20,-91.6,FB-9763
FB-8466-1,TRX-13644,5.0,4.0,Dañado,Maybe,0,46,-82.4,FB-8466
FB-10529-1,TRX-11218,5.0,5.0,,Maybe,1,31,-55.7,FB-10529
FB-8928-1,TRX-15359,4.0,1.0,Precio justo,Sí,1,78,-69.2,FB-8928
FB-8494-1,TRX-12567,3.0,3.0,Precio justo,,1,46,-94.3,FB-8494
FB-10301-1,TRX-18307,3.0,5.0,Precio justo,Maybe,1,38,39.2,FB-10301
FB-8917-1,TRX-15494,2.0,5.0,,Sí,1,23,52.1,FB-8917
FB-9992-1,TRX-14523,2.0,1.0,,No,0,41,-29.1,FB-9992
FB-9056-1,TRX-17429,1.0,5.0,,No,0,45,97.3,FB-9056
FB-9393-1,TRX-18402,3.0,1.0,,No,1,74,17.6,FB-9393
FB-11214-1,TRX-11213,1.0,5.0,Precio justo,No,1,74,-80.0,FB-11214
FB-9455-1,TRX-15157,2.0,3.0,Lento,No,1,39,-27.0,FB-9455
FB-11151-1,TRX-10628,1.0,1.0,,Sí,0,41,16.5,FB-11151
FB-8191-1,TRX-17100,4.0,1.0,,Maybe,1,35,91.1,FB-8191
FB-11154-1,TRX-11645,1.0,5.0,Excelente,Sí,0,45,36.5,FB-11154
FB-11595-1,TRX-18540,2.0,4.0,,,0,74,-98.2,FB-11595
FB-10281-1,TRX-15202,2.0,1.0,Precio justo,Sí,0,18,33.9,FB-10281
FB-9095-1,TRX-13119,4.0,4.0,Precio justo,Sí,1,43,31.0,FB-9095
FB-11671-1,TRX-19145,4.0,2.0,No volvería,Sí,1,50,72.4,FB-11671
FB-8619-1,TRX-10583,3.0,3.0,Dañado,Sí,1,72,-73.7,FB-8619
FB-11495-2,TRX-10130,4.0,4.0,No volvería,,0,35,61.4,FB-11495
FB-10826-1,TRX-14029,4.0,3.0,Excelente,No,1,27,75.1,FB-10826
FB-11578-1,TRX-12242,3.0,1.0,Lento,,1,31,60.4,FB-11578
FB-10111-1,TRX-19606,4.0,3.0,Dañado,Maybe,1,56,-17.9,FB-10111
FB-10475-1,TRX-16163,5.0,4.0,,No,1,53,38.2,FB-10475
FB-10742-1,TRX-13607,5.0,1.0,No volvería,Sí,0,68,63.5,FB-10742
FB-8426-1,TRX-13205,5.0,4.0,No volvería,Maybe,1,67,89.3,FB-8426
FB-10893-1,TRX-14346,4.0,1.0,,Sí,0,32,-33.2,FB-10893
FB-8206-1,TRX-17702,2.0,4.0,Lento,,0,76,-58.5,FB-8206
FB-11795-1,TRX-12481,2.0,1.0,,No,0,50,51.3,FB-11795
FB-11875-1,TRX-17938,3.0,4.0,Lento,,0,71,-80.5,FB-11875
FB-9793-1,TRX-13065,2.0,2.0,,No,0,68,12.6,FB-9793
FB-11272-1,TRX-18138,2.0,4.0,Dañado,Sí,1,20,72.1,FB-11272
FB-9872-1,TRX-14630,3.0,4.0,Precio justo,Maybe,1,51,-55.4,FB-9872
FB-11943-1,TRX-12159,5.0,2.0,,Sí,0,59,-22.4,FB-11943
FB-11447-1,TRX-13253,3.0,3.0,Lento,Maybe,1,26,64.8,FB-11447
FB-11095-1,TRX-11453,2.0,1.0,,,1,31,0.4,FB-11095
FB-8454-1,TRX-18459,2.0,4.0,,,0,22,-64.4,FB-8454
FB-11992-1,TRX-13509,3.0,3.0,No volvería,,1,50,-83.2,FB-11992
FB-8433-1,TRX-10052,4.0,5.0,,Sí,1,24,11.4,FB-8433
FB-11201-1,TRX-17115,2.0,3.0,,Maybe,1,57,-95.7,FB-11201
FB-10500-1,TRX-11102,2.0,5.0,No volvería,Sí,1,52,-32.0,FB-10500
FB-10497-1,TRX-18039,3.0,1.0,Precio justo,,1,25,22.4,FB-10497
FB-11203-1,TRX-19137,2.0,5.0,Precio justo,No,1,77,-98.9,FB-11203
FB-11515-1,TRX-13416,4.0,2.0,Lento,Sí,0,59,73.6,FB-11515
FB-11880-1,TRX-12918,4.0,2.0,Precio justo,Maybe,1,22,91.4,FB-11880
FB-8417-1,TRX-10635,3.0,3.0,,Maybe,0,77,-17.9,FB-8417
FB-11373-1,TRX-16851,1.0,2.0,No volvería,,1,22,-91.9,FB-11373
FB-10303-1,TRX-14310,5.0,2.0,Lento,,0,61,-44.0,FB-10303
FB-8171-1,TRX-16230,4.0,3.0,,No,0,82,32.6,FB-8171
FB-10077-1,TRX-19566,4.0,4.0,Dañado,Maybe,1,19,-91.5,FB-10077
FB-8431-1,TRX-13845,5.0,1.0,,Maybe,1,74,70.8,FB-8431
FB-8684-1,TRX-15713,3.0,5.0,Excelente,,1,67,60.7,FB-8684
FB-10580-1,TRX-17933,2.0,3.0,Lento,Maybe,1,69,-7.5,FB-10580
FB-8483-1,TRX-18691,3.0,2.0,,No,0,28,54.1,FB-8483
FB-11567-1,TRX-12950,1.0,5.0,Dañado,Sí,0,47,-66.0,FB-11567
FB-8841-1,TRX-14916,1.0,4.0,No volvería,No,1,63,91.3,FB-8841
FB-11731-1,TRX-13799,5.0,1.0,Lento,No,0,32,-0.4,FB-11731
FB-9481-1,TRX-14786,3.0,1.0,Lento,Sí,1,50,97.0,FB-9481
FB-8643-1,TRX-17947,1.0,2.0,Lento,Maybe,1,77,5.3,FB-8643
FB-10983-1,TRX-18031,1.0,4.0,Precio justo,Sí,0,29,41.9,FB-10983
FB-9196-1,TRX-16425,5.0,1.0,Precio justo,No,0,23,59.9,FB-9196
FB-10900-1,TRX-19795,5.0,5.0,No volvería,Sí,1,22,58.2,FB-10900
FB-9808-1,TRX-15851,5.0,5.0,Dañado,No,0,63,47.3,FB-9808
FB-11121-1,TRX-18903,5.0,2.0,Lento,Sí,1,55,-72.7,FB-11121
FB-10072-1,TRX-17880,5.0,4.0,Excelente,No,1,52,-18.2,FB-10072
FB-10041-1,TRX-14840,4.0,5.0,,,1,72,8.4,FB-10041
FB-11000-1,TRX-11581,2.0,1.0,,Maybe,1,81,41.7,FB-11000
FB-11565-1,TRX-13586,5.0,5.0,Excelente,Sí,1,23,-20.8,FB-11565
FB-8406-1,TRX-11841,2.0,1.0,,Sí,1,31,11.4,FB-8406
FB-8631-1,TRX-14706,1.0,4.0,,Sí,0,69,-15.2,FB-8631
FB-10650-1,TRX-16874,4.0,2.0,Excelente,,0,67,42.7,FB-10650
FB-9489-1,TRX-17326,5.0,2.0,,Maybe,1,34,-84.2,FB-9489
FB-9370-1,TRX-15331,4.0,2.0,Precio justo,Sí,0,26,42.8,FB-9370
FB-11355-1,TRX-14053,3.0,3.0,No volvería,Sí,0,57,67.7,FB-11355
FB-8564-1,TRX-16960,2.0,2.0,Lento,,1,53,-97.5,FB-8564
FB-8503-1,TRX-11897,5.0,2.0,No volvería,Sí,1,66,6.9,FB-8503
FB-11475-2,TRX-12886,2.0,1.0,Precio justo,,1,69,-49.9,FB-11475
FB-8826-1,TRX-17614,2.0,4.0,Lento,No,0,48,-13.5,FB-8826
FB-9798-1,TRX-15224,3.0,4.0,Lento,,0,74,49.1,FB-9798
FB-11971-1,TRX-11860,2.0,5.0,,No,1,64,55.1,FB-11971
FB-9702-2,TRX-15694,1.0,2.0,No volvería,,0,77,-19.7,FB-9702
FB-11150-1,TRX-16522,2.0,4.0,Excelente,Sí,1,39,-81.7,FB-11150
FB-11149-1,TRX-12098,3.0,4.0,Excelente,Maybe,1,47,21.9,FB-11149
FB-8026-1,TRX-17925,3.0,4.0,,No,1,49,-44.2,FB-8026
FB-9004-1,TRX-18014,5.0,4.0,Dañado,Maybe,0,55,-76.8,FB-9004
FB-11419-1,TRX-19847,1.0,1.0,Dañado,Maybe,1,19,-37.0,FB-11419
FB-11314-1,TRX-16750,2.0,2.0,No volvería,Maybe,0,81,16.1,FB-11314
FB-9940-1,TRX-13847,3.0,4.0,,,1,67,81.7,FB-9940
FB-9398-1,TRX-10474,3.0,1.0,,Sí,0,72,-56.9,FB-9398
FB-9174-1,TRX-14766,2.0,3.0,Lento,Maybe,0,45,52.8,FB-9174
FB-10068-1,TRX-14389,2.0,5.0,Precio justo,Maybe,1,20,72.5,FB-10068
FB-8701-1,TRX-18314,5.0,1.0,Precio justo,Maybe,1,76,-70.4,FB-8701
FB-8349-1,TRX-13524,5.0,5.0,Dañado,Sí,1,37,-98.9,FB-8349
FB-9089-1,TRX-16701,1.0,5.0,Dañado,No,0,79,89.1,FB-9089
FB-9525-1,TRX-10996,5.0,3.0,Precio justo,No,1,80,-80.3,FB-9525
FB-10929-2,TRX-19212,5.0,3.0,,Maybe,0,36,-67.7,FB-10929
FB-11091-1,TRX-15295,4.0,3.0,Excelente,No,1,23,-18.4,FB-11091
FB-9699-1,TRX-14286,2.0,1.0,No volvería,,1,62,-41.0,FB-9699
FB-9477-1,TRX-15203,5.0,3.0,Dañado,,1,79,96.3,FB-9477
FB-10578-1,TRX-16737,4.0,4.0,Dañado,Sí,0,31,65.1,FB-10578
FB-10723-1,TRX-16412,4.0,1.0,Precio justo,,1,82,29.8,FB-10723
FB-9005-1,TRX-17240,5.0,2.0,Excelente,Sí,0,71,-94.7,FB-9005
FB-8620-1,TRX-16966,3.0,3.0,Precio justo,Sí,1,77,-51.6,FB-8620
FB-11085-1,TRX-16531,5.0,1.0,,No,0,48,-61.4,FB-11085
FB-11086-1,TRX-14271,5.0,3.0,,Maybe,0,62,-47.8,FB-11086
FB-10169-1,TRX-10895,2.0,5.0,Dañado,Maybe,1,37,89.9,FB-10169
FB-9727-1,TRX-14396,3.0,4.0,,Maybe,0,65,-18.7,FB-9727
FB-11224-1,TRX-17954,1.0,5.0,Precio justo,No,1,39,74.8,FB-11224
FB-8934-1,TRX-13587,5.0,3.0,No volvería,Maybe,0,57,-5.4,FB-8934
FB-8565-1,TRX-15567,5.0,1.0,,No,1,67,32.7,FB-8565
FB-11284-1,TRX-10747,2.0,4.0,Dañado,No,1,67,88.3,FB-11284
FB-9756-1,TRX-15054,1.0,5.0,Dañado,,1,26,16.5,FB-9756
FB-9693-1,TRX-17334,4.0,4.0,Dañado,Maybe,1,69,-28.7,FB-9693
FB-11760-1,TRX-16714,3.0,4.0,Dañado,Sí,0,63,-5.4,FB-11760
FB-9676-1,TRX-13625,1.0,3.0,Dañado,Maybe,0,26,-6.3,FB-9676
FB-11678-1,TRX-19379,5.0,4.0,Lento,,1,50,60.0,FB-11678
FB-9879-1,TRX-12728,4.0,2.0,Lento,,0,74,-32.9,FB-9879
FB-11898-1,TRX-18782,2.0,2.0,Precio justo,,0,48,-91.4,FB-11898
FB-11491-1,TRX-13378,5.0,5.0,,Sí,0,56,34.6,FB-11491
FB-10114-1,TRX-11807,2.0,5.0,Lento,,1,70,71.0,FB-10114
FB-11254-1,TRX-15401,3.0,1.0,Dañado,,1,75,0.3,FB-11254
FB-10794-1,TRX-12117,2.0,3.0,Dañado,Sí,1,81,-72.0,FB-10794
FB-9481-2,TRX-19911,1.0,5.0,Dañado,Sí,1,44,-71.0,FB-9481
FB-11865-1,TRX-18843,1.0,1.0,Lento,No,1,26,78.4,FB-11865
FB-8121-1,TRX-10326,3.0,5.0,Lento,No,0,66,-85.4,FB-8121
FB-9812-1,TRX-10345,3.0,1.0,,Sí,0,81,0.6,FB-9812
FB-8596-1,TRX-16212,3.0,3.0,Excelente,Sí,0,80,-33.9,FB-8596
FB-11154-2,TRX-11478,1.0,3.0,Dañado,,1,39,-45.0,FB-11154
FB-8040-1,TRX-15460,5.0,5.0,,Sí,1,19,-65.6,FB-8040
FB-10939-1,TRX-15778,1.0,2.0,,Maybe,1,56,-40.1,FB-10939
FB-11302-1,TRX-19058,2.0,4.0,,Sí,1,74,43.1,FB-11302
FB-10119-1,TRX-11039,3.0,5.0,Excelente,No,1,40,19.5,FB-10119
FB-11865-2,TRX-10806,4.0,1.0,,,0,79,-83.5,FB-11865
FB-8285-1,TRX-18497,1.0,3.0,Excelente,Sí,0,30,50.8,FB-8285
FB-8347-1,TRX-13448,4.0,5.0,,,0,64,-29.1,FB-8347
FB-9385-1,TRX-15932,5.0,3.0,,,0,37,-56.6,FB-9385
FB-9289-1,TRX-18773,1.0,5.0,,,1,30,63.5,FB-9289
FB-9645-1,TRX-13251,5.0,3.0,Excelente,,1,72,27.2,FB-9645
FB-11163-1,TRX-12572,5.0,2.0,,Maybe,0,44,44.5,FB-11163
FB-8673-1,TRX-18776,1.0,1.0,Dañado,Maybe,0,48,-38.9,FB-8673
FB-9777-1,TRX-16480,1.0,5.0,Lento,Sí,1,39,49.8,FB-9777
FB-8251-1,TRX-13757,5.0,3.0,Dañado,Sí,0,49,-44.9,FB-8251
FB-9610-1,TRX-14754,3.0,5.0,Lento,Maybe,0,81,36.0,FB-9610
FB-11109-1,TRX-12644,1.0,1.0,,,1,39,-56.4,FB-11109
FB-8151-2,TRX-16125,5.0,5.0,,,0,79,26.8,FB-8151
FB-10704-1,TRX-15431,2.0,4.0,Dañado,,0,64,-8.7,FB-10704
FB-11778-1,TRX-16773,4.0,3.0,,Sí,1,18,-68.7,FB-11778
FB-10627-1,TRX-13532,2.0,1.0,No volvería,Maybe,0,60,18.8,FB-10627
FB-8618-1,TRX-19059,1.0,2.0,,Maybe,0,55,-97.7,FB-8618
FB-11696-1,TRX-14074,1.0,4.0,No volvería,No,1,58,38.0,FB-11696
FB-10353-1,TRX-10223,1.0,5.0,Dañado,Sí,1,31,89.0,FB-10353
FB-8236-1,TRX-10591,1.0,5.0,Dañado,,1,20,79.2,FB-8236
FB-10587-1,TRX-10328,2.0,4.0,,No,1,82,95.1,FB-10587
FB-10921-1,TRX-18627,3.0,2.0,Dañado,No,1,61,-12.4,FB-10921
FB-11272-2,TRX-11679,5.0,2.0,No volvería,,0,33,65.9,FB-11272
FB-10704-2,TRX-18216,5.0,5.0,,Sí,1,25,-71.7,FB-10704
FB-11587-1,TRX-16519,5.0,5.0,,,0,82,-96.6,FB-11587
FB-10129-1,TRX-17944,4.0,2.0,,No,0,79,-68.3,FB-10129
FB-11984-1,TRX-10692,1.0,2.0,,,0,19,-11.3,FB-11984
FB-9211-1,TRX-12571,2.0,2.0,Dañado,No,1,73,-67.5,FB-9211
FB-9717-1,TRX-14638,2.0,5.0,Precio justo,,1,34,-9.2,FB-9717
FB-9646-1,TRX-14939,2.0,3.0,Precio justo,No,0,78,-52.9,FB-9646
FB-11628-1,TRX-10397,3.0,4.0,Precio justo,,0,24,-56.8,FB-11628
FB-10788-1,TRX-13768,1.0,2.0,Dañado,Maybe,0,51,83.9,FB-10788
FB-10870-1,TRX-14051,5.0,5.0,,No,0,77,4.0,FB-10870
FB-10267-1,TRX-10553,5.0,1.0,Excelente,Maybe,1,39,34.9,FB-10267
FB-11578-2,TRX-14463,1.0,5.0,Excelente,Sí,0,39,-20.2,FB-11578
FB-9246-1,TRX-12025,5.0,3.0,,Maybe,0,38,-67.0,FB-9246
FB-10955-1,TRX-16190,5.0,3.0,Lento,Sí,0,30,42.8,FB-10955
FB-11042-1,TRX-16565,1.0,2.0,,,1,61,-11.3,FB-11042
FB-9284-1,TRX-12149,2.0,4.0,Precio justo,Sí,1,48,68.3,FB-9284
FB-11724-1,TRX-14423,4.0,5.0,No volvería,No,1,42,-83.7,FB-11724
FB-9409-1,TRX-11391,1.0,4.0,Precio justo,Sí,1,72,-23.3,FB-9409
FB-8032-2,TRX-11253,5.0,1.0,Precio justo,Maybe,1,46,-67.7,FB-8032
FB-11387-1,TRX-11210,5.0,4.0,Lento,Maybe,1,52,38.8,FB-11387
FB-9145-1,TRX-18265,4.0,4.0,,No,1,32,-32.5,FB-9145
FB-11687-1,TRX-16805,4.0,2.0,Precio justo,No,1,66,-16.7,FB-11687
FB-10161-1,TRX-10330,4.0,1.0,Excelente,No,1,65,-30.1,FB-10161
FB-10500-2,TRX-10241,1.0,3.0,No volvería,Sí,0,61,68.1,FB-10500
FB-11770-1,TRX-18875,2.0,4.0,Excelente,Sí,1,55,12.7,FB-11770
FB-8601-1,TRX-19910,4.0,1.0,Precio justo,Sí,1,29,41.7,FB-8601
FB-10868-1,TRX-12487,3.0,1.0,Dañado,Sí,0,77,48.2,FB-10868
FB-9654-1,TRX-11565,2.0,3.0,No volvería,No,0,55,41.5,FB-9654
FB-9827-1,TRX-19636,4.0,2.0,No volvería,Sí,1,81,88.9,FB-9827
FB-10637-1,TRX-16408,5.0,1.0,Lento,Maybe,0,32,30.5,FB-10637
FB-8840-1,TRX-13183,1.0,3.0,Lento,Maybe,1,53,29.8,FB-8840
FB-11635-1,TRX-19923,5.0,5.0,No volvería,No,1,60,61.9,FB-11635
FB-10229-1,TRX-15114,5.0,1.0,No volvería,No,1,36,-96.7,FB-10229
FB-10557-1,TRX-15303,1.0,5.0,,Maybe,1,55,-88.3,FB-10557
FB-11229-1,TRX-16965,2.0,5.0,Excelente,,1,43,-50.3,FB-11229
FB-10532-1,TRX-18394,5.0,1.0,Precio justo,,1,66,-63.7,FB-10532
FB-10670-1,TRX-10383,2.0,3.0,,Sí,0,78,-69.4,FB-10670
FB-9811-1,TRX-14950,1.0,5.0,No volvería,,1,83,10.5,FB-9811
FB-10856-1,TRX-14490,4.0,2.0,,Sí,0,29,-60.8,FB-10856
FB-9414-1,TRX-17518,5.0,4.0,Dañado,No,1,53,93.3,FB-9414
FB-11635-2,TRX-13320,5.0,5.0,Precio justo,No,0,84,-63.2,FB-11635
FB-11325-1,TRX-11633,1.0,5.0,No volvería,Maybe,1,48,-66.7,FB-11325
FB-11201-2,TRX-14329,1.0,4.0,,Maybe,0,58,14.6,FB-11201
FB-10657-1,TRX-19440,4.0,3.0,Lento,No,1,45,-63.8,FB-10657
FB-9656-1,TRX-17723,1.0,2.0,Lento,Sí,0,64,33.1,FB-9656
FB-11176-1,TRX-16169,3.0,2.0,Lento,Maybe,0,73,71.7,FB-11176
FB-8808-1,TRX-14771,3.0,5.0,Dañado,,0,46,-12.8,FB-8808
FB-11608-2,TRX-17037,1.0,1.0,Excelente,,1,32,-30.0,FB-11608
FB-9235-1,TRX-11524,4.0,1.0,Precio justo,Sí,0,31,37.9,FB-9235
FB-8345-1,TRX-13641,3.0,5.0,Excelente,Sí,1,33,61.1,FB-8345
FB-8151-3,TRX-16657,5.0,1.0,Excelente,No,0,45,-39.4,FB-8151
FB-10201-1,TRX-19191,4.0,2.0,Excelente,,0,53,62.3,FB-10201
FB-9370-2,TRX-14563,3.0,2.0,Lento,Sí,1,27,53.3,FB-9370
FB-9597-1,TRX-17919,1.0,4.0,,No,1,64,-3.4,FB-9597
FB-10970-1,TRX-14659,3.0,2.0,Precio justo,No,0,71,-8.4,FB-10970
FB-10944-1,TRX-18736,4.0,3.0,Lento,,1,26,-79.1,FB-10944
FB-11031-1,TRX-18300,5.0,2.0,,,1,31,-82.5,FB-11031
FB-11603-1,TRX-14007,1.0,5.0,Excelente,,0,81,49.6,FB-11603
FB-8516-1,TRX-16265,2.0,1.0,,Sí,1,74,17.0,FB-8516
FB-10131-1,TRX-10282,3.0,1.0,,Maybe,1,73,-2.2,FB-10131
FB-10215-1,TRX-18143,5.0,2.0,No volvería,Sí,0,68,-90.8,FB-10215
FB-9162-1,TRX-16449,4.0,2.0,,No,0,72,-88.8,FB-9162
FB-8875-1,TRX-16106,3.0,1.0,Dañado,Sí,1,56,84.2,FB-8875
FB-8380-1,TRX-18955,3.0,1.0,,Maybe,1,69,32.2,FB-8380
FB-10095-1,TRX-11774,1.0,2.0,,Sí,1,80,-22.8,FB-10095
FB-10260-1,TRX-17409,5.0,3.0,,,1,78,40.0,FB-10260
FB-9278-1,TRX-13671,3.0,3.0,,Sí,1,84,-48.4,FB-9278
FB-10135-1,TRX-19467,3.0,1.0,Dañado,,0,45,-18.1,FB-10135
FB-9395-1,TRX-10407,5.0,4.0,,,0,31,-7.6,FB-9395
FB-11100-1,TRX-16510,4.0,3.0,,No,1,54,-93.8,FB-11100
FB-10603-1,TRX-13802,1.0,5.0,Excelente,Sí,1,69,98.6,FB-10603
FB-8655-1,TRX-17325,3.0,1.0,Lento,Sí,1,39,-23.7,FB-8655
FB-8095-1,TRX-16059,5.0,3.0,Precio justo,Sí,0,18,93.4,FB-8095
FB-8114-1,TRX-17811,2.0,2.0,Lento,Maybe,0,71,29.6,FB-8114
FB-11646-1,TRX-19226,4.0,4.0,Precio justo,Sí,0,63,85.8,FB-11646
FB-11262-1,TRX-11785,1.0,2.0,No volvería,Sí,0,83,-89.1,FB-11262
FB-10211-1,TRX-15089,2.0,2.0,Precio justo,Sí,1,24,92.2,FB-10211
FB-10426-1,TRX-15446,4.0,4.0,Precio justo,Maybe,1,83,-18.6,FB-10426
FB-9059-1,TRX-12355,3.0,1.0,No volvería,Sí,0,18,-72.7,FB-9059
FB-8988-1,TRX-11370,1.0,2.0,Dañado,,0,20,34.2,FB-8988
FB-11408-1,TRX-11562,4.0,1.0,Precio justo,,1,18,52.5,FB-11408
FB-11170-1,TRX-19189,4.0,1.0,No volvería,Sí,0,52,29.9,FB-11170
FB-9244-1,TRX-12773,4.0,1.0,Precio justo,,1,33,8.0,FB-9244
FB-10975-1,TRX-13402,4.0,2.0,Lento,Sí,1,25,63.3,FB-10975
FB-9731-1,TRX-18025,2.0,1.0,No volvería,Maybe,1,38,37.2,FB-9731
FB-10069-1,TRX-19722,1.0,2.0,Excelente,No,0,22,23.7,FB-10069
FB-8452-1,TRX-14095,3.0,1.0,,,1,73,-36.6,FB-8452
FB-10998-1,TRX-11374,1.0,5.0,,No,0,48,75.5,FB-10998
FB-8245-1,TRX-12315,2.0,2.0,Precio justo,No,0,18,38.4,FB-8245
FB-11447-2,TRX-16605,1.0,5.0,Precio justo,Sí,1,30,79.9,FB-11447
FB-9527-1,TRX-17758,2.0,1.0,Lento,Maybe,0,49,21.2,FB-9527
FB-9063-1,TRX-18575,2.0,2.0,Lento,No,1,68,60.0,FB-9063
FB-10568-1,TRX-19283,2.0,4.0,Excelente,,0,24,76.9,FB-10568
FB-10078-1,TRX-13808,2.0,5.0,No volvería,Maybe,1,75,8.3,FB-10078
FB-9451-1,TRX-10965,4.0,3.0,,,1,49,43.0,FB-9451
FB-8507-1,TRX-18084,1.0,3.0,Excelente,,1,35,15.3,FB-8507
FB-8195-1,TRX-14129,5.0,4.0,,Maybe,0,63,44.1,FB-8195
FB-11098-1,TRX-16747,2.0,4.0,Excelente,,1,25,4.6,FB-11098
FB-10666-1,TRX-15102,2.0,3.0,Dañado,Sí,0,43,60.0,FB-10666
FB-11855-2,TRX-15535,1.0,2.0,,Sí,0,35,61.5,FB-11855
FB-8510-1,TRX-12467,4.0,1.0,Excelente,Maybe,0,63,-90.7,FB-8510
FB-9838-1,TRX-10598,3.0,2.0,Precio justo,,0,19,-59.3,FB-9838
FB-9220-1,TRX-15266,2.0,3.0,Excelente,No,1,50,-61.3,FB-9220
FB-10344-1,TRX-19262,4.0,5.0,,Maybe,1,64,-35.5,FB-10344
FB-11018-1,TRX-19809,4.0,5.0,,No,1,66,-4.7,FB-11018
FB-8021-1,TRX-16660,5.0,1.0,,Maybe,0,75,47.0,FB-8021
FB-9856-1,TRX-10091,2.0,1.0,Lento,No,0,25,-39.9,FB-9856
FB-9388-1,TRX-14393,4.0,3.0,Lento,No,0,39,30.2,FB-9388
FB-8967-1,TRX-13427,5.0,3.0,,Maybe,1,42,72.2,FB-8967
FB-11298-1,TRX-19214,4.0,1.0,Precio justo,Maybe,1,61,-10.5,FB-11298
FB-11054-1,TRX-18007,5.0,5.0,Dañado,Maybe,0,46,31.5,FB-11054
FB-10382-1,TRX-18938,5.0,4.0,Excelente,Maybe,0,24,69.5,FB-10382
FB-10316-1,TRX-18188,5.0,4.0,No volvería,,0,42,45.0,FB-10316
FB-10927-1,TRX-15128,4.0,4.0,Lento,Maybe,0,25,-79.3,FB-10927
FB-11663-2,TRX-13862,3.0,5.0,Precio justo,No,0,20,-69.7,FB-11663
FB-11840-1,TRX-15272,1.0,2.0,No volvería,No,0,48,-83.6,FB-11840
FB-10571-1,TRX-17559,5.0,2.0,,,0,49,-43.5,FB-10571
FB-10725-1,TRX-17913,2.0,5.0,Excelente,Maybe,0,24,-99.2,FB-10725
FB-10184-1,TRX-18428,1.0,2.0,Excelente,,1,31,21.9,FB-10184
FB-11459-2,TRX-19089,3.0,4.0,Excelente,,0,51,-94.7,FB-11459
FB-10439-1,TRX-11334,1.0,5.0,No volvería,,1,29,-10.2,FB-10439
FB-8957-1,TRX-11721,1.0,1.0,,,0,54,-1.3,FB-8957
FB-9434-1,TRX-16974,3.0,5.0,Excelente,,0,44,29.1,FB-9434
FB-9225-1,TRX-11269,2.0,3.0,Dañado,,1,51,-52.1,FB-9225
FB-9165-1,TRX-16155,5.0,4.0,,,1,59,73.6,FB-9165
FB-10731-1,TRX-12085,4.0,4.0,,No,1,81,0.8,FB-10731
FB-11214-2,TRX-10223,2.0,3.0,No volvería,No,0,65,38.0,FB-11214
FB-11338-1,TRX-12655,2.0,4.0,Lento,No,1,34,-30.8,FB-11338
FB-10928-1,TRX-18518,5.0,3.0,,No,1,38,-46.6,FB-10928
FB-10346-1,TRX-11990,2.0,3.0,Dañado,No,1,32,16.8,FB-10346
FB-10754-1,TRX-12722,2.0,4.0,,,0,43,79.0,FB-10754
FB-8573-1,TRX-13233,1.0,5.0,Precio justo,,1,50,43.4,FB-8573
FB-10925-2,TRX-17169,1.0,3.0,Excelente,No,0,29,39.8,FB-10925
FB-9546-1,TRX-11862,3.0,1.0,Precio justo,Maybe,1,39,-1.2,FB-9546
FB-10128-1,TRX-10639,3.0,3.0,Lento,No,0,62,-98.6,FB-10128
FB-11020-1,TRX-16949,3.0,1.0,Precio justo,,1,24,75.7,FB-11020
FB-9014-1,TRX-18113,4.0,5.0,,Maybe,0,80,-51.8,FB-9014
FB-8431-2,TRX-12797,5.0,3.0,Lento,Sí,0,45,-5.2,FB-8431
FB-9342-1,TRX-18594,4.0,3.0,Precio justo,No,0,57,-61.4,FB-9342
FB-10115-1,TRX-17982,4.0,3.0,Lento,Maybe,1,78,62.8,FB-10115
FB-10385-1,TRX-12291,3.0,1.0,No volvería,No,1,67,-93.3,FB-10385
FB-8788-1,TRX-18963,5.0,5.0,,Sí,0,27,31.3,FB-8788
FB-11370-1,TRX-16850,4.0,4.0,No volvería,Maybe,0,42,-90.3,FB-11370
FB-11188-1,TRX-16543,1.0,2.0,,Sí,1,29,83.6,FB-11188
FB-9479-1,TRX-10151,4.0,3.0,,Sí,1,18,-89.0,FB-9479
FB-9860-1,TRX-14861,1.0,3.0,Precio justo,Sí,1,55,78.0,FB-9860
FB-8401-1,TRX-11926,4.0,3.0,Dañado,No,0,54,-49.6,FB-8401
FB-8600-1,TRX-17134,5.0,4.0,Dañado,Maybe,1,76,30.6,FB-8600
FB-10914-1,TRX-14820,1.0,5.0,No volvería,,1,29,27.4,FB-10914
FB-9743-1,TRX-14441,1.0,1.0,Excelente,,1,54,70.3,FB-9743
FB-11393-1,TRX-18560,3.0,4.0,Excelente,No,0,29,-19.4,FB-11393
FB-9687-1,TRX-15281,1.0,5.0,Dañado,No,1,73,5.8,FB-9687
FB-8335-1,TRX-16088,4.0,2.0,,Sí,1,56,-22.9,FB-8335
FB-8377-1,TRX-19237,4.0,5.0,Precio justo,No,1,73,31.1,FB-8377
FB-8254-1,TRX-12718,3.0,5.0,Dañado,Maybe,0,73,-37.9,FB-8254
FB-9740-1,TRX-12318,2.0,1.0,,,1,49,28.0,FB-9740
FB-11639-1,TRX-14754,1.0,5.0,No volvería,Maybe,1,50,50.7,FB-11639
FB-8532-1,TRX-18572,1.0,5.0,Precio justo,Sí,1,41,-74.0,FB-8532
FB-9950-1,TRX-13349,1.0,3.0,No volvería,No,1,48,-24.1,FB-9950
FB-8879-1,TRX-16082,4.0,1.0,Dañado,No,1,79,-93.0,FB-8879
FB-9827-2,TRX-18509,5.0,5.0,Dañado,Sí,1,19,-81.8,FB-9827
FB-8319-1,TRX-19904,5.0,5.0,No volvería,,1,69,-90.4,FB-8319
FB-9512-1,TRX-14116,5.0,3.0,Precio justo,No,0,18,41.1,FB-9512
FB-10772-2,TRX-17735,3.0,1.0,Precio justo,Sí,0,69,96.0,FB-10772
FB-10155-1,TRX-17583,3.0,2.0,Lento,,0,21,22.3,FB-10155
FB-9649-1,TRX-13450,4.0,1.0,No volvería,,0,25,-32.1,FB-9649
FB-10409-1,TRX-15409,5.0,4.0,Dañado,No,1,64,54.5,FB-10409
FB-10289-1,TRX-12217,2.0,5.0,No volvería,Maybe,1,38,1.6,FB-10289
FB-10125-1,TRX-12690,1.0,4.0,No volvería,,0,29,-72.3,FB-10125
FB-11190-1,TRX-18591,5.0,4.0,Excelente,,0,51,79.3,FB-11190
FB-9617-1,TRX-17763,2.0,2.0,Lento,,1,81,-74.8,FB-9617
FB-11571-1,TRX-10160,1.0,5.0,Precio justo,Sí,0,45,95.3,FB-11571
FB-9080-1,TRX-15205,1.0,1.0,,,0,58,-27.6,FB-9080
FB-10393-1,TRX-16820,3.0,3.0,Excelente,Sí,0,64,45.4,FB-10393
FB-10043-1,TRX-12936,2.0,5.0,Lento,,0,32,91.9,FB-10043
FB-10606-1,TRX-12463,5.0,4.0,Excelente,No,1,38,18.7,FB-10606
FB-9734-1,TRX-17708,5.0,4.0,Lento,Maybe,0,65,95.2,FB-9734
FB-9802-1,TRX-11098,4.0,5.0,,Maybe,0,56,-64.1,FB-9802
FB-10822-1,TRX-10091,2.0,2.0,,,0,49,-88.6,FB-10822
FB-11813-1,TRX-15109,1.0,1.0,Lento,Sí,0,23,28.9,FB-11813
FB-11882-1,TRX-13074,3.0,3.0,,Sí,1,35,-79.1,FB-11882
FB-10005-1,TRX-13264,4.0,2.0,No volvería,Maybe,0,73,1.1,FB-10005
FB-10997-1,TRX-11537,3.0,1.0,Lento,No,0,26,55.4,FB-10997
FB-11986-1,TRX-18810,1.0,5.0,,Sí,1,30,65.1,FB-11986
FB-9707-2,TRX-17513,1.0,2.0,Dañado,No,1,44,12.7,FB-9707
FB-11374-1,TRX-15423,3.0,3.0,,,0,25,-7.0,FB-11374
FB-8667-1,TRX-11551,4.0,1.0,Dañado,No,0,70,-81.6,FB-8667
FB-8591-1,TRX-11001,1.0,5.0,Dañado,No,0,83,36.0,FB-8591
FB-10071-1,TRX-17679,5.0,1.0,Dañado,Maybe,0,21,49.1,FB-10071
FB-8520-1,TRX-19739,5.0,3.0,,No,1,31,-22.0,FB-8520
FB-9985-1,TRX-12563,5.0,5.0,Excelente,,1,42,7.6,FB-9985
FB-10912-1,TRX-11093,4.0,4.0,Precio justo,No,0,58,-49.3,FB-10912
FB-9874-1,TRX-15741,4.0,4.0,Precio justo,Sí,0,23,-22.4,FB-9874
FB-8529-1,TRX-19161,2.0,2.0,,Sí,1,22,18.9,FB-8529
FB-11965-1,TRX-13703,2.0,5.0,,Maybe,0,38,51.7,FB-11965
FB-10885-1,TRX-15651,5.0,5.0,Lento,,0,66,-88.0,FB-10885
FB-10102-2,TRX-10231,3.0,2.0,Precio justo,Sí,1,40,-1.2,FB-10102
FB-11535-1,TRX-13156,3.0,1.0,Excelente,Sí,1,54,-85.8,FB-11535
FB-10167-1,TRX-14498,5.0,2.0,,No,1,70,80.2,FB-10167
FB-8483-2,TRX-14656,2.0,5.0,Dañado,Maybe,1,66,28.2,FB-8483
FB-10844-1,TRX-16982,4.0,4.0,Dañado,Maybe,0,27,-4.0,FB-10844
FB-8870-1,TRX-19575,3.0,1.0,Dañado,Sí,1,37,-91.6,FB-8870
